split,stem,source_image,source_mask,output_image,output_mask_original,output_mask_binary,image_hash,mask_hash
train,cju0qkwl35piu0993l0dewei2,C:\LeDucLuong\HK VII\LuanCuNhan\DeepLearning\Test_Mau\archive\Kvasir-SEG\Kvasir-SEG\images\cju0qkwl35piu0993l0dewei2.jpg,C:\LeDucLuong\HK VII\LuanCuNhan\DeepLearning\Test_Mau\archive\Kvasir-SEG\Kvasir-SEG\masks\cju0qkwl35piu0993l0dewei2.jpg,train/images/cju0qkwl35piu0993l0dewei2.jpg,train/masks_original/cju0qkwl35piu0993l0dewei2.jpg,train/masks_binary/cju0qkwl35piu0993l0dewei2.png,e81a4775695c77b9af251de1fe9249c3fa30999005ad8a5f6b6da49de8368c01,4e941c5eeeff59a8d3755acdf7ca9cb219f2afbf8ae8ad7cbfcb2b44c7b4dc29
train,cju0qoxqj9q6s0835b43399p4,C:\LeDucLuong\HK VII\LuanCuNhan\DeepLearning\Test_Mau\archive\Kvasir-SEG\Kvasir-SEG\images\cju0qoxqj9q6s0835b43399p4.jpg,C:\LeDucLuong\HK VII\LuanCuNhan\DeepLearning\Test_Mau\archive\Kvasir-SEG\Kvasir-SEG\masks\cju0qoxqj9q6s0835b43399p4.jpg,train/images/cju0qoxqj9q6s0835b43399p4.jpg,train/masks_original/cju0qoxqj9q6s0835b43399p4.jpg,train/masks_binary/cju0qoxqj9q6s0835b43399p4.png,e7046f72d982bf65c853e1465f8f45d7f29bca4f2d0ceac286641dc27e4ac872,7d3ee6a37e09953651a2aae1b19295a305b5d1a033f7db3550a748e46c31334a
train,cju0qx73cjw570799j4n5cjze,C:\LeDucLuong\HK VII\LuanCuNhan\DeepLearning\Test_Mau\archive\Kvasir-SEG\Kvasir-SEG\images\cju0qx73cjw570799j4n5cjze.jpg,C:\LeDucLuong\HK VII\LuanCuNhan\DeepLearning\Test_Mau\archive\Kvasir-SEG\Kvasir-SEG\masks\cju0qx73cjw570799j4n5cjze.jpg,train/images/cju0qx73cjw570799j4n5cjze.jpg,train/masks_original/cju0qx73cjw570799j4n5cjze.jpg,train/masks_binary/cju0qx73cjw570799j4n5cjze.png,93cdd44ff97a1cb47e9459e1da1cf6896b92ce5f9ec327e07e87bbd211fa80db,4ef7e66e0cb3a5ed9fada05c79c63261a6708f40778e371f97e4a5ec0de4981f
train,cju0roawvklrq0799vmjorwfv,C:\LeDucLuong\HK VII\LuanCuNhan\DeepLearning\Test_Mau\archive\Kvasir-SEG\Kvasir-SEG\images\cju0roawvklrq0799vmjorwfv.jpg,C:\LeDucLuong\HK VII\LuanCuNhan\DeepLearning\Test_Mau\archive\Kvasir-SEG\Kvasir-SEG\masks\cju0roawvklrq0799vmjorwfv.jpg,train/images/cju0roawvklrq0799vmjorwfv.jpg,train/masks_original/cju0roawvklrq0799vmjorwfv.jpg,train/masks_binary/cju0roawvklrq0799vmjorwfv.png,29a422d7390c43f199643f431506cb9198eb434a3ad68f9f3e0cf87d1b7c17d5,09705527988c6491c941c8414651fb0f89728b81de5af0ca474f275bbf8cbb2e
train,cju0rx1idathl0835detmsp84,C:\LeDucLuong\HK VII\LuanCuNhan\DeepLearning\Test_Mau\archive\Kvasir-SEG\Kvasir-SEG\images\cju0rx1idathl0835detmsp84.jpg,C:\LeDucLuong\HK VII\LuanCuNhan\DeepLearning\Test_Mau\archive\Kvasir-SEG\Kvasir-SEG\masks\cju0rx1idathl0835detmsp84.jpg,train/images/cju0rx1idathl0835detmsp84.jpg,train/masks_original/cju0rx1idathl0835detmsp84.jpg,train/masks_binary/cju0rx1idathl0835detmsp84.png,9499e756081e1f45cc46dd355c08dbd0f6e521d78b39b000b1bd11d9ecb28b48,5822152953171123ebdafad7fda95d90fa1a83cda1ee66d7deeee0212f1d020d
train,cju0s2a9ekvms080138tjjpxr,C:\LeDucLuong\HK VII\LuanCuNhan\DeepLearning\Test_Mau\archive\Kvasir-SEG\Kvasir-SEG\images\cju0s2a9ekvms080138tjjpxr.jpg,C:\LeDucLuong\HK VII\LuanCuNhan\DeepLearning\Test_Mau\archive\Kvasir-SEG\Kvasir-SEG\masks\cju0s2a9ekvms080138tjjpxr.jpg,train/images/cju0s2a9ekvms080138tjjpxr.jpg,train/masks_original/cju0s2a9ekvms080138tjjpxr.jpg,train/masks_binary/cju0s2a9ekvms080138tjjpxr.png,76bc67131a7eac4b1ced73c61be8c5a32acc5c460d71b102bb1d5576de1021d0,2d5b1ea645ececebafdd57fd898a23d8e7e9004bc03d59d44e78c978ec59fad4
train,cju171py4qiha0835u8sl59ds,C:\LeDucLuong\HK VII\LuanCuNhan\DeepLearning\Test_Mau\archive\Kvasir-SEG\Kvasir-SEG\images\cju171py4qiha0835u8sl59ds.jpg,C:\LeDucLuong\HK VII\LuanCuNhan\DeepLearning\Test_Mau\archive\Kvasir-SEG\Kvasir-SEG\masks\cju171py4qiha0835u8sl59ds.jpg,train/images/cju171py4qiha0835u8sl59ds.jpg,train/masks_original/cju171py4qiha0835u8sl59ds.jpg,train/masks_binary/cju171py4qiha0835u8sl59ds.png,a2a8a170233a62fcafff9688aeb57e4b7e899a9480296dc092ff421a0e29dcd6,66959a28c9e45d7b61f4738383a5259ea2e1e8764cd26dffebb13436ed6bb6ab
train,cju175facms5f0993a5tjikvt,C:\LeDucLuong\HK VII\LuanCuNhan\DeepLearning\Test_Mau\archive\Kvasir-SEG\Kvasir-SEG\images\cju175facms5f0993a5tjikvt.jpg,C:\LeDucLuong\HK VII\LuanCuNhan\DeepLearning\Test_Mau\archive\Kvasir-SEG\Kvasir-SEG\masks\cju175facms5f0993a5tjikvt.jpg,train/images/cju175facms5f0993a5tjikvt.jpg,train/masks_original/cju175facms5f0993a5tjikvt.jpg,train/masks_binary/cju175facms5f0993a5tjikvt.png,90af7800dbc4336b1650531b423d9ff23453d440daabb185e39c812aca5fa996,fdd558129c3fb527ff9ad049de5b27fa0396a0920927d5bc7de9d1cf5ce03145
train,cju17bz250pgd0799u1hqkj5u,C:\LeDucLuong\HK VII\LuanCuNhan\DeepLearning\Test_Mau\archive\Kvasir-SEG\Kvasir-SEG\images\cju17bz250pgd0799u1hqkj5u.jpg,C:\LeDucLuong\HK VII\LuanCuNhan\DeepLearning\Test_Mau\archive\Kvasir-SEG\Kvasir-SEG\masks\cju17bz250pgd0799u1hqkj5u.jpg,train/images/cju17bz250pgd0799u1hqkj5u.jpg,train/masks_original/cju17bz250pgd0799u1hqkj5u.jpg,train/masks_binary/cju17bz250pgd0799u1hqkj5u.png,b94194538316aea604b83836f80f2dc5aad82ade8b0f87d47dbf6fc48f31a687,16177877db7fe158d8d45d9cf0e2b13a3ce1d17bacc979f09910434382cf1847
train,cju17g6ykn1cs0993dww6qdi8,C:\LeDucLuong\HK VII\LuanCuNhan\DeepLearning\Test_Mau\archive\Kvasir-SEG\Kvasir-SEG\images\cju17g6ykn1cs0993dww6qdi8.jpg,C:\LeDucLuong\HK VII\LuanCuNhan\DeepLearning\Test_Mau\archive\Kvasir-SEG\Kvasir-SEG\masks\cju17g6ykn1cs0993dww6qdi8.jpg,train/images/cju17g6ykn1cs0993dww6qdi8.jpg,train/masks_original/cju17g6ykn1cs0993dww6qdi8.jpg,train/masks_binary/cju17g6ykn1cs0993dww6qdi8.png,6a46a47a3b9a81ceb6c0ac4bafd88ff83d215144aff64ccf4c5ac634d9dd6b53,bfef2c3fc8fd6e42186244b478abdeeb43324ab44a24ea83713b2d3b3a166e46
train,cju17hw9hr9c5098800fu4u8e,C:\LeDucLuong\HK VII\LuanCuNhan\DeepLearning\Test_Mau\archive\Kvasir-SEG\Kvasir-SEG\images\cju17hw9hr9c5098800fu4u8e.jpg,C:\LeDucLuong\HK VII\LuanCuNhan\DeepLearning\Test_Mau\archive\Kvasir-SEG\Kvasir-SEG\masks\cju17hw9hr9c5098800fu4u8e.jpg,train/images/cju17hw9hr9c5098800fu4u8e.jpg,train/masks_original/cju17hw9hr9c5098800fu4u8e.jpg,train/masks_binary/cju17hw9hr9c5098800fu4u8e.png,9a5cef3bf3c3193bc841566609c902303b716293c0bf8a623104f8792f12cdac,62b1a5ca07f8959aa3dbbd656151c8ae97d1e89697cf13fb39f3348c46610e66
train,cju17otoe119u0799nqcbl8n1,C:\LeDucLuong\HK VII\LuanCuNhan\DeepLearning\Test_Mau\archive\Kvasir-SEG\Kvasir-SEG\images\cju17otoe119u0799nqcbl8n1.jpg,C:\LeDucLuong\HK VII\LuanCuNhan\DeepLearning\Test_Mau\archive\Kvasir-SEG\Kvasir-SEG\masks\cju17otoe119u0799nqcbl8n1.jpg,train/images/cju17otoe119u0799nqcbl8n1.jpg,train/masks_original/cju17otoe119u0799nqcbl8n1.jpg,train/masks_binary/cju17otoe119u0799nqcbl8n1.png,b590fe01a0f0c99ecb3d0ed00cd6823fb9d5a52c91f643060403a678c1c44374,321b7360e31651b23e1048ba8ebb7f34ea6af33d7d9f41828b61011a66220ff6
train,cju17r8il13910799dr2wme2e,C:\LeDucLuong\HK VII\LuanCuNhan\DeepLearning\Test_Mau\archive\Kvasir-SEG\Kvasir-SEG\images\cju17r8il13910799dr2wme2e.jpg,C:\LeDucLuong\HK VII\LuanCuNhan\DeepLearning\Test_Mau\archive\Kvasir-SEG\Kvasir-SEG\masks\cju17r8il13910799dr2wme2e.jpg,train/images/cju17r8il13910799dr2wme2e.jpg,train/masks_original/cju17r8il13910799dr2wme2e.jpg,train/masks_binary/cju17r8il13910799dr2wme2e.png,1a32ba0d802c3e4ffde60225376f98b6689a8159a464402ac83492555d0b53ef,d07b283e58a4d18602405ac474a6436164e22667de4041f5d362ac876d636eef
train,cju17v6ih0u7808783zcbg1jy,C:\LeDucLuong\HK VII\LuanCuNhan\DeepLearning\Test_Mau\archive\Kvasir-SEG\Kvasir-SEG\images\cju17v6ih0u7808783zcbg1jy.jpg,C:\LeDucLuong\HK VII\LuanCuNhan\DeepLearning\Test_Mau\archive\Kvasir-SEG\Kvasir-SEG\masks\cju17v6ih0u7808783zcbg1jy.jpg,train/images/cju17v6ih0u7808783zcbg1jy.jpg,train/masks_original/cju17v6ih0u7808783zcbg1jy.jpg,train/masks_binary/cju17v6ih0u7808783zcbg1jy.png,8dd80364b8e33d810ca91233813f5d3a9e01b6d6a2204deaa872909957e6c479,65ff21d9f5a005a0be105bf892ae3a81365fd55662057cc2e0dd6aa35405618a
train,cju17x0j4nfc10993y31pvlgs,C:\LeDucLuong\HK VII\LuanCuNhan\DeepLearning\Test_Mau\archive\Kvasir-SEG\Kvasir-SEG\images\cju17x0j4nfc10993y31pvlgs.jpg,C:\LeDucLuong\HK VII\LuanCuNhan\DeepLearning\Test_Mau\archive\Kvasir-SEG\Kvasir-SEG\masks\cju17x0j4nfc10993y31pvlgs.jpg,train/images/cju17x0j4nfc10993y31pvlgs.jpg,train/masks_original/cju17x0j4nfc10993y31pvlgs.jpg,train/masks_binary/cju17x0j4nfc10993y31pvlgs.png,999a47bfc96b1678a8b9bef17f9ee955c2c74b31d2f748023cc3d2984a235e9e,7d1ccfbbd770546d552194fab8a75085c0b9c79fd2a3ee11191ce28375e2b8bf
train,cju17z0qongpa0993de4boim4,C:\LeDucLuong\HK VII\LuanCuNhan\DeepLearning\Test_Mau\archive\Kvasir-SEG\Kvasir-SEG\images\cju17z0qongpa0993de4boim4.jpg,C:\LeDucLuong\HK VII\LuanCuNhan\DeepLearning\Test_Mau\archive\Kvasir-SEG\Kvasir-SEG\masks\cju17z0qongpa0993de4boim4.jpg,train/images/cju17z0qongpa0993de4boim4.jpg,train/masks_original/cju17z0qongpa0993de4boim4.jpg,train/masks_binary/cju17z0qongpa0993de4boim4.png,be8bbe3297c7b93f9d18255f54540efbdda140e26c22a00b240ecdb3aa95889e,e38d58b1b5f313712c85b5f5b6aeab989504befaaa647923361b5b2b163b78de
train,cju1819curo000988pd5xcqme,C:\LeDucLuong\HK VII\LuanCuNhan\DeepLearning\Test_Mau\archive\Kvasir-SEG\Kvasir-SEG\images\cju1819curo000988pd5xcqme.jpg,C:\LeDucLuong\HK VII\LuanCuNhan\DeepLearning\Test_Mau\archive\Kvasir-SEG\Kvasir-SEG\masks\cju1819curo000988pd5xcqme.jpg,train/images/cju1819curo000988pd5xcqme.jpg,train/masks_original/cju1819curo000988pd5xcqme.jpg,train/masks_binary/cju1819curo000988pd5xcqme.png,ce694796d3764d35e1940f9361582d66557daac2ce2cacc081d11873cb4d32fd,5fb8949fde2df4c7dc8f6551d6051bbafa1be18b0c9c913ceb47cac76233df8b
train,cju183od81ff608017ekzif89,C:\LeDucLuong\HK VII\LuanCuNhan\DeepLearning\Test_Mau\archive\Kvasir-SEG\Kvasir-SEG\images\cju183od81ff608017ekzif89.jpg,C:\LeDucLuong\HK VII\LuanCuNhan\DeepLearning\Test_Mau\archive\Kvasir-SEG\Kvasir-SEG\masks\cju183od81ff608017ekzif89.jpg,train/images/cju183od81ff608017ekzif89.jpg,train/masks_original/cju183od81ff608017ekzif89.jpg,train/masks_binary/cju183od81ff608017ekzif89.png,95fb108e58248f1ab9a1a5e04ab9c8815a16e4fa93d460559facdc7d31c7b190,d98bd2cfb1cbd80509597997fac17b723abdb081bde4d85fe9381c7c80921152
train,cju1871y11d6r0799k6cw4yze,C:\LeDucLuong\HK VII\LuanCuNhan\DeepLearning\Test_Mau\archive\Kvasir-SEG\Kvasir-SEG\images\cju1871y11d6r0799k6cw4yze.jpg,C:\LeDucLuong\HK VII\LuanCuNhan\DeepLearning\Test_Mau\archive\Kvasir-SEG\Kvasir-SEG\masks\cju1871y11d6r0799k6cw4yze.jpg,train/images/cju1871y11d6r0799k6cw4yze.jpg,train/masks_original/cju1871y11d6r0799k6cw4yze.jpg,train/masks_binary/cju1871y11d6r0799k6cw4yze.png,1d6e12477e21253c42d11fb4104b8e552b78afb2f15976404001c14f49e0bf24,39ccf08889488ca5dc437a8beb61cf8788521007d29644f84b0ba48367c8513b
train,cju18849rrsgr0988p90hkygb,C:\LeDucLuong\HK VII\LuanCuNhan\DeepLearning\Test_Mau\archive\Kvasir-SEG\Kvasir-SEG\images\cju18849rrsgr0988p90hkygb.jpg,C:\LeDucLuong\HK VII\LuanCuNhan\DeepLearning\Test_Mau\archive\Kvasir-SEG\Kvasir-SEG\masks\cju18849rrsgr0988p90hkygb.jpg,train/images/cju18849rrsgr0988p90hkygb.jpg,train/masks_original/cju18849rrsgr0988p90hkygb.jpg,train/masks_binary/cju18849rrsgr0988p90hkygb.png,3abb974e475eaae6923864fa4fe8c674d132e67a4efd234ae83d8effe0f5abf6,b25469ea72bb57b133ea85f7485d422ecaad73443d9dee447eff3348e1967382
train,cju18gzrq18zw0878wbf4ftw6,C:\LeDucLuong\HK VII\LuanCuNhan\DeepLearning\Test_Mau\archive\Kvasir-SEG\Kvasir-SEG\images\cju18gzrq18zw0878wbf4ftw6.jpg,C:\LeDucLuong\HK VII\LuanCuNhan\DeepLearning\Test_Mau\archive\Kvasir-SEG\Kvasir-SEG\masks\cju18gzrq18zw0878wbf4ftw6.jpg,train/images/cju18gzrq18zw0878wbf4ftw6.jpg,train/masks_original/cju18gzrq18zw0878wbf4ftw6.jpg,train/masks_binary/cju18gzrq18zw0878wbf4ftw6.png,979444c86b1453e4cfb8a2ec6b14eda59a9ec5863ec4e0cedbc5e7c40b7dfe21,768561136c32576afcb06206c466f0182db9c8e48829f726d107eaf988c9bdfa
train,cju18ibp219ub08783i6o98g7,C:\LeDucLuong\HK VII\LuanCuNhan\DeepLearning\Test_Mau\archive\Kvasir-SEG\Kvasir-SEG\images\cju18ibp219ub08783i6o98g7.jpg,C:\LeDucLuong\HK VII\LuanCuNhan\DeepLearning\Test_Mau\archive\Kvasir-SEG\Kvasir-SEG\masks\cju18ibp219ub08783i6o98g7.jpg,train/images/cju18ibp219ub08783i6o98g7.jpg,train/masks_original/cju18ibp219ub08783i6o98g7.jpg,train/masks_binary/cju18ibp219ub08783i6o98g7.png,706a99dc2f0244e566e1fb9c431789bafafc9fbb4284b5f514e5898afce0eb95,7fbc3aa6ee0c03a11a2268e8a30a4828bce598691caad31adfc734f44e70c4d0
train,cju18kevfrojc0835bn90f1in,C:\LeDucLuong\HK VII\LuanCuNhan\DeepLearning\Test_Mau\archive\Kvasir-SEG\Kvasir-SEG\images\cju18kevfrojc0835bn90f1in.jpg,C:\LeDucLuong\HK VII\LuanCuNhan\DeepLearning\Test_Mau\archive\Kvasir-SEG\Kvasir-SEG\masks\cju18kevfrojc0835bn90f1in.jpg,train/images/cju18kevfrojc0835bn90f1in.jpg,train/masks_original/cju18kevfrojc0835bn90f1in.jpg,train/masks_binary/cju18kevfrojc0835bn90f1in.png,53e35cc94371e688c5691869a3156d7c09c801d8b44a5ae527f10b1a149fb5f1,a9b9edc3d3bc3c238135f39ec53567ef8bccc1db0f660cd2a85ba3554bf14d03
train,cju1alwgo30z60855fm3y23sm,C:\LeDucLuong\HK VII\LuanCuNhan\DeepLearning\Test_Mau\archive\Kvasir-SEG\Kvasir-SEG\images\cju1alwgo30z60855fm3y23sm.jpg,C:\LeDucLuong\HK VII\LuanCuNhan\DeepLearning\Test_Mau\archive\Kvasir-SEG\Kvasir-SEG\masks\cju1alwgo30z60855fm3y23sm.jpg,train/images/cju1alwgo30z60855fm3y23sm.jpg,train/masks_original/cju1alwgo30z60855fm3y23sm.jpg,train/masks_binary/cju1alwgo30z60855fm3y23sm.png,67b88c424d41978b278521a5c95abca898c6e888edc79951c133f0b1290de7e9,237487d6eb191dbf434f9a0cf976fc5802f9681fad7131ccaa122f4a72ab0871
train,cju1amqw6p8pw0993d9gc5crl,C:\LeDucLuong\HK VII\LuanCuNhan\DeepLearning\Test_Mau\archive\Kvasir-SEG\Kvasir-SEG\images\cju1amqw6p8pw0993d9gc5crl.jpg,C:\LeDucLuong\HK VII\LuanCuNhan\DeepLearning\Test_Mau\archive\Kvasir-SEG\Kvasir-SEG\masks\cju1amqw6p8pw0993d9gc5crl.jpg,train/images/cju1amqw6p8pw0993d9gc5crl.jpg,train/masks_original/cju1amqw6p8pw0993d9gc5crl.jpg,train/masks_binary/cju1amqw6p8pw0993d9gc5crl.png,9a75ca5a25982cd4f32a2d961eac6263a901ae5b4009bf5b95a913f1be7e9364,e6622e3ae9ffdaee401344effe31f88ae6817080fbff56d5c69796a7d00d7742
train,cju1aqqv02qwz0878a5cyhr67,C:\LeDucLuong\HK VII\LuanCuNhan\DeepLearning\Test_Mau\archive\Kvasir-SEG\Kvasir-SEG\images\cju1aqqv02qwz0878a5cyhr67.jpg,C:\LeDucLuong\HK VII\LuanCuNhan\DeepLearning\Test_Mau\archive\Kvasir-SEG\Kvasir-SEG\masks\cju1aqqv02qwz0878a5cyhr67.jpg,train/images/cju1aqqv02qwz0878a5cyhr67.jpg,train/masks_original/cju1aqqv02qwz0878a5cyhr67.jpg,train/masks_binary/cju1aqqv02qwz0878a5cyhr67.png,40d413a9fc7acaa29616b055d310312a4522d236a80f9a9a0fffdee2156a9831,f2d27882e9ae717b07bfcee043d5d6ff08b5f25efc515eed68028521b1b5a603
train,cju1ats0y372e08011yazcsxm,C:\LeDucLuong\HK VII\LuanCuNhan\DeepLearning\Test_Mau\archive\Kvasir-SEG\Kvasir-SEG\images\cju1ats0y372e08011yazcsxm.jpg,C:\LeDucLuong\HK VII\LuanCuNhan\DeepLearning\Test_Mau\archive\Kvasir-SEG\Kvasir-SEG\masks\cju1ats0y372e08011yazcsxm.jpg,train/images/cju1ats0y372e08011yazcsxm.jpg,train/masks_original/cju1ats0y372e08011yazcsxm.jpg,train/masks_binary/cju1ats0y372e08011yazcsxm.png,ff90d9975b00da4a4b9ab47fc15565d69cbb75979f89437d4b810e157c756ae2,0574f854fa42065c9a315e6dbdc8592076ab713bdb21e2b98234bf80d38ac43f
train,cju1b0y2e396p08558ois175d,C:\LeDucLuong\HK VII\LuanCuNhan\DeepLearning\Test_Mau\archive\Kvasir-SEG\Kvasir-SEG\images\cju1b0y2e396p08558ois175d.jpg,C:\LeDucLuong\HK VII\LuanCuNhan\DeepLearning\Test_Mau\archive\Kvasir-SEG\Kvasir-SEG\masks\cju1b0y2e396p08558ois175d.jpg,train/images/cju1b0y2e396p08558ois175d.jpg,train/masks_original/cju1b0y2e396p08558ois175d.jpg,train/masks_binary/cju1b0y2e396p08558ois175d.png,866f152a26647cb80060798850db9c1903fee46863d0b543738ce01277c94f2e,a369329fda9567fd68634cd472b6ccac9d0ffb373dea74efc917616366d0732b
train,cju1b3zgj3d8e0801kpolea6c,C:\LeDucLuong\HK VII\LuanCuNhan\DeepLearning\Test_Mau\archive\Kvasir-SEG\Kvasir-SEG\images\cju1b3zgj3d8e0801kpolea6c.jpg,C:\LeDucLuong\HK VII\LuanCuNhan\DeepLearning\Test_Mau\archive\Kvasir-SEG\Kvasir-SEG\masks\cju1b3zgj3d8e0801kpolea6c.jpg,train/images/cju1b3zgj3d8e0801kpolea6c.jpg,train/masks_original/cju1b3zgj3d8e0801kpolea6c.jpg,train/masks_binary/cju1b3zgj3d8e0801kpolea6c.png,3605d41431faee7a4b00117a362e68b2db27dcbd5190320da382784301f346ea,b20d4bf972944fc43e20ed78651943ade8e56a207a09b99083caf234661b94e1
train,cju1b75x63ddl0799sdp0i2j3,C:\LeDucLuong\HK VII\LuanCuNhan\DeepLearning\Test_Mau\archive\Kvasir-SEG\Kvasir-SEG\images\cju1b75x63ddl0799sdp0i2j3.jpg,C:\LeDucLuong\HK VII\LuanCuNhan\DeepLearning\Test_Mau\archive\Kvasir-SEG\Kvasir-SEG\masks\cju1b75x63ddl0799sdp0i2j3.jpg,train/images/cju1b75x63ddl0799sdp0i2j3.jpg,train/masks_original/cju1b75x63ddl0799sdp0i2j3.jpg,train/masks_binary/cju1b75x63ddl0799sdp0i2j3.png,2d4c60bac993ba39208b4bcb874a7267998f1502d4bb53bfc1c6847635732a27,cb9e1b4cd1c71d3b2393e12fe4b0b5a154ad0d3b209cf0fba4dcb8b372e33d2f
train,cju1bhnfitmge0835ynls0l6b,C:\LeDucLuong\HK VII\LuanCuNhan\DeepLearning\Test_Mau\archive\Kvasir-SEG\Kvasir-SEG\images\cju1bhnfitmge0835ynls0l6b.jpg,C:\LeDucLuong\HK VII\LuanCuNhan\DeepLearning\Test_Mau\archive\Kvasir-SEG\Kvasir-SEG\masks\cju1bhnfitmge0835ynls0l6b.jpg,train/images/cju1bhnfitmge0835ynls0l6b.jpg,train/masks_original/cju1bhnfitmge0835ynls0l6b.jpg,train/masks_binary/cju1bhnfitmge0835ynls0l6b.png,281830860fb8b6ca5a30fcb55047cd7ceb0ed0eaa1c1867bc776556bb178fced,09e5379360cccdd29960b04daf8ef8b3fcb4c7b7b5a58d0c832a29a235430013
train,cju1bm8063nmh07996rsjjemq,C:\LeDucLuong\HK VII\LuanCuNhan\DeepLearning\Test_Mau\archive\Kvasir-SEG\Kvasir-SEG\images\cju1bm8063nmh07996rsjjemq.jpg,C:\LeDucLuong\HK VII\LuanCuNhan\DeepLearning\Test_Mau\archive\Kvasir-SEG\Kvasir-SEG\masks\cju1bm8063nmh07996rsjjemq.jpg,train/images/cju1bm8063nmh07996rsjjemq.jpg,train/masks_original/cju1bm8063nmh07996rsjjemq.jpg,train/masks_binary/cju1bm8063nmh07996rsjjemq.png,cb90919b1c36cd79325c84e28c85420cf9ff4bc2dde8431a24007ade792acce7,1428fa55960eefffa465bebf33dafc70aeccbc699bd39ae450599b715bcb8791
train,cju1brhsj3rls0855a1vgdlen,C:\LeDucLuong\HK VII\LuanCuNhan\DeepLearning\Test_Mau\archive\Kvasir-SEG\Kvasir-SEG\images\cju1brhsj3rls0855a1vgdlen.jpg,C:\LeDucLuong\HK VII\LuanCuNhan\DeepLearning\Test_Mau\archive\Kvasir-SEG\Kvasir-SEG\masks\cju1brhsj3rls0855a1vgdlen.jpg,train/images/cju1brhsj3rls0855a1vgdlen.jpg,train/masks_original/cju1brhsj3rls0855a1vgdlen.jpg,train/masks_binary/cju1brhsj3rls0855a1vgdlen.png,a8db32c8fb3d69ade942312acba52687e0a57ef3a4938d629c7617f45bf7d7c0,55226d062fe8bcc96e34cf5cd81bcde957f980518f6622ce4065e0ece6d08aae
train,cju1c0qb4tzi308355wtsnp0y,C:\LeDucLuong\HK VII\LuanCuNhan\DeepLearning\Test_Mau\archive\Kvasir-SEG\Kvasir-SEG\images\cju1c0qb4tzi308355wtsnp0y.jpg,C:\LeDucLuong\HK VII\LuanCuNhan\DeepLearning\Test_Mau\archive\Kvasir-SEG\Kvasir-SEG\masks\cju1c0qb4tzi308355wtsnp0y.jpg,train/images/cju1c0qb4tzi308355wtsnp0y.jpg,train/masks_original/cju1c0qb4tzi308355wtsnp0y.jpg,train/masks_binary/cju1c0qb4tzi308355wtsnp0y.png,12f074d5ecc3e3f94fb5da6c8746bdb687d76e7335540ca63c2ff0d481010302,cb1468deca8f19959714e766174674bb3e163fbf8cfdb09262e038cee98b38ac
train,cju1c3218411b08014g9f6gig,C:\LeDucLuong\HK VII\LuanCuNhan\DeepLearning\Test_Mau\archive\Kvasir-SEG\Kvasir-SEG\images\cju1c3218411b08014g9f6gig.jpg,C:\LeDucLuong\HK VII\LuanCuNhan\DeepLearning\Test_Mau\archive\Kvasir-SEG\Kvasir-SEG\masks\cju1c3218411b08014g9f6gig.jpg,train/images/cju1c3218411b08014g9f6gig.jpg,train/masks_original/cju1c3218411b08014g9f6gig.jpg,train/masks_binary/cju1c3218411b08014g9f6gig.png,2703049cdd02949d9edef2526d040b7beed7e1128dd72456823f3fddb34acac0,29326bca8999b44d9819fc5605e22667bdb9a15eeef5f0533189aaf80ffad641
train,cju1c4fcu40hl07992b8gj0c8,C:\LeDucLuong\HK VII\LuanCuNhan\DeepLearning\Test_Mau\archive\Kvasir-SEG\Kvasir-SEG\images\cju1c4fcu40hl07992b8gj0c8.jpg,C:\LeDucLuong\HK VII\LuanCuNhan\DeepLearning\Test_Mau\archive\Kvasir-SEG\Kvasir-SEG\masks\cju1c4fcu40hl07992b8gj0c8.jpg,train/images/cju1c4fcu40hl07992b8gj0c8.jpg,train/masks_original/cju1c4fcu40hl07992b8gj0c8.jpg,train/masks_binary/cju1c4fcu40hl07992b8gj0c8.png,2a42481345c6853b82047470eb7db521fb7d86a3e6bcda1343c1c0b952b46cb9,25cdd390a5d97017ff2d18059c9c51ee349b9ed2eb14fcc62a26f44713d9d577
train,cju1c6yfz42md08550zgoz3pw,C:\LeDucLuong\HK VII\LuanCuNhan\DeepLearning\Test_Mau\archive\Kvasir-SEG\Kvasir-SEG\images\cju1c6yfz42md08550zgoz3pw.jpg,C:\LeDucLuong\HK VII\LuanCuNhan\DeepLearning\Test_Mau\archive\Kvasir-SEG\Kvasir-SEG\masks\cju1c6yfz42md08550zgoz3pw.jpg,train/images/cju1c6yfz42md08550zgoz3pw.jpg,train/masks_original/cju1c6yfz42md08550zgoz3pw.jpg,train/masks_binary/cju1c6yfz42md08550zgoz3pw.png,00a5f35a8ab30fb2bc30ae73de7ea7c320f533ddff4ba451fd69fe4410ccd7b2,2cf74e6b4be33bdc82b463396b4054fba25333ea73ade6b987eb968bdb2f945a
train,cju1c8ffau5770835g0g343o8,C:\LeDucLuong\HK VII\LuanCuNhan\DeepLearning\Test_Mau\archive\Kvasir-SEG\Kvasir-SEG\images\cju1c8ffau5770835g0g343o8.jpg,C:\LeDucLuong\HK VII\LuanCuNhan\DeepLearning\Test_Mau\archive\Kvasir-SEG\Kvasir-SEG\masks\cju1c8ffau5770835g0g343o8.jpg,train/images/cju1c8ffau5770835g0g343o8.jpg,train/masks_original/cju1c8ffau5770835g0g343o8.jpg,train/masks_binary/cju1c8ffau5770835g0g343o8.png,f739ffa46c3e0bffb76e6625fb1ecd664e992370e070d1e278e69c6459cf1345,2ecbfb34681d273ddb0dfeb033fab3c4d193e2dce6b70bd9336bbc0aa81faf4a
train,cju1cbokpuiw70988j4lq1fpi,C:\LeDucLuong\HK VII\LuanCuNhan\DeepLearning\Test_Mau\archive\Kvasir-SEG\Kvasir-SEG\images\cju1cbokpuiw70988j4lq1fpi.jpg,C:\LeDucLuong\HK VII\LuanCuNhan\DeepLearning\Test_Mau\archive\Kvasir-SEG\Kvasir-SEG\masks\cju1cbokpuiw70988j4lq1fpi.jpg,train/images/cju1cbokpuiw70988j4lq1fpi.jpg,train/masks_original/cju1cbokpuiw70988j4lq1fpi.jpg,train/masks_binary/cju1cbokpuiw70988j4lq1fpi.png,94ce70cb1c4d4bb48ecae91b14c3c58bf2a718d4448509cd54f31a87c9dc30b6,abe2081980f0815e2198234d9666329e6721bc70e8a7673a5476adb9ebb6cb07
train,cju1cdxvz48hw0801i0fjwcnk,C:\LeDucLuong\HK VII\LuanCuNhan\DeepLearning\Test_Mau\archive\Kvasir-SEG\Kvasir-SEG\images\cju1cdxvz48hw0801i0fjwcnk.jpg,C:\LeDucLuong\HK VII\LuanCuNhan\DeepLearning\Test_Mau\archive\Kvasir-SEG\Kvasir-SEG\masks\cju1cdxvz48hw0801i0fjwcnk.jpg,train/images/cju1cdxvz48hw0801i0fjwcnk.jpg,train/masks_original/cju1cdxvz48hw0801i0fjwcnk.jpg,train/masks_binary/cju1cdxvz48hw0801i0fjwcnk.png,a29df856b29e9fa34fb3aecbd5785bbdc8f788d0823d05bee0f0fb9b987e8a8b,e2a0387ba0ea610fbad5838fb90eabd75f38bd552cd7b82cf5c7ef5e121931aa
train,cju1cfhyg48bb0799cl5pr2jh,C:\LeDucLuong\HK VII\LuanCuNhan\DeepLearning\Test_Mau\archive\Kvasir-SEG\Kvasir-SEG\images\cju1cfhyg48bb0799cl5pr2jh.jpg,C:\LeDucLuong\HK VII\LuanCuNhan\DeepLearning\Test_Mau\archive\Kvasir-SEG\Kvasir-SEG\masks\cju1cfhyg48bb0799cl5pr2jh.jpg,train/images/cju1cfhyg48bb0799cl5pr2jh.jpg,train/masks_original/cju1cfhyg48bb0799cl5pr2jh.jpg,train/masks_binary/cju1cfhyg48bb0799cl5pr2jh.png,0b1cfeb5bed338c7dd78e0b40c9b98f91108394360b17310f6b46ee2395f43d0,ae63a6a17cd279261b1d83e5477e8ab988f2b17a53b65d6b1b99b4718cff6561
train,cju1cj3f0qi5n0993ut8f49rj,C:\LeDucLuong\HK VII\LuanCuNhan\DeepLearning\Test_Mau\archive\Kvasir-SEG\Kvasir-SEG\images\cju1cj3f0qi5n0993ut8f49rj.jpg,C:\LeDucLuong\HK VII\LuanCuNhan\DeepLearning\Test_Mau\archive\Kvasir-SEG\Kvasir-SEG\masks\cju1cj3f0qi5n0993ut8f49rj.jpg,train/images/cju1cj3f0qi5n0993ut8f49rj.jpg,train/masks_original/cju1cj3f0qi5n0993ut8f49rj.jpg,train/masks_binary/cju1cj3f0qi5n0993ut8f49rj.png,da04a1407eb6cfdc78e4d9731404e10367fa75781763d5616b9d35298823b4a3,dfaeca2449799bd29c529dd4a53a054a6ea3912ac5eb5f0d0453036a50fb3ab2
train,cju1cnnziug1l0835yh4ropyg,C:\LeDucLuong\HK VII\LuanCuNhan\DeepLearning\Test_Mau\archive\Kvasir-SEG\Kvasir-SEG\images\cju1cnnziug1l0835yh4ropyg.jpg,C:\LeDucLuong\HK VII\LuanCuNhan\DeepLearning\Test_Mau\archive\Kvasir-SEG\Kvasir-SEG\masks\cju1cnnziug1l0835yh4ropyg.jpg,train/images/cju1cnnziug1l0835yh4ropyg.jpg,train/masks_original/cju1cnnziug1l0835yh4ropyg.jpg,train/masks_binary/cju1cnnziug1l0835yh4ropyg.png,48b25b6eb90967580b04e950ed8b996b1d608db9991d878844ece23bd104cf3c,e147dceea143a06914195a17f5ed3fcdedc731db57118f6b6074fae9fbad2476
train,cju1cqc7n4gpy0855jt246k68,C:\LeDucLuong\HK VII\LuanCuNhan\DeepLearning\Test_Mau\archive\Kvasir-SEG\Kvasir-SEG\images\cju1cqc7n4gpy0855jt246k68.jpg,C:\LeDucLuong\HK VII\LuanCuNhan\DeepLearning\Test_Mau\archive\Kvasir-SEG\Kvasir-SEG\masks\cju1cqc7n4gpy0855jt246k68.jpg,train/images/cju1cqc7n4gpy0855jt246k68.jpg,train/masks_original/cju1cqc7n4gpy0855jt246k68.jpg,train/masks_binary/cju1cqc7n4gpy0855jt246k68.png,aa25054e53d7d52d3fae69393c2e513f4793fa6d015342c122b9129c8926e283,737d6ccc2d388be0562cbea91b89da86b7fd450d3cfa03bccbabdfffdaa7f8df
train,cju1csmlc4ht10799b8ymmghg,C:\LeDucLuong\HK VII\LuanCuNhan\DeepLearning\Test_Mau\archive\Kvasir-SEG\Kvasir-SEG\images\cju1csmlc4ht10799b8ymmghg.jpg,C:\LeDucLuong\HK VII\LuanCuNhan\DeepLearning\Test_Mau\archive\Kvasir-SEG\Kvasir-SEG\masks\cju1csmlc4ht10799b8ymmghg.jpg,train/images/cju1csmlc4ht10799b8ymmghg.jpg,train/masks_original/cju1csmlc4ht10799b8ymmghg.jpg,train/masks_binary/cju1csmlc4ht10799b8ymmghg.png,c55205ab8539032ec41c05cc87b171599aeb05849ba785e9bfc0c423615e29b2,3142110a848517ea3657d3c83b8c70f9a4c9fbe59e380607ff8e02e56be23d94
train,cju1cu1u2474n0878tt7v4tdr,C:\LeDucLuong\HK VII\LuanCuNhan\DeepLearning\Test_Mau\archive\Kvasir-SEG\Kvasir-SEG\images\cju1cu1u2474n0878tt7v4tdr.jpg,C:\LeDucLuong\HK VII\LuanCuNhan\DeepLearning\Test_Mau\archive\Kvasir-SEG\Kvasir-SEG\masks\cju1cu1u2474n0878tt7v4tdr.jpg,train/images/cju1cu1u2474n0878tt7v4tdr.jpg,train/masks_original/cju1cu1u2474n0878tt7v4tdr.jpg,train/masks_binary/cju1cu1u2474n0878tt7v4tdr.png,1f6a9431c9f56ca50a4dadae5fe517d9ebf36120da94d4c56d9db50ee56ec6da,a4812e5f7c0ad904664f12672f9133af990f657152c8eb022835c3789b25422e
train,cju1cvkfwqrec0993wbp1jlzm,C:\LeDucLuong\HK VII\LuanCuNhan\DeepLearning\Test_Mau\archive\Kvasir-SEG\Kvasir-SEG\images\cju1cvkfwqrec0993wbp1jlzm.jpg,C:\LeDucLuong\HK VII\LuanCuNhan\DeepLearning\Test_Mau\archive\Kvasir-SEG\Kvasir-SEG\masks\cju1cvkfwqrec0993wbp1jlzm.jpg,train/images/cju1cvkfwqrec0993wbp1jlzm.jpg,train/masks_original/cju1cvkfwqrec0993wbp1jlzm.jpg,train/masks_binary/cju1cvkfwqrec0993wbp1jlzm.png,4d1f1d8d66abdb067e518737c5c6668c4b57968a8b4ff4785d0922ddcb247d58,04ee959ec489fbf26d09df1dbc7fbb7aec79d4cb5fb98317950dc62277a3cec3
train,cju1cyjb5qtie0993njqne9m3,C:\LeDucLuong\HK VII\LuanCuNhan\DeepLearning\Test_Mau\archive\Kvasir-SEG\Kvasir-SEG\images\cju1cyjb5qtie0993njqne9m3.jpg,C:\LeDucLuong\HK VII\LuanCuNhan\DeepLearning\Test_Mau\archive\Kvasir-SEG\Kvasir-SEG\masks\cju1cyjb5qtie0993njqne9m3.jpg,train/images/cju1cyjb5qtie0993njqne9m3.jpg,train/masks_original/cju1cyjb5qtie0993njqne9m3.jpg,train/masks_binary/cju1cyjb5qtie0993njqne9m3.png,365cc2d7233ace470af10c5eb87d7a543a94fa7048df5696103494f61091da9e,de1d7eb59c0d19082b5955a142702d2032c5e7334a94cb79a030bacee3f9d8a8
train,cju1d31sp4d4k0878r3fr02ul,C:\LeDucLuong\HK VII\LuanCuNhan\DeepLearning\Test_Mau\archive\Kvasir-SEG\Kvasir-SEG\images\cju1d31sp4d4k0878r3fr02ul.jpg,C:\LeDucLuong\HK VII\LuanCuNhan\DeepLearning\Test_Mau\archive\Kvasir-SEG\Kvasir-SEG\masks\cju1d31sp4d4k0878r3fr02ul.jpg,train/images/cju1d31sp4d4k0878r3fr02ul.jpg,train/masks_original/cju1d31sp4d4k0878r3fr02ul.jpg,train/masks_binary/cju1d31sp4d4k0878r3fr02ul.png,19c5967b1276d8506b5d556499fa236d99fea16353c15a4525a8fa47881556f5,20bd61c65a521423ee28acf38e1e289705fa835a8369748a6504011e696bf238
train,cju1d50a94qf50855wsowacrc,C:\LeDucLuong\HK VII\LuanCuNhan\DeepLearning\Test_Mau\archive\Kvasir-SEG\Kvasir-SEG\images\cju1d50a94qf50855wsowacrc.jpg,C:\LeDucLuong\HK VII\LuanCuNhan\DeepLearning\Test_Mau\archive\Kvasir-SEG\Kvasir-SEG\masks\cju1d50a94qf50855wsowacrc.jpg,train/images/cju1d50a94qf50855wsowacrc.jpg,train/masks_original/cju1d50a94qf50855wsowacrc.jpg,train/masks_binary/cju1d50a94qf50855wsowacrc.png,99f6dc87dd0c158c9b1cd3c8d5978368c246b2ad7d7c3274faef682a9ab3d371,ce594125a1b68bcba1092a5479789b35a2fa3ac700701c0f3d93357c4887a7c4
train,cju1d96gsv62d09881b3wecw2,C:\LeDucLuong\HK VII\LuanCuNhan\DeepLearning\Test_Mau\archive\Kvasir-SEG\Kvasir-SEG\images\cju1d96gsv62d09881b3wecw2.jpg,C:\LeDucLuong\HK VII\LuanCuNhan\DeepLearning\Test_Mau\archive\Kvasir-SEG\Kvasir-SEG\masks\cju1d96gsv62d09881b3wecw2.jpg,train/images/cju1d96gsv62d09881b3wecw2.jpg,train/masks_original/cju1d96gsv62d09881b3wecw2.jpg,train/masks_binary/cju1d96gsv62d09881b3wecw2.png,44959bb0c0100e262a608058c5684ac21f98f71cd94f6447c83dc8a30dd6fc10,37750a10a9cc247e7b9e553e86a295658013c75527ff4960d5d7b76e59a65b57
train,cju1ddr6p4k5z08780uuuzit2,C:\LeDucLuong\HK VII\LuanCuNhan\DeepLearning\Test_Mau\archive\Kvasir-SEG\Kvasir-SEG\images\cju1ddr6p4k5z08780uuuzit2.jpg,C:\LeDucLuong\HK VII\LuanCuNhan\DeepLearning\Test_Mau\archive\Kvasir-SEG\Kvasir-SEG\masks\cju1ddr6p4k5z08780uuuzit2.jpg,train/images/cju1ddr6p4k5z08780uuuzit2.jpg,train/masks_original/cju1ddr6p4k5z08780uuuzit2.jpg,train/masks_binary/cju1ddr6p4k5z08780uuuzit2.png,c5c5d139134903b83cad80bf037af8ea07397ef1647b22ebbcf9d256cef7783c,c54d0ae311f85c30c90f843205c8c65e42610cdbf778eecafdcbde0cdd4d0768
train,cju1dfeupuzlw0835gnxip369,C:\LeDucLuong\HK VII\LuanCuNhan\DeepLearning\Test_Mau\archive\Kvasir-SEG\Kvasir-SEG\images\cju1dfeupuzlw0835gnxip369.jpg,C:\LeDucLuong\HK VII\LuanCuNhan\DeepLearning\Test_Mau\archive\Kvasir-SEG\Kvasir-SEG\masks\cju1dfeupuzlw0835gnxip369.jpg,train/images/cju1dfeupuzlw0835gnxip369.jpg,train/masks_original/cju1dfeupuzlw0835gnxip369.jpg,train/masks_binary/cju1dfeupuzlw0835gnxip369.png,6b00e18303cec59f4134a7bdc36b2b861743a0e3402f31cdb4604765ca5d8dc4,7254aafac51e0ec40b356db49fea27e45c80a2c847113852f7ad4d5f75f2f89c
train,cju1dg44i4z3w0801nyz4p6zf,C:\LeDucLuong\HK VII\LuanCuNhan\DeepLearning\Test_Mau\archive\Kvasir-SEG\Kvasir-SEG\images\cju1dg44i4z3w0801nyz4p6zf.jpg,C:\LeDucLuong\HK VII\LuanCuNhan\DeepLearning\Test_Mau\archive\Kvasir-SEG\Kvasir-SEG\masks\cju1dg44i4z3w0801nyz4p6zf.jpg,train/images/cju1dg44i4z3w0801nyz4p6zf.jpg,train/masks_original/cju1dg44i4z3w0801nyz4p6zf.jpg,train/masks_binary/cju1dg44i4z3w0801nyz4p6zf.png,d9286093ad62aff1edbe4cec249ae5ae9e00de9f71c93b4779630da809cced44,60a81904788b425defb914208314ccdc9a3e78775b1e477650b5a97f161e5d39
train,cju1dhfok4mhe0878jlgrag0h,C:\LeDucLuong\HK VII\LuanCuNhan\DeepLearning\Test_Mau\archive\Kvasir-SEG\Kvasir-SEG\images\cju1dhfok4mhe0878jlgrag0h.jpg,C:\LeDucLuong\HK VII\LuanCuNhan\DeepLearning\Test_Mau\archive\Kvasir-SEG\Kvasir-SEG\masks\cju1dhfok4mhe0878jlgrag0h.jpg,train/images/cju1dhfok4mhe0878jlgrag0h.jpg,train/masks_original/cju1dhfok4mhe0878jlgrag0h.jpg,train/masks_binary/cju1dhfok4mhe0878jlgrag0h.png,3998fef4de0d5f7bd5c31b8e542ed7e9545cfc05d68829b41e2af72ebe864be1,3c1bde31dccccd02b61618fd145b4c846b3681f8a33d9e576aa998a1a670368c
train,cju1dia8hvc6v098827mgffnm,C:\LeDucLuong\HK VII\LuanCuNhan\DeepLearning\Test_Mau\archive\Kvasir-SEG\Kvasir-SEG\images\cju1dia8hvc6v098827mgffnm.jpg,C:\LeDucLuong\HK VII\LuanCuNhan\DeepLearning\Test_Mau\archive\Kvasir-SEG\Kvasir-SEG\masks\cju1dia8hvc6v098827mgffnm.jpg,train/images/cju1dia8hvc6v098827mgffnm.jpg,train/masks_original/cju1dia8hvc6v098827mgffnm.jpg,train/masks_binary/cju1dia8hvc6v098827mgffnm.png,eaf578855fd576b58c7d952ac59abd4f92d02cc5173261f926540f06004b2871,fe71ec4c828d47b028d656cce94e0ecf4ee5ccc2b680afcc88a655ed2b2add4b
train,cju1djtprvd7b0988thwwrg09,C:\LeDucLuong\HK VII\LuanCuNhan\DeepLearning\Test_Mau\archive\Kvasir-SEG\Kvasir-SEG\images\cju1djtprvd7b0988thwwrg09.jpg,C:\LeDucLuong\HK VII\LuanCuNhan\DeepLearning\Test_Mau\archive\Kvasir-SEG\Kvasir-SEG\masks\cju1djtprvd7b0988thwwrg09.jpg,train/images/cju1djtprvd7b0988thwwrg09.jpg,train/masks_original/cju1djtprvd7b0988thwwrg09.jpg,train/masks_binary/cju1djtprvd7b0988thwwrg09.png,fb9671eae0758362f368a68f4dca2623e25a4eaf8e088f9c32c3d5f1f3dd6186,f612ff24eb6de543811a22fe1fcabc4f52424b12d69e332bdf3b1b353f0cfa38
train,cju1dnz61vfp40988e78bkjga,C:\LeDucLuong\HK VII\LuanCuNhan\DeepLearning\Test_Mau\archive\Kvasir-SEG\Kvasir-SEG\images\cju1dnz61vfp40988e78bkjga.jpg,C:\LeDucLuong\HK VII\LuanCuNhan\DeepLearning\Test_Mau\archive\Kvasir-SEG\Kvasir-SEG\masks\cju1dnz61vfp40988e78bkjga.jpg,train/images/cju1dnz61vfp40988e78bkjga.jpg,train/masks_original/cju1dnz61vfp40988e78bkjga.jpg,train/masks_binary/cju1dnz61vfp40988e78bkjga.png,b02d448dd955cd51dd16f55c5a5627622e3efdd16885bba9ac61e0a7dca433f1,fbb8b39fad06796488110e8a01c274efe4b8cd892859746bf29d3b767f8811c3
train,cju1dq3x1vgx109889c7wyirg,C:\LeDucLuong\HK VII\LuanCuNhan\DeepLearning\Test_Mau\archive\Kvasir-SEG\Kvasir-SEG\images\cju1dq3x1vgx109889c7wyirg.jpg,C:\LeDucLuong\HK VII\LuanCuNhan\DeepLearning\Test_Mau\archive\Kvasir-SEG\Kvasir-SEG\masks\cju1dq3x1vgx109889c7wyirg.jpg,train/images/cju1dq3x1vgx109889c7wyirg.jpg,train/masks_original/cju1dq3x1vgx109889c7wyirg.jpg,train/masks_binary/cju1dq3x1vgx109889c7wyirg.png,3bcc45145a121b71244f38583c7b41f034cea03e5b9f5db810e4d244253b5e59,977c5331462d871d7804cb932bd38655c59426a18e0bd6bd89565bccc5eedff5
train,cju1drnhbrb9409935wi7vkhg,C:\LeDucLuong\HK VII\LuanCuNhan\DeepLearning\Test_Mau\archive\Kvasir-SEG\Kvasir-SEG\images\cju1drnhbrb9409935wi7vkhg.jpg,C:\LeDucLuong\HK VII\LuanCuNhan\DeepLearning\Test_Mau\archive\Kvasir-SEG\Kvasir-SEG\masks\cju1drnhbrb9409935wi7vkhg.jpg,train/images/cju1drnhbrb9409935wi7vkhg.jpg,train/masks_original/cju1drnhbrb9409935wi7vkhg.jpg,train/masks_binary/cju1drnhbrb9409935wi7vkhg.png,d89d00efd963a91721ba303283546ff78d00dd10c2775bc54875922429b02980,3d564ce877349725ae5e2b642c50f062a3684dc55ae126167a83e1b2efffebac
train,cju1efbr0rqxz09931z0lf4vf,C:\LeDucLuong\HK VII\LuanCuNhan\DeepLearning\Test_Mau\archive\Kvasir-SEG\Kvasir-SEG\images\cju1efbr0rqxz09931z0lf4vf.jpg,C:\LeDucLuong\HK VII\LuanCuNhan\DeepLearning\Test_Mau\archive\Kvasir-SEG\Kvasir-SEG\masks\cju1efbr0rqxz09931z0lf4vf.jpg,train/images/cju1efbr0rqxz09931z0lf4vf.jpg,train/masks_original/cju1efbr0rqxz09931z0lf4vf.jpg,train/masks_binary/cju1efbr0rqxz09931z0lf4vf.png,f24d71a05eaf8309df06d28648572cab1e0cf9702fe8acddbc35dfebc2571e2d,304527aac9785daa0a8a109cda535eeb9fa366d5ac01afb3d78250c4492e7d56
train,cju1egh885m1l0855ci1lt37c,C:\LeDucLuong\HK VII\LuanCuNhan\DeepLearning\Test_Mau\archive\Kvasir-SEG\Kvasir-SEG\images\cju1egh885m1l0855ci1lt37c.jpg,C:\LeDucLuong\HK VII\LuanCuNhan\DeepLearning\Test_Mau\archive\Kvasir-SEG\Kvasir-SEG\masks\cju1egh885m1l0855ci1lt37c.jpg,train/images/cju1egh885m1l0855ci1lt37c.jpg,train/masks_original/cju1egh885m1l0855ci1lt37c.jpg,train/masks_binary/cju1egh885m1l0855ci1lt37c.png,eabf71288b415f22ab24db13299a8c26fd898815a0b82e4a25a1f5def73cd130,4314b19848d23d32d26a261614036561941a4c6b35d7542e6ab434731a9a1890
train,cju1egx9pvz2n0988eoy8jp23,C:\LeDucLuong\HK VII\LuanCuNhan\DeepLearning\Test_Mau\archive\Kvasir-SEG\Kvasir-SEG\images\cju1egx9pvz2n0988eoy8jp23.jpg,C:\LeDucLuong\HK VII\LuanCuNhan\DeepLearning\Test_Mau\archive\Kvasir-SEG\Kvasir-SEG\masks\cju1egx9pvz2n0988eoy8jp23.jpg,train/images/cju1egx9pvz2n0988eoy8jp23.jpg,train/masks_original/cju1egx9pvz2n0988eoy8jp23.jpg,train/masks_binary/cju1egx9pvz2n0988eoy8jp23.png,9e138da2afe0fd7ac1707263608e497330e1ffdab73f7eabb99de5b194eb48f3,481251c55f778f3ecbde9234de9a2191c36c430614c4b52977276dbfc2c6d073
train,cju1ejj7dvqfa0835ra184v5m,C:\LeDucLuong\HK VII\LuanCuNhan\DeepLearning\Test_Mau\archive\Kvasir-SEG\Kvasir-SEG\images\cju1ejj7dvqfa0835ra184v5m.jpg,C:\LeDucLuong\HK VII\LuanCuNhan\DeepLearning\Test_Mau\archive\Kvasir-SEG\Kvasir-SEG\masks\cju1ejj7dvqfa0835ra184v5m.jpg,train/images/cju1ejj7dvqfa0835ra184v5m.jpg,train/masks_original/cju1ejj7dvqfa0835ra184v5m.jpg,train/masks_binary/cju1ejj7dvqfa0835ra184v5m.png,f665fcf2bd2040d41584145cdbd95f4930e60163e4d1915e4dcd165b08dd4512,4fe9568e0862558e8e1ee70c3e3f53ebb293043aa435f57ff5300e39f89e8195
train,cju1erep75us208553i4ofwwe,C:\LeDucLuong\HK VII\LuanCuNhan\DeepLearning\Test_Mau\archive\Kvasir-SEG\Kvasir-SEG\images\cju1erep75us208553i4ofwwe.jpg,C:\LeDucLuong\HK VII\LuanCuNhan\DeepLearning\Test_Mau\archive\Kvasir-SEG\Kvasir-SEG\masks\cju1erep75us208553i4ofwwe.jpg,train/images/cju1erep75us208553i4ofwwe.jpg,train/masks_original/cju1erep75us208553i4ofwwe.jpg,train/masks_binary/cju1erep75us208553i4ofwwe.png,69e4a967413260e8f153ee4b71d6cf95dbadfad852a266974ecae3cec7910bd0,4c51d8b2948788f1a7612ca09f7d6758772f280277ee5168e7654daf62279736
train,cju1euant5l960878iqj5vvto,C:\LeDucLuong\HK VII\LuanCuNhan\DeepLearning\Test_Mau\archive\Kvasir-SEG\Kvasir-SEG\images\cju1euant5l960878iqj5vvto.jpg,C:\LeDucLuong\HK VII\LuanCuNhan\DeepLearning\Test_Mau\archive\Kvasir-SEG\Kvasir-SEG\masks\cju1euant5l960878iqj5vvto.jpg,train/images/cju1euant5l960878iqj5vvto.jpg,train/masks_original/cju1euant5l960878iqj5vvto.jpg,train/masks_binary/cju1euant5l960878iqj5vvto.png,b7f5299a95841df0e8842ea9a3a330f005af8dd34532e7fbf06e14eefb948bc3,a479a359490ef2d9002510259b0f99186659b63552f620dd5b9f2c9876ba4990
train,cju1euuc65wm00799m4sjdnnn,C:\LeDucLuong\HK VII\LuanCuNhan\DeepLearning\Test_Mau\archive\Kvasir-SEG\Kvasir-SEG\images\cju1euuc65wm00799m4sjdnnn.jpg,C:\LeDucLuong\HK VII\LuanCuNhan\DeepLearning\Test_Mau\archive\Kvasir-SEG\Kvasir-SEG\masks\cju1euuc65wm00799m4sjdnnn.jpg,train/images/cju1euuc65wm00799m4sjdnnn.jpg,train/masks_original/cju1euuc65wm00799m4sjdnnn.jpg,train/masks_binary/cju1euuc65wm00799m4sjdnnn.png,917cc740a8ff26fe2d8a1ac2ed085b5d73aca93470ee0c410f9106d4522e551f,3097e3ad699121debb2f9b4dd26915bdb9ef168254001b9f143192c78dfde78f
train,cju1ewnoh5z030855vpex9uzt,C:\LeDucLuong\HK VII\LuanCuNhan\DeepLearning\Test_Mau\archive\Kvasir-SEG\Kvasir-SEG\images\cju1ewnoh5z030855vpex9uzt.jpg,C:\LeDucLuong\HK VII\LuanCuNhan\DeepLearning\Test_Mau\archive\Kvasir-SEG\Kvasir-SEG\masks\cju1ewnoh5z030855vpex9uzt.jpg,train/images/cju1ewnoh5z030855vpex9uzt.jpg,train/masks_original/cju1ewnoh5z030855vpex9uzt.jpg,train/masks_binary/cju1ewnoh5z030855vpex9uzt.png,58e023ae584b7d335d20e261ef1188881fe77aec9dfde5eceb443dd604d265e0,120fa0c98db24f5d4bf1d3cb580055638c6ef5929a8edbba83cf2684bbac79c8
train,cju1expq45zst0855rjqwwj4m,C:\LeDucLuong\HK VII\LuanCuNhan\DeepLearning\Test_Mau\archive\Kvasir-SEG\Kvasir-SEG\images\cju1expq45zst0855rjqwwj4m.jpg,C:\LeDucLuong\HK VII\LuanCuNhan\DeepLearning\Test_Mau\archive\Kvasir-SEG\Kvasir-SEG\masks\cju1expq45zst0855rjqwwj4m.jpg,train/images/cju1expq45zst0855rjqwwj4m.jpg,train/masks_original/cju1expq45zst0855rjqwwj4m.jpg,train/masks_binary/cju1expq45zst0855rjqwwj4m.png,a1f06314b68936d5f82114ba7d70db24ca65492f3394f459f275fa1bd79d7857,070271b48e5389ad008b84b1388ebb1a8dc01e91f54a21fdac37ae897aa4c12f
train,cju1f15k3w4ct0835cmde6ypo,C:\LeDucLuong\HK VII\LuanCuNhan\DeepLearning\Test_Mau\archive\Kvasir-SEG\Kvasir-SEG\images\cju1f15k3w4ct0835cmde6ypo.jpg,C:\LeDucLuong\HK VII\LuanCuNhan\DeepLearning\Test_Mau\archive\Kvasir-SEG\Kvasir-SEG\masks\cju1f15k3w4ct0835cmde6ypo.jpg,train/images/cju1f15k3w4ct0835cmde6ypo.jpg,train/masks_original/cju1f15k3w4ct0835cmde6ypo.jpg,train/masks_binary/cju1f15k3w4ct0835cmde6ypo.png,ceb8f64bf7942180c1e7a64cd42e3438016899e9d0e25d2db322d28f000dbcd5,cae6e043451dc1f059bc4edfa47e05e022576555104374bb2ee8f8fc83d7ba0f
train,cju1f320ewfyu0988ndz6blh5,C:\LeDucLuong\HK VII\LuanCuNhan\DeepLearning\Test_Mau\archive\Kvasir-SEG\Kvasir-SEG\images\cju1f320ewfyu0988ndz6blh5.jpg,C:\LeDucLuong\HK VII\LuanCuNhan\DeepLearning\Test_Mau\archive\Kvasir-SEG\Kvasir-SEG\masks\cju1f320ewfyu0988ndz6blh5.jpg,train/images/cju1f320ewfyu0988ndz6blh5.jpg,train/masks_original/cju1f320ewfyu0988ndz6blh5.jpg,train/masks_binary/cju1f320ewfyu0988ndz6blh5.png,77429dcbee33e537dfe72f261e92604e5cd62f3eae7e6bafff5f8789903fbbe8,fd8a234922b76f77cac2e118e149784389733c87cd76675bf6613bcb86583e73
train,cju1f5x1164xv08555654c24r,C:\LeDucLuong\HK VII\LuanCuNhan\DeepLearning\Test_Mau\archive\Kvasir-SEG\Kvasir-SEG\images\cju1f5x1164xv08555654c24r.jpg,C:\LeDucLuong\HK VII\LuanCuNhan\DeepLearning\Test_Mau\archive\Kvasir-SEG\Kvasir-SEG\masks\cju1f5x1164xv08555654c24r.jpg,train/images/cju1f5x1164xv08555654c24r.jpg,train/masks_original/cju1f5x1164xv08555654c24r.jpg,train/masks_binary/cju1f5x1164xv08555654c24r.png,5edc216a95b7b90412731966f2251fbee30a685ce51be60e8ff437f4288cd43a,fb87f8b363cfa6ca72a87af4d4d4b289343c5bc2bc40351cd455b32f22343241
train,cju1f79yhsb5w0993txub59ol,C:\LeDucLuong\HK VII\LuanCuNhan\DeepLearning\Test_Mau\archive\Kvasir-SEG\Kvasir-SEG\images\cju1f79yhsb5w0993txub59ol.jpg,C:\LeDucLuong\HK VII\LuanCuNhan\DeepLearning\Test_Mau\archive\Kvasir-SEG\Kvasir-SEG\masks\cju1f79yhsb5w0993txub59ol.jpg,train/images/cju1f79yhsb5w0993txub59ol.jpg,train/masks_original/cju1f79yhsb5w0993txub59ol.jpg,train/masks_binary/cju1f79yhsb5w0993txub59ol.png,723d639dd6941a4765bc4f22eba6855341514e9fd0f487f3b4565507fe89a4b8,5f66609ff5da94cc0f04300ad7a7dd6bf8dff81b30d166227a65664eeeaed11c
train,cju1f8w0t65en0799m9oacq0q,C:\LeDucLuong\HK VII\LuanCuNhan\DeepLearning\Test_Mau\archive\Kvasir-SEG\Kvasir-SEG\images\cju1f8w0t65en0799m9oacq0q.jpg,C:\LeDucLuong\HK VII\LuanCuNhan\DeepLearning\Test_Mau\archive\Kvasir-SEG\Kvasir-SEG\masks\cju1f8w0t65en0799m9oacq0q.jpg,train/images/cju1f8w0t65en0799m9oacq0q.jpg,train/masks_original/cju1f8w0t65en0799m9oacq0q.jpg,train/masks_binary/cju1f8w0t65en0799m9oacq0q.png,c89a07bdccde667e0e1a50111d0d56886f56206c39f15768600d97fa42a6900a,0d50e4f3bb07f6ec5bb6abe4fd603c7576e38fc4d880877c3fcfa8f5fcb572ed
train,cju1fb9236a110801yvg0fwju,C:\LeDucLuong\HK VII\LuanCuNhan\DeepLearning\Test_Mau\archive\Kvasir-SEG\Kvasir-SEG\images\cju1fb9236a110801yvg0fwju.jpg,C:\LeDucLuong\HK VII\LuanCuNhan\DeepLearning\Test_Mau\archive\Kvasir-SEG\Kvasir-SEG\masks\cju1fb9236a110801yvg0fwju.jpg,train/images/cju1fb9236a110801yvg0fwju.jpg,train/masks_original/cju1fb9236a110801yvg0fwju.jpg,train/masks_binary/cju1fb9236a110801yvg0fwju.png,44fd6644dc0ce2c20c1c5b03bd483d894f7681f3a157d68cfa459da00e92524f,7eaa149a2fe642b125d5b79c86525d3a67b662c606bc85fe33a4f182fa7721f5
train,cju1ffnjn6ctm08015perkg37,C:\LeDucLuong\HK VII\LuanCuNhan\DeepLearning\Test_Mau\archive\Kvasir-SEG\Kvasir-SEG\images\cju1ffnjn6ctm08015perkg37.jpg,C:\LeDucLuong\HK VII\LuanCuNhan\DeepLearning\Test_Mau\archive\Kvasir-SEG\Kvasir-SEG\masks\cju1ffnjn6ctm08015perkg37.jpg,train/images/cju1ffnjn6ctm08015perkg37.jpg,train/masks_original/cju1ffnjn6ctm08015perkg37.jpg,train/masks_binary/cju1ffnjn6ctm08015perkg37.png,e3bcadf245f7674f3569a1360b5c2af08abab3e5e45bd214c440d67f4a26666c,103da9f5f57a3e34b31eb6cc7f567b07d65bad5bcd96844e0c8fcfb7801fdf9c
train,cju1fj6axwfp30835ukhuzhw9,C:\LeDucLuong\HK VII\LuanCuNhan\DeepLearning\Test_Mau\archive\Kvasir-SEG\Kvasir-SEG\images\cju1fj6axwfp30835ukhuzhw9.jpg,C:\LeDucLuong\HK VII\LuanCuNhan\DeepLearning\Test_Mau\archive\Kvasir-SEG\Kvasir-SEG\masks\cju1fj6axwfp30835ukhuzhw9.jpg,train/images/cju1fj6axwfp30835ukhuzhw9.jpg,train/masks_original/cju1fj6axwfp30835ukhuzhw9.jpg,train/masks_binary/cju1fj6axwfp30835ukhuzhw9.png,962e46ae9923c060ef55f60d9048b8c509b0d05ec25eb411ac2046b3b38526ec,c720c0252031f6363c875a108009b73a4d1f8ba78a51b74b887752d837b43dcb
train,cju1fjsb4sipq09931lvd8e41,C:\LeDucLuong\HK VII\LuanCuNhan\DeepLearning\Test_Mau\archive\Kvasir-SEG\Kvasir-SEG\images\cju1fjsb4sipq09931lvd8e41.jpg,C:\LeDucLuong\HK VII\LuanCuNhan\DeepLearning\Test_Mau\archive\Kvasir-SEG\Kvasir-SEG\masks\cju1fjsb4sipq09931lvd8e41.jpg,train/images/cju1fjsb4sipq09931lvd8e41.jpg,train/masks_original/cju1fjsb4sipq09931lvd8e41.jpg,train/masks_binary/cju1fjsb4sipq09931lvd8e41.png,f4127a1d4267ace56e61ed40c6fb57d17d39c7c63febc0385a0c77c09af31b54,d2340cf71e55e4a667b101930b7be1ed86258148e3dbe05d633ec578feb699f0
train,cju1fm3id6gl50801r3fok20c,C:\LeDucLuong\HK VII\LuanCuNhan\DeepLearning\Test_Mau\archive\Kvasir-SEG\Kvasir-SEG\images\cju1fm3id6gl50801r3fok20c.jpg,C:\LeDucLuong\HK VII\LuanCuNhan\DeepLearning\Test_Mau\archive\Kvasir-SEG\Kvasir-SEG\masks\cju1fm3id6gl50801r3fok20c.jpg,train/images/cju1fm3id6gl50801r3fok20c.jpg,train/masks_original/cju1fm3id6gl50801r3fok20c.jpg,train/masks_binary/cju1fm3id6gl50801r3fok20c.png,9bcf030343ae720eaccede7c0c138b266861b1acfe68d8541802302e8070869f,5efb0c01ea5ebc72a0e6c48f9cfc6926f627c66e46ad230bac98470512f06626
train,cju1fmsyf6gxb0801cimx2gle,C:\LeDucLuong\HK VII\LuanCuNhan\DeepLearning\Test_Mau\archive\Kvasir-SEG\Kvasir-SEG\images\cju1fmsyf6gxb0801cimx2gle.jpg,C:\LeDucLuong\HK VII\LuanCuNhan\DeepLearning\Test_Mau\archive\Kvasir-SEG\Kvasir-SEG\masks\cju1fmsyf6gxb0801cimx2gle.jpg,train/images/cju1fmsyf6gxb0801cimx2gle.jpg,train/masks_original/cju1fmsyf6gxb0801cimx2gle.jpg,train/masks_binary/cju1fmsyf6gxb0801cimx2gle.png,3e27ba18699d6d59db0d76c9790f6d5b47754f2330977b40ccfe776efc8815e1,6d35782defb8966596544fcfaa8da8d77bff93f6f6b45db1c721afcf1046f173
train,cju1fr4etsmrr09933u4t4aql,C:\LeDucLuong\HK VII\LuanCuNhan\DeepLearning\Test_Mau\archive\Kvasir-SEG\Kvasir-SEG\images\cju1fr4etsmrr09933u4t4aql.jpg,C:\LeDucLuong\HK VII\LuanCuNhan\DeepLearning\Test_Mau\archive\Kvasir-SEG\Kvasir-SEG\masks\cju1fr4etsmrr09933u4t4aql.jpg,train/images/cju1fr4etsmrr09933u4t4aql.jpg,train/masks_original/cju1fr4etsmrr09933u4t4aql.jpg,train/masks_binary/cju1fr4etsmrr09933u4t4aql.png,4c8f9e475d9aaec83e15579683c32bc5949d3bc9a26d6442079ce6ef9429c059,90e20599dc30516f0fe2f41a2dc94241681ce1438a41d34cfb7c9979b5b9c84a
train,cju1ftaji6isw0855108yqcse,C:\LeDucLuong\HK VII\LuanCuNhan\DeepLearning\Test_Mau\archive\Kvasir-SEG\Kvasir-SEG\images\cju1ftaji6isw0855108yqcse.jpg,C:\LeDucLuong\HK VII\LuanCuNhan\DeepLearning\Test_Mau\archive\Kvasir-SEG\Kvasir-SEG\masks\cju1ftaji6isw0855108yqcse.jpg,train/images/cju1ftaji6isw0855108yqcse.jpg,train/masks_original/cju1ftaji6isw0855108yqcse.jpg,train/masks_binary/cju1ftaji6isw0855108yqcse.png,869e6d8aceb29a03e6a6b57cbb28c3792a415cb99c647f88f0fc1468cf84629f,4caaad49244c8ed4143a791ffcceb1fa3523c311407959a57b3fb3dae9de23c6
train,cju1fuoa4wmc50835qfd11sp9,C:\LeDucLuong\HK VII\LuanCuNhan\DeepLearning\Test_Mau\archive\Kvasir-SEG\Kvasir-SEG\images\cju1fuoa4wmc50835qfd11sp9.jpg,C:\LeDucLuong\HK VII\LuanCuNhan\DeepLearning\Test_Mau\archive\Kvasir-SEG\Kvasir-SEG\masks\cju1fuoa4wmc50835qfd11sp9.jpg,train/images/cju1fuoa4wmc50835qfd11sp9.jpg,train/masks_original/cju1fuoa4wmc50835qfd11sp9.jpg,train/masks_binary/cju1fuoa4wmc50835qfd11sp9.png,9b593baa7a7a388a29ff576ec214f8487b8ee1b167a5a692947b94118628c687,dfd7ec6357f64fce50fcef28116ec47b64eaa47686b5a4e79dc6e7c8c6994ad3
train,cju1fyb1d69et0878muzdak9u,C:\LeDucLuong\HK VII\LuanCuNhan\DeepLearning\Test_Mau\archive\Kvasir-SEG\Kvasir-SEG\images\cju1fyb1d69et0878muzdak9u.jpg,C:\LeDucLuong\HK VII\LuanCuNhan\DeepLearning\Test_Mau\archive\Kvasir-SEG\Kvasir-SEG\masks\cju1fyb1d69et0878muzdak9u.jpg,train/images/cju1fyb1d69et0878muzdak9u.jpg,train/masks_original/cju1fyb1d69et0878muzdak9u.jpg,train/masks_binary/cju1fyb1d69et0878muzdak9u.png,3bc366edc25c81fb14c656c79d381c812a26161884fa6063b5497b58516aaade,8cc49384d2f345f53e60d110c8973cca06c73642ecc10ea028aaca638af59265
train,cju1g20bdwq6u0835e16xugcd,C:\LeDucLuong\HK VII\LuanCuNhan\DeepLearning\Test_Mau\archive\Kvasir-SEG\Kvasir-SEG\images\cju1g20bdwq6u0835e16xugcd.jpg,C:\LeDucLuong\HK VII\LuanCuNhan\DeepLearning\Test_Mau\archive\Kvasir-SEG\Kvasir-SEG\masks\cju1g20bdwq6u0835e16xugcd.jpg,train/images/cju1g20bdwq6u0835e16xugcd.jpg,train/masks_original/cju1g20bdwq6u0835e16xugcd.jpg,train/masks_binary/cju1g20bdwq6u0835e16xugcd.png,0aa5f6a2e10bf1ebbe376734734a53b8c4fd0beac3eb92668e464e2fc9aa291e,e23be116832e405edec458445635b33c1837098f57005f0cf64166dc6005fc50
train,cju1g4nsb6ngy0799l4ezm8ab,C:\LeDucLuong\HK VII\LuanCuNhan\DeepLearning\Test_Mau\archive\Kvasir-SEG\Kvasir-SEG\images\cju1g4nsb6ngy0799l4ezm8ab.jpg,C:\LeDucLuong\HK VII\LuanCuNhan\DeepLearning\Test_Mau\archive\Kvasir-SEG\Kvasir-SEG\masks\cju1g4nsb6ngy0799l4ezm8ab.jpg,train/images/cju1g4nsb6ngy0799l4ezm8ab.jpg,train/masks_original/cju1g4nsb6ngy0799l4ezm8ab.jpg,train/masks_binary/cju1g4nsb6ngy0799l4ezm8ab.png,ad7f370dbba52187b3a9f69bcb024cabea21f8fad5080caee53db938f0999719,9583bf432edef9738a7d3380a70758ef6ae0386c5ce08ce8b75931f9cf21c86c
train,cju1gghyjwxt80835vx0wgxw0,C:\LeDucLuong\HK VII\LuanCuNhan\DeepLearning\Test_Mau\archive\Kvasir-SEG\Kvasir-SEG\images\cju1gghyjwxt80835vx0wgxw0.jpg,C:\LeDucLuong\HK VII\LuanCuNhan\DeepLearning\Test_Mau\archive\Kvasir-SEG\Kvasir-SEG\masks\cju1gghyjwxt80835vx0wgxw0.jpg,train/images/cju1gghyjwxt80835vx0wgxw0.jpg,train/masks_original/cju1gghyjwxt80835vx0wgxw0.jpg,train/masks_binary/cju1gghyjwxt80835vx0wgxw0.png,7337610d4ef446e6a46bf492a9197eb5438e72a1caa720d00da169e0585d40c1,43d110ffb9e9a2db5d5e64d7c086886401a17809887d77e7ae199ba1f819c7a8
train,cju1gi7jlwyld0835cdf6g6qz,C:\LeDucLuong\HK VII\LuanCuNhan\DeepLearning\Test_Mau\archive\Kvasir-SEG\Kvasir-SEG\images\cju1gi7jlwyld0835cdf6g6qz.jpg,C:\LeDucLuong\HK VII\LuanCuNhan\DeepLearning\Test_Mau\archive\Kvasir-SEG\Kvasir-SEG\masks\cju1gi7jlwyld0835cdf6g6qz.jpg,train/images/cju1gi7jlwyld0835cdf6g6qz.jpg,train/masks_original/cju1gi7jlwyld0835cdf6g6qz.jpg,train/masks_binary/cju1gi7jlwyld0835cdf6g6qz.png,ce7be160e2c05e60ab79aa950bcf985ea4a7cbb75a8dfdd59eef2216214c9e7a,516156e1af51f72befab9a8d9deb67646e094cb2a0a2c053222021d3625c1a04
train,cju1gkndf6yi10801o1qnje19,C:\LeDucLuong\HK VII\LuanCuNhan\DeepLearning\Test_Mau\archive\Kvasir-SEG\Kvasir-SEG\images\cju1gkndf6yi10801o1qnje19.jpg,C:\LeDucLuong\HK VII\LuanCuNhan\DeepLearning\Test_Mau\archive\Kvasir-SEG\Kvasir-SEG\masks\cju1gkndf6yi10801o1qnje19.jpg,train/images/cju1gkndf6yi10801o1qnje19.jpg,train/masks_original/cju1gkndf6yi10801o1qnje19.jpg,train/masks_binary/cju1gkndf6yi10801o1qnje19.png,ae4b389d279c5e8ba1779d660bad566d213b5cc35777ad19338b33ea53dc6f92,9165da0e959924458a8eca7681b983026834e5aedd0434c69589e3d44c6d3746
train,cju1gv7106qd008784gk603mg,C:\LeDucLuong\HK VII\LuanCuNhan\DeepLearning\Test_Mau\archive\Kvasir-SEG\Kvasir-SEG\images\cju1gv7106qd008784gk603mg.jpg,C:\LeDucLuong\HK VII\LuanCuNhan\DeepLearning\Test_Mau\archive\Kvasir-SEG\Kvasir-SEG\masks\cju1gv7106qd008784gk603mg.jpg,train/images/cju1gv7106qd008784gk603mg.jpg,train/masks_original/cju1gv7106qd008784gk603mg.jpg,train/masks_binary/cju1gv7106qd008784gk603mg.png,aa6dee14d4573c0b256c6fa02dce2581f4dc2b436b4b483a45338ab2e7e6e093,39714ac82fcfbc2c1352971f4b38ddc93710f715da3121f5ee66fd89b4b6be31
train,cju1h5w4wxajx0835mc954kxy,C:\LeDucLuong\HK VII\LuanCuNhan\DeepLearning\Test_Mau\archive\Kvasir-SEG\Kvasir-SEG\images\cju1h5w4wxajx0835mc954kxy.jpg,C:\LeDucLuong\HK VII\LuanCuNhan\DeepLearning\Test_Mau\archive\Kvasir-SEG\Kvasir-SEG\masks\cju1h5w4wxajx0835mc954kxy.jpg,train/images/cju1h5w4wxajx0835mc954kxy.jpg,train/masks_original/cju1h5w4wxajx0835mc954kxy.jpg,train/masks_binary/cju1h5w4wxajx0835mc954kxy.png,c982cb6ab239147c9d230f750bad397042bd93192f81ede970f6d5c08d0638ea,fd974ddf297b8e91292a137c9883f2d8037dbe96f73faeb692f5d4ed6ee8ce28
train,cju1h89h6xbnx08352k2790o9,C:\LeDucLuong\HK VII\LuanCuNhan\DeepLearning\Test_Mau\archive\Kvasir-SEG\Kvasir-SEG\images\cju1h89h6xbnx08352k2790o9.jpg,C:\LeDucLuong\HK VII\LuanCuNhan\DeepLearning\Test_Mau\archive\Kvasir-SEG\Kvasir-SEG\masks\cju1h89h6xbnx08352k2790o9.jpg,train/images/cju1h89h6xbnx08352k2790o9.jpg,train/masks_original/cju1h89h6xbnx08352k2790o9.jpg,train/masks_binary/cju1h89h6xbnx08352k2790o9.png,0dd11490f445f7f7daa8735a0666465f20e58d00b2f086420a62ad760eaa9fee,234166ec13816444582663aa54fec5a1219ee68c3bb71e04633868f6698bdb57
train,cju1haab178i70799tk9z8y8x,C:\LeDucLuong\HK VII\LuanCuNhan\DeepLearning\Test_Mau\archive\Kvasir-SEG\Kvasir-SEG\images\cju1haab178i70799tk9z8y8x.jpg,C:\LeDucLuong\HK VII\LuanCuNhan\DeepLearning\Test_Mau\archive\Kvasir-SEG\Kvasir-SEG\masks\cju1haab178i70799tk9z8y8x.jpg,train/images/cju1haab178i70799tk9z8y8x.jpg,train/masks_original/cju1haab178i70799tk9z8y8x.jpg,train/masks_binary/cju1haab178i70799tk9z8y8x.png,17dc91d140a954c93f847c01e29228c660cb3fcb0109c6fde7d670a95e2669f5,c2aa7f92657765f7732b04fcdd2267bbaa1caf3d9cc38f8a08b00c65908c8dce
train,cju1hhj6mxfp90835n3wofrap,C:\LeDucLuong\HK VII\LuanCuNhan\DeepLearning\Test_Mau\archive\Kvasir-SEG\Kvasir-SEG\images\cju1hhj6mxfp90835n3wofrap.jpg,C:\LeDucLuong\HK VII\LuanCuNhan\DeepLearning\Test_Mau\archive\Kvasir-SEG\Kvasir-SEG\masks\cju1hhj6mxfp90835n3wofrap.jpg,train/images/cju1hhj6mxfp90835n3wofrap.jpg,train/masks_original/cju1hhj6mxfp90835n3wofrap.jpg,train/masks_binary/cju1hhj6mxfp90835n3wofrap.png,069eff115d5744b0a0895680ca916dcbcbbe8eb6cbeb5dc95d2f61f69c23861c,dd1b25d6cc5f55ddbcd1353b9e6c3a13d8d4cc28aee819fdffea618422c44a3f
train,cju1hirfi7ekp0855q0vgm9qq,C:\LeDucLuong\HK VII\LuanCuNhan\DeepLearning\Test_Mau\archive\Kvasir-SEG\Kvasir-SEG\images\cju1hirfi7ekp0855q0vgm9qq.jpg,C:\LeDucLuong\HK VII\LuanCuNhan\DeepLearning\Test_Mau\archive\Kvasir-SEG\Kvasir-SEG\masks\cju1hirfi7ekp0855q0vgm9qq.jpg,train/images/cju1hirfi7ekp0855q0vgm9qq.jpg,train/masks_original/cju1hirfi7ekp0855q0vgm9qq.jpg,train/masks_binary/cju1hirfi7ekp0855q0vgm9qq.png,7261ef3ad13ed7540bdfcbe71677e0cb74b79511fc047996d390e416a7d2747f,9301b40f0b96cfef90072a989656c1fba833187c69e026ecba456d38789c401a
train,cju1hmff8tkp809931jps6fbr,C:\LeDucLuong\HK VII\LuanCuNhan\DeepLearning\Test_Mau\archive\Kvasir-SEG\Kvasir-SEG\images\cju1hmff8tkp809931jps6fbr.jpg,C:\LeDucLuong\HK VII\LuanCuNhan\DeepLearning\Test_Mau\archive\Kvasir-SEG\Kvasir-SEG\masks\cju1hmff8tkp809931jps6fbr.jpg,train/images/cju1hmff8tkp809931jps6fbr.jpg,train/masks_original/cju1hmff8tkp809931jps6fbr.jpg,train/masks_binary/cju1hmff8tkp809931jps6fbr.png,71340a5b537672477315b9990b37a5c89aefbb5abd98c1e0d6fba5f639946afd,52019e2aa0240bf3e2ac7b53908c9acf6adb2160c916a890d494b5d5c54b0b6d
train,cju1hp9i2xu8e0988u2dazk7m,C:\LeDucLuong\HK VII\LuanCuNhan\DeepLearning\Test_Mau\archive\Kvasir-SEG\Kvasir-SEG\images\cju1hp9i2xu8e0988u2dazk7m.jpg,C:\LeDucLuong\HK VII\LuanCuNhan\DeepLearning\Test_Mau\archive\Kvasir-SEG\Kvasir-SEG\masks\cju1hp9i2xu8e0988u2dazk7m.jpg,train/images/cju1hp9i2xu8e0988u2dazk7m.jpg,train/masks_original/cju1hp9i2xu8e0988u2dazk7m.jpg,train/masks_binary/cju1hp9i2xu8e0988u2dazk7m.png,1c96ae74e93adc42c7b29069e3d7b1209c06d12a501c60ac059d5a4cb7515ff3,e7b91b805b5a871015a9c4381780245c802a24f66dede6927775ee1996d1a3ca
train,cju1hs0za7jha0855vj0mdrjt,C:\LeDucLuong\HK VII\LuanCuNhan\DeepLearning\Test_Mau\archive\Kvasir-SEG\Kvasir-SEG\images\cju1hs0za7jha0855vj0mdrjt.jpg,C:\LeDucLuong\HK VII\LuanCuNhan\DeepLearning\Test_Mau\archive\Kvasir-SEG\Kvasir-SEG\masks\cju1hs0za7jha0855vj0mdrjt.jpg,train/images/cju1hs0za7jha0855vj0mdrjt.jpg,train/masks_original/cju1hs0za7jha0855vj0mdrjt.jpg,train/masks_binary/cju1hs0za7jha0855vj0mdrjt.png,3186b7947bed294cc3060337d354e5d9f6aeebe56f863df90f5bd1a4d5d72964,af5a7043b3afaa92e8c52331d037544f1890e469d6bcc88ebb13bf488f8b2320
train,cju1hyolc7aqu0878rrkfn1lr,C:\LeDucLuong\HK VII\LuanCuNhan\DeepLearning\Test_Mau\archive\Kvasir-SEG\Kvasir-SEG\images\cju1hyolc7aqu0878rrkfn1lr.jpg,C:\LeDucLuong\HK VII\LuanCuNhan\DeepLearning\Test_Mau\archive\Kvasir-SEG\Kvasir-SEG\masks\cju1hyolc7aqu0878rrkfn1lr.jpg,train/images/cju1hyolc7aqu0878rrkfn1lr.jpg,train/masks_original/cju1hyolc7aqu0878rrkfn1lr.jpg,train/masks_binary/cju1hyolc7aqu0878rrkfn1lr.png,4fefa419e019f9d120218862f1d56c25c2198f3ea24b0d25c9408c1057eed7e0,ed722ec6665834b38d140d9e8dac3735c673bd551e3e572f45b58db87915bd3e
train,cju2hdr06v2bq0799mbm3bks1,C:\LeDucLuong\HK VII\LuanCuNhan\DeepLearning\Test_Mau\archive\Kvasir-SEG\Kvasir-SEG\images\cju2hdr06v2bq0799mbm3bks1.jpg,C:\LeDucLuong\HK VII\LuanCuNhan\DeepLearning\Test_Mau\archive\Kvasir-SEG\Kvasir-SEG\masks\cju2hdr06v2bq0799mbm3bks1.jpg,train/images/cju2hdr06v2bq0799mbm3bks1.jpg,train/masks_original/cju2hdr06v2bq0799mbm3bks1.jpg,train/masks_binary/cju2hdr06v2bq0799mbm3bks1.png,cf23514b294e4872c65ac5429a5554bac8d14ee8f7f26a78477ebcafead6d485,79ff1612a42a73d0ca197c42590e393aad5af657fb927619fd31d780ced39498
train,cju2hewssldzx0835ep795xu0,C:\LeDucLuong\HK VII\LuanCuNhan\DeepLearning\Test_Mau\archive\Kvasir-SEG\Kvasir-SEG\images\cju2hewssldzx0835ep795xu0.jpg,C:\LeDucLuong\HK VII\LuanCuNhan\DeepLearning\Test_Mau\archive\Kvasir-SEG\Kvasir-SEG\masks\cju2hewssldzx0835ep795xu0.jpg,train/images/cju2hewssldzx0835ep795xu0.jpg,train/masks_original/cju2hewssldzx0835ep795xu0.jpg,train/masks_binary/cju2hewssldzx0835ep795xu0.png,e3fdce6e958cc84a621915acc1347817bb10bb6174fd314f90a711d33f0c2a48,faf16870713dc3035454c7659d526a9f382162106b0a92b084dc4394333ce03d
train,cju2hfqnmhisa0993gpleeldd,C:\LeDucLuong\HK VII\LuanCuNhan\DeepLearning\Test_Mau\archive\Kvasir-SEG\Kvasir-SEG\images\cju2hfqnmhisa0993gpleeldd.jpg,C:\LeDucLuong\HK VII\LuanCuNhan\DeepLearning\Test_Mau\archive\Kvasir-SEG\Kvasir-SEG\masks\cju2hfqnmhisa0993gpleeldd.jpg,train/images/cju2hfqnmhisa0993gpleeldd.jpg,train/masks_original/cju2hfqnmhisa0993gpleeldd.jpg,train/masks_binary/cju2hfqnmhisa0993gpleeldd.png,b6193c7106b4c8e68224e71b83d6bb9c5f6e654e52d72bb345045bac256403f7,ab196ec96033a72913ae3dc764931ecdd1edabcfc00b769ce878ec4830c51870
train,cju2hgsptlfam0835o3b59h1o,C:\LeDucLuong\HK VII\LuanCuNhan\DeepLearning\Test_Mau\archive\Kvasir-SEG\Kvasir-SEG\images\cju2hgsptlfam0835o3b59h1o.jpg,C:\LeDucLuong\HK VII\LuanCuNhan\DeepLearning\Test_Mau\archive\Kvasir-SEG\Kvasir-SEG\masks\cju2hgsptlfam0835o3b59h1o.jpg,train/images/cju2hgsptlfam0835o3b59h1o.jpg,train/masks_original/cju2hgsptlfam0835o3b59h1o.jpg,train/masks_binary/cju2hgsptlfam0835o3b59h1o.png,d1cf6626dd89448f41dc461db3a9c9732fc86fbd87b716163ae011d12a5e31e3,d61ca2e3df232b03203252c5d62e19dcd1621b6aa726e79ff125bc7a2c629cf8
train,cju2hjrqcvi2j0801bx1i6gxg,C:\LeDucLuong\HK VII\LuanCuNhan\DeepLearning\Test_Mau\archive\Kvasir-SEG\Kvasir-SEG\images\cju2hjrqcvi2j0801bx1i6gxg.jpg,C:\LeDucLuong\HK VII\LuanCuNhan\DeepLearning\Test_Mau\archive\Kvasir-SEG\Kvasir-SEG\masks\cju2hjrqcvi2j0801bx1i6gxg.jpg,train/images/cju2hjrqcvi2j0801bx1i6gxg.jpg,train/masks_original/cju2hjrqcvi2j0801bx1i6gxg.jpg,train/masks_binary/cju2hjrqcvi2j0801bx1i6gxg.png,b9a087a254a6cc19706a95eb285f9e077b02658a5189651c7918476eb6416d01,b777947b2533a91c4868c73a2578f2a163319a033ae505ab935a0b1db192e97f
train,cju2hlm19vjjf0801o69qnber,C:\LeDucLuong\HK VII\LuanCuNhan\DeepLearning\Test_Mau\archive\Kvasir-SEG\Kvasir-SEG\images\cju2hlm19vjjf0801o69qnber.jpg,C:\LeDucLuong\HK VII\LuanCuNhan\DeepLearning\Test_Mau\archive\Kvasir-SEG\Kvasir-SEG\masks\cju2hlm19vjjf0801o69qnber.jpg,train/images/cju2hlm19vjjf0801o69qnber.jpg,train/masks_original/cju2hlm19vjjf0801o69qnber.jpg,train/masks_binary/cju2hlm19vjjf0801o69qnber.png,28bd5f34e109bed13651006b67264ce7361da89aea4ec696a3146957cf1e0f6e,d57e14c87e555e7aeac6ab4058a2415aec978d50bf28130b7a29da664f103d97
train,cju2hos57llxm08359g92p6jj,C:\LeDucLuong\HK VII\LuanCuNhan\DeepLearning\Test_Mau\archive\Kvasir-SEG\Kvasir-SEG\images\cju2hos57llxm08359g92p6jj.jpg,C:\LeDucLuong\HK VII\LuanCuNhan\DeepLearning\Test_Mau\archive\Kvasir-SEG\Kvasir-SEG\masks\cju2hos57llxm08359g92p6jj.jpg,train/images/cju2hos57llxm08359g92p6jj.jpg,train/masks_original/cju2hos57llxm08359g92p6jj.jpg,train/masks_binary/cju2hos57llxm08359g92p6jj.png,f3509c3d238082e55a9709034ffa86d74501148ce0ebe7191d6ddab0b1c1d67f,8b8c775e881da493612e13ef20363fb2af1a764a506301f1887c3ea5f755ac2c
train,cju2hqt33lmra0988fr5ijv8j,C:\LeDucLuong\HK VII\LuanCuNhan\DeepLearning\Test_Mau\archive\Kvasir-SEG\Kvasir-SEG\images\cju2hqt33lmra0988fr5ijv8j.jpg,C:\LeDucLuong\HK VII\LuanCuNhan\DeepLearning\Test_Mau\archive\Kvasir-SEG\Kvasir-SEG\masks\cju2hqt33lmra0988fr5ijv8j.jpg,train/images/cju2hqt33lmra0988fr5ijv8j.jpg,train/masks_original/cju2hqt33lmra0988fr5ijv8j.jpg,train/masks_binary/cju2hqt33lmra0988fr5ijv8j.png,2e6658f9aecdbc8f35e3aa5c76729d567f85675575fa9172feb945ecef5da8f7,ece9f758d2dc71d62d6183eaf1ba19d149cc325e86a05764e6a6f1124e7a3ca1
train,cju2htabevq9108015qjei0x7,C:\LeDucLuong\HK VII\LuanCuNhan\DeepLearning\Test_Mau\archive\Kvasir-SEG\Kvasir-SEG\images\cju2htabevq9108015qjei0x7.jpg,C:\LeDucLuong\HK VII\LuanCuNhan\DeepLearning\Test_Mau\archive\Kvasir-SEG\Kvasir-SEG\masks\cju2htabevq9108015qjei0x7.jpg,train/images/cju2htabevq9108015qjei0x7.jpg,train/masks_original/cju2htabevq9108015qjei0x7.jpg,train/masks_binary/cju2htabevq9108015qjei0x7.png,f8a8781b55c44aa4e5fddf515f7fd1c8f2c30de5afb52622ddb4e17c8e2fbbc2,47b55a978da04a682a6df71666e1a9af9b55bf9016b25d2bcc714dc8d7346229
train,cju2hugv9vget0799hhk7ksvg,C:\LeDucLuong\HK VII\LuanCuNhan\DeepLearning\Test_Mau\archive\Kvasir-SEG\Kvasir-SEG\images\cju2hugv9vget0799hhk7ksvg.jpg,C:\LeDucLuong\HK VII\LuanCuNhan\DeepLearning\Test_Mau\archive\Kvasir-SEG\Kvasir-SEG\masks\cju2hugv9vget0799hhk7ksvg.jpg,train/images/cju2hugv9vget0799hhk7ksvg.jpg,train/masks_original/cju2hugv9vget0799hhk7ksvg.jpg,train/masks_binary/cju2hugv9vget0799hhk7ksvg.png,5a8be860c5897d04bc239ad76a25bfe2aa2065edbfd4c86e3891377527b3473e,c28092404d95fc1a3f5b7c172b0d580d39263fc5e59ec6e9a287a322c16bcacb
train,cju2hw5gjlr5h0988so2qqres,C:\LeDucLuong\HK VII\LuanCuNhan\DeepLearning\Test_Mau\archive\Kvasir-SEG\Kvasir-SEG\images\cju2hw5gjlr5h0988so2qqres.jpg,C:\LeDucLuong\HK VII\LuanCuNhan\DeepLearning\Test_Mau\archive\Kvasir-SEG\Kvasir-SEG\masks\cju2hw5gjlr5h0988so2qqres.jpg,train/images/cju2hw5gjlr5h0988so2qqres.jpg,train/masks_original/cju2hw5gjlr5h0988so2qqres.jpg,train/masks_binary/cju2hw5gjlr5h0988so2qqres.png,e4020dc71d5429a8179e1c366aa84dbd6f973dc068100d00794a9f623e394685,6854969c033d70ca02f99d94f157cea4dc97de851fa3b61f4ca41c94276270dc
train,cju2hx006vidl0799igm81vmh,C:\LeDucLuong\HK VII\LuanCuNhan\DeepLearning\Test_Mau\archive\Kvasir-SEG\Kvasir-SEG\images\cju2hx006vidl0799igm81vmh.jpg,C:\LeDucLuong\HK VII\LuanCuNhan\DeepLearning\Test_Mau\archive\Kvasir-SEG\Kvasir-SEG\masks\cju2hx006vidl0799igm81vmh.jpg,train/images/cju2hx006vidl0799igm81vmh.jpg,train/masks_original/cju2hx006vidl0799igm81vmh.jpg,train/masks_binary/cju2hx006vidl0799igm81vmh.png,e66f9eb2bafb85eb6bee310ab66fedf13f2b8756641375d9ccdc6b35d226cc01,e84c0aca596f2b69e16600cf34850f657137e5053fcb938f892a43c3b27f7f56
train,cju2i03ptvkiu0799xbbd4det,C:\LeDucLuong\HK VII\LuanCuNhan\DeepLearning\Test_Mau\archive\Kvasir-SEG\Kvasir-SEG\images\cju2i03ptvkiu0799xbbd4det.jpg,C:\LeDucLuong\HK VII\LuanCuNhan\DeepLearning\Test_Mau\archive\Kvasir-SEG\Kvasir-SEG\masks\cju2i03ptvkiu0799xbbd4det.jpg,train/images/cju2i03ptvkiu0799xbbd4det.jpg,train/masks_original/cju2i03ptvkiu0799xbbd4det.jpg,train/masks_binary/cju2i03ptvkiu0799xbbd4det.png,2807dd5a0be927605002ea002d1bae4f696c796199316101fc68fc595b381b3f,3ef4e165aea88197387f2d531594d56186cff8e3a67a2deb539d7d643445783a
train,cju2i3hzclw3o0988rrgh911i,C:\LeDucLuong\HK VII\LuanCuNhan\DeepLearning\Test_Mau\archive\Kvasir-SEG\Kvasir-SEG\images\cju2i3hzclw3o0988rrgh911i.jpg,C:\LeDucLuong\HK VII\LuanCuNhan\DeepLearning\Test_Mau\archive\Kvasir-SEG\Kvasir-SEG\masks\cju2i3hzclw3o0988rrgh911i.jpg,train/images/cju2i3hzclw3o0988rrgh911i.jpg,train/masks_original/cju2i3hzclw3o0988rrgh911i.jpg,train/masks_binary/cju2i3hzclw3o0988rrgh911i.png,af5d63c1fe734aa0ad41fe28c3064c839e38511e21ac629cc564d483410d71e9,404afb60c05fc9ed2453c4858fe6d2774706316184acb178bb19c3db9b448b9f
train,cju2i6acqvo6l0799u20fift8,C:\LeDucLuong\HK VII\LuanCuNhan\DeepLearning\Test_Mau\archive\Kvasir-SEG\Kvasir-SEG\images\cju2i6acqvo6l0799u20fift8.jpg,C:\LeDucLuong\HK VII\LuanCuNhan\DeepLearning\Test_Mau\archive\Kvasir-SEG\Kvasir-SEG\masks\cju2i6acqvo6l0799u20fift8.jpg,train/images/cju2i6acqvo6l0799u20fift8.jpg,train/masks_original/cju2i6acqvo6l0799u20fift8.jpg,train/masks_binary/cju2i6acqvo6l0799u20fift8.png,726fd4b830b4065add388dd4eb6cdb243b2e0682cc178feea12d681329747dd6,aa24a4b371638334b7f2a10f42d6099916597219c6c9ac68bd8d33286b61ef06
train,cju2i8br1vqtd08784u6vmcjk,C:\LeDucLuong\HK VII\LuanCuNhan\DeepLearning\Test_Mau\archive\Kvasir-SEG\Kvasir-SEG\images\cju2i8br1vqtd08784u6vmcjk.jpg,C:\LeDucLuong\HK VII\LuanCuNhan\DeepLearning\Test_Mau\archive\Kvasir-SEG\Kvasir-SEG\masks\cju2i8br1vqtd08784u6vmcjk.jpg,train/images/cju2i8br1vqtd08784u6vmcjk.jpg,train/masks_original/cju2i8br1vqtd08784u6vmcjk.jpg,train/masks_binary/cju2i8br1vqtd08784u6vmcjk.png,53680230be8cc778f443b9e1d9a0c77760ce1ee4bccc335ab51808525cedcab1,1fc3d162d7817c76205dbbbedb30f1e8ea3c48224d53e484f64b866d8e791e59
train,cju2iatlki5u309930zmgkv6h,C:\LeDucLuong\HK VII\LuanCuNhan\DeepLearning\Test_Mau\archive\Kvasir-SEG\Kvasir-SEG\images\cju2iatlki5u309930zmgkv6h.jpg,C:\LeDucLuong\HK VII\LuanCuNhan\DeepLearning\Test_Mau\archive\Kvasir-SEG\Kvasir-SEG\masks\cju2iatlki5u309930zmgkv6h.jpg,train/images/cju2iatlki5u309930zmgkv6h.jpg,train/masks_original/cju2iatlki5u309930zmgkv6h.jpg,train/masks_binary/cju2iatlki5u309930zmgkv6h.png,03e750082f899e391763370788b5cc183b0850ef140d7cbed2fa96339acb7631,e039a6078759f1790ddb2af4962544dd5d42d392cb347b4181d3cfde02d506a6
train,cju2igw4gvxds0878808qj398,C:\LeDucLuong\HK VII\LuanCuNhan\DeepLearning\Test_Mau\archive\Kvasir-SEG\Kvasir-SEG\images\cju2igw4gvxds0878808qj398.jpg,C:\LeDucLuong\HK VII\LuanCuNhan\DeepLearning\Test_Mau\archive\Kvasir-SEG\Kvasir-SEG\masks\cju2igw4gvxds0878808qj398.jpg,train/images/cju2igw4gvxds0878808qj398.jpg,train/masks_original/cju2igw4gvxds0878808qj398.jpg,train/masks_binary/cju2igw4gvxds0878808qj398.png,ac81ce384022cf271345015d2a7f352c1970aa1a4dda6dc0f2f1d0bd828848c0,41be8ef33501c4b419bb8e17ed94ebf6aec44792e6bff6845a46b7daf38281ae
train,cju2ij9uiic2l09933ljiv6gm,C:\LeDucLuong\HK VII\LuanCuNhan\DeepLearning\Test_Mau\archive\Kvasir-SEG\Kvasir-SEG\images\cju2ij9uiic2l09933ljiv6gm.jpg,C:\LeDucLuong\HK VII\LuanCuNhan\DeepLearning\Test_Mau\archive\Kvasir-SEG\Kvasir-SEG\masks\cju2ij9uiic2l09933ljiv6gm.jpg,train/images/cju2ij9uiic2l09933ljiv6gm.jpg,train/masks_original/cju2ij9uiic2l09933ljiv6gm.jpg,train/masks_binary/cju2ij9uiic2l09933ljiv6gm.png,ce20eeaac858b5e3db671d528010ebf15714eafa47e6cc384ec8133fb016d7b6,04e77fa2039bf74aa9160368fb06dc0de381994e0ec8ba63b2a49071f0f1d35d
train,cju2lberzkdzm09938cl40pog,C:\LeDucLuong\HK VII\LuanCuNhan\DeepLearning\Test_Mau\archive\Kvasir-SEG\Kvasir-SEG\images\cju2lberzkdzm09938cl40pog.jpg,C:\LeDucLuong\HK VII\LuanCuNhan\DeepLearning\Test_Mau\archive\Kvasir-SEG\Kvasir-SEG\masks\cju2lberzkdzm09938cl40pog.jpg,train/images/cju2lberzkdzm09938cl40pog.jpg,train/masks_original/cju2lberzkdzm09938cl40pog.jpg,train/masks_binary/cju2lberzkdzm09938cl40pog.png,50e8abcb4a1686ed06f6dd7a3015c0835707be07e5de8c1b4c123034bfe54b8a,2d85bc40d9b7eb2b42888ad71684a2705e443c9acf8e1af26e44ada6795180b9
train,cju2lcyfgkf5809932fn9gucn,C:\LeDucLuong\HK VII\LuanCuNhan\DeepLearning\Test_Mau\archive\Kvasir-SEG\Kvasir-SEG\images\cju2lcyfgkf5809932fn9gucn.jpg,C:\LeDucLuong\HK VII\LuanCuNhan\DeepLearning\Test_Mau\archive\Kvasir-SEG\Kvasir-SEG\masks\cju2lcyfgkf5809932fn9gucn.jpg,train/images/cju2lcyfgkf5809932fn9gucn.jpg,train/masks_original/cju2lcyfgkf5809932fn9gucn.jpg,train/masks_binary/cju2lcyfgkf5809932fn9gucn.png,c6a8d4017e2e70d0cb425c91f9f4ed72d545f376e6492c2ef6623a8cafa4c9c8,e039365fa5eae2b6edbe5521f3a55be352dd7e6a6b1db852618a591d14c7e6fe
train,cju2lejzcy4pc0878c9rlonot,C:\LeDucLuong\HK VII\LuanCuNhan\DeepLearning\Test_Mau\archive\Kvasir-SEG\Kvasir-SEG\images\cju2lejzcy4pc0878c9rlonot.jpg,C:\LeDucLuong\HK VII\LuanCuNhan\DeepLearning\Test_Mau\archive\Kvasir-SEG\Kvasir-SEG\masks\cju2lejzcy4pc0878c9rlonot.jpg,train/images/cju2lejzcy4pc0878c9rlonot.jpg,train/masks_original/cju2lejzcy4pc0878c9rlonot.jpg,train/masks_binary/cju2lejzcy4pc0878c9rlonot.png,a5cabc7c09d8cf15bc83c562edb004e6acbae151f21bada263be01bc3a4d8987,7c220c801a8f27a1d5cf7cbd488e93ccad4fab28bbf1c2cd646fb7faf0492eff
train,cju2lyynuymli0855g7fxgbhe,C:\LeDucLuong\HK VII\LuanCuNhan\DeepLearning\Test_Mau\archive\Kvasir-SEG\Kvasir-SEG\images\cju2lyynuymli0855g7fxgbhe.jpg,C:\LeDucLuong\HK VII\LuanCuNhan\DeepLearning\Test_Mau\archive\Kvasir-SEG\Kvasir-SEG\masks\cju2lyynuymli0855g7fxgbhe.jpg,train/images/cju2lyynuymli0855g7fxgbhe.jpg,train/masks_original/cju2lyynuymli0855g7fxgbhe.jpg,train/masks_binary/cju2lyynuymli0855g7fxgbhe.png,b4f538af0f9345f9a9fa25809277dd11d28c2e45ebde895228b9da929664396e,786097c1176beed6b0cc688abeca33a7f77d2e7d728ecaefb177788c62d97a1c
train,cju2lz8vqktne0993fuym6drw,C:\LeDucLuong\HK VII\LuanCuNhan\DeepLearning\Test_Mau\archive\Kvasir-SEG\Kvasir-SEG\images\cju2lz8vqktne0993fuym6drw.jpg,C:\LeDucLuong\HK VII\LuanCuNhan\DeepLearning\Test_Mau\archive\Kvasir-SEG\Kvasir-SEG\masks\cju2lz8vqktne0993fuym6drw.jpg,train/images/cju2lz8vqktne0993fuym6drw.jpg,train/masks_original/cju2lz8vqktne0993fuym6drw.jpg,train/masks_binary/cju2lz8vqktne0993fuym6drw.png,20a1d89168047a0960a4518bd8adea120c9e8fe65cb046dce78e1f84244e8945,f6b52d281215c9bc6c26693389b79c01599d0c6678414dc0c7fd7b32ac34300c
train,cju2m56cryvqd0801gtn2yp8t,C:\LeDucLuong\HK VII\LuanCuNhan\DeepLearning\Test_Mau\archive\Kvasir-SEG\Kvasir-SEG\images\cju2m56cryvqd0801gtn2yp8t.jpg,C:\LeDucLuong\HK VII\LuanCuNhan\DeepLearning\Test_Mau\archive\Kvasir-SEG\Kvasir-SEG\masks\cju2m56cryvqd0801gtn2yp8t.jpg,train/images/cju2m56cryvqd0801gtn2yp8t.jpg,train/masks_original/cju2m56cryvqd0801gtn2yp8t.jpg,train/masks_binary/cju2m56cryvqd0801gtn2yp8t.png,4dc5e8c936c5c0dec65212ced54b35bdd4785259a80e3a16914bd9daaf0c9dc9,06e88f2349b82bb01bd36b47d7b04117e54eba4498edebc74532b35719d9b967
train,cju2m71z2ywwv080131bcrsd3,C:\LeDucLuong\HK VII\LuanCuNhan\DeepLearning\Test_Mau\archive\Kvasir-SEG\Kvasir-SEG\images\cju2m71z2ywwv080131bcrsd3.jpg,C:\LeDucLuong\HK VII\LuanCuNhan\DeepLearning\Test_Mau\archive\Kvasir-SEG\Kvasir-SEG\masks\cju2m71z2ywwv080131bcrsd3.jpg,train/images/cju2m71z2ywwv080131bcrsd3.jpg,train/masks_original/cju2m71z2ywwv080131bcrsd3.jpg,train/masks_binary/cju2m71z2ywwv080131bcrsd3.png,fccbb51075880ed4e601f48ffff116df13731b3d9fb4cf65bd4abb07818474e5,ce6dc9783b6597fbb175e3324450c69ee347c9aa401dabd443730634f4d63f42
train,cju2ma647l0nj0993ot4deq2q,C:\LeDucLuong\HK VII\LuanCuNhan\DeepLearning\Test_Mau\archive\Kvasir-SEG\Kvasir-SEG\images\cju2ma647l0nj0993ot4deq2q.jpg,C:\LeDucLuong\HK VII\LuanCuNhan\DeepLearning\Test_Mau\archive\Kvasir-SEG\Kvasir-SEG\masks\cju2ma647l0nj0993ot4deq2q.jpg,train/images/cju2ma647l0nj0993ot4deq2q.jpg,train/masks_original/cju2ma647l0nj0993ot4deq2q.jpg,train/masks_binary/cju2ma647l0nj0993ot4deq2q.png,6cc7101ce3f1a7c570c0c5f802d96cdc87c708a9f8cf88471991b0bca4a47998,699ff758c896dbee68b02f53f6e9983bbfc5132874de652beb54e96333da6e22
train,cju2mfjndoz700988b9lc3zeq,C:\LeDucLuong\HK VII\LuanCuNhan\DeepLearning\Test_Mau\archive\Kvasir-SEG\Kvasir-SEG\images\cju2mfjndoz700988b9lc3zeq.jpg,C:\LeDucLuong\HK VII\LuanCuNhan\DeepLearning\Test_Mau\archive\Kvasir-SEG\Kvasir-SEG\masks\cju2mfjndoz700988b9lc3zeq.jpg,train/images/cju2mfjndoz700988b9lc3zeq.jpg,train/masks_original/cju2mfjndoz700988b9lc3zeq.jpg,train/masks_binary/cju2mfjndoz700988b9lc3zeq.png,f5c6245406a3244fbc5d88af472509ab9f10c7f45cb835c99de67d9679f5f054,f45e9985af4169442c149de993dce82ded10a6aceb9e766dc894b3102e032f17
train,cju2mh8t6p07008350e01tx2a,C:\LeDucLuong\HK VII\LuanCuNhan\DeepLearning\Test_Mau\archive\Kvasir-SEG\Kvasir-SEG\images\cju2mh8t6p07008350e01tx2a.jpg,C:\LeDucLuong\HK VII\LuanCuNhan\DeepLearning\Test_Mau\archive\Kvasir-SEG\Kvasir-SEG\masks\cju2mh8t6p07008350e01tx2a.jpg,train/images/cju2mh8t6p07008350e01tx2a.jpg,train/masks_original/cju2mh8t6p07008350e01tx2a.jpg,train/masks_binary/cju2mh8t6p07008350e01tx2a.png,8b590d6330d7894929aa9d5def87dcb03d5560a8e87f890e2aa648d5e2bde0cf,16e269e7f7c153944f5cbea40ca4e958af727b5f9c75822e8976ea881aac11a2
train,cju2nbdpmlmcj0993s1cht0dz,C:\LeDucLuong\HK VII\LuanCuNhan\DeepLearning\Test_Mau\archive\Kvasir-SEG\Kvasir-SEG\images\cju2nbdpmlmcj0993s1cht0dz.jpg,C:\LeDucLuong\HK VII\LuanCuNhan\DeepLearning\Test_Mau\archive\Kvasir-SEG\Kvasir-SEG\masks\cju2nbdpmlmcj0993s1cht0dz.jpg,train/images/cju2nbdpmlmcj0993s1cht0dz.jpg,train/masks_original/cju2nbdpmlmcj0993s1cht0dz.jpg,train/masks_binary/cju2nbdpmlmcj0993s1cht0dz.png,3c9e2f6a333a00cfb2c8ba46e9e11b0a5fbbe57995e6a171179d35191c809107,bf5ca99c3123640edfda454de87473176cf8555abba0fff68260fc263e935228
train,cju2nd7l7z98o0799gfjvyfmw,C:\LeDucLuong\HK VII\LuanCuNhan\DeepLearning\Test_Mau\archive\Kvasir-SEG\Kvasir-SEG\images\cju2nd7l7z98o0799gfjvyfmw.jpg,C:\LeDucLuong\HK VII\LuanCuNhan\DeepLearning\Test_Mau\archive\Kvasir-SEG\Kvasir-SEG\masks\cju2nd7l7z98o0799gfjvyfmw.jpg,train/images/cju2nd7l7z98o0799gfjvyfmw.jpg,train/masks_original/cju2nd7l7z98o0799gfjvyfmw.jpg,train/masks_binary/cju2nd7l7z98o0799gfjvyfmw.png,0c5fffacde6e3e0e71a8134bb4104ebf7f400b647c6efff4cff8338d7fe37694,507378e7fd35acf360094056f70177ca8cf03de9021485924dcec5c4bf94cb1a
train,cju2nfnvxzdkd0878399axlco,C:\LeDucLuong\HK VII\LuanCuNhan\DeepLearning\Test_Mau\archive\Kvasir-SEG\Kvasir-SEG\images\cju2nfnvxzdkd0878399axlco.jpg,C:\LeDucLuong\HK VII\LuanCuNhan\DeepLearning\Test_Mau\archive\Kvasir-SEG\Kvasir-SEG\masks\cju2nfnvxzdkd0878399axlco.jpg,train/images/cju2nfnvxzdkd0878399axlco.jpg,train/masks_original/cju2nfnvxzdkd0878399axlco.jpg,train/masks_binary/cju2nfnvxzdkd0878399axlco.png,30dfc97d29d2cb666bf8f7c9c4d5c7cc4c9d4effaa61c39f83e3e7d36673645b,93d3d0fd162ee5d4798bfd78997bb90de7226d5609ca110e899a304ceca0b517
train,cju2nguelpmlj0835rojdn097,C:\LeDucLuong\HK VII\LuanCuNhan\DeepLearning\Test_Mau\archive\Kvasir-SEG\Kvasir-SEG\images\cju2nguelpmlj0835rojdn097.jpg,C:\LeDucLuong\HK VII\LuanCuNhan\DeepLearning\Test_Mau\archive\Kvasir-SEG\Kvasir-SEG\masks\cju2nguelpmlj0835rojdn097.jpg,train/images/cju2nguelpmlj0835rojdn097.jpg,train/masks_original/cju2nguelpmlj0835rojdn097.jpg,train/masks_binary/cju2nguelpmlj0835rojdn097.png,cfb754a079d06f881b93d11e9669b495beeb83b396385ef654c9eda9b5b0f208,d8d3ab0318f52a7fc2fc7eb9e7c3ae9d9d44d63b36c1774c1f0d7b9f6a3eb9d3
train,cju2nnqrqzp580855z8mhzgd6,C:\LeDucLuong\HK VII\LuanCuNhan\DeepLearning\Test_Mau\archive\Kvasir-SEG\Kvasir-SEG\images\cju2nnqrqzp580855z8mhzgd6.jpg,C:\LeDucLuong\HK VII\LuanCuNhan\DeepLearning\Test_Mau\archive\Kvasir-SEG\Kvasir-SEG\masks\cju2nnqrqzp580855z8mhzgd6.jpg,train/images/cju2nnqrqzp580855z8mhzgd6.jpg,train/masks_original/cju2nnqrqzp580855z8mhzgd6.jpg,train/masks_binary/cju2nnqrqzp580855z8mhzgd6.png,0847b02ba09cb9b1bff23f7453ab91a515c9d2ae327d372577220df278ffc058,556281bbed892850b027eb8c69af3478fd4d588b500790c943385a13dd1814b5
train,cju2np2k9zi3v079992ypxqkn,C:\LeDucLuong\HK VII\LuanCuNhan\DeepLearning\Test_Mau\archive\Kvasir-SEG\Kvasir-SEG\images\cju2np2k9zi3v079992ypxqkn.jpg,C:\LeDucLuong\HK VII\LuanCuNhan\DeepLearning\Test_Mau\archive\Kvasir-SEG\Kvasir-SEG\masks\cju2np2k9zi3v079992ypxqkn.jpg,train/images/cju2np2k9zi3v079992ypxqkn.jpg,train/masks_original/cju2np2k9zi3v079992ypxqkn.jpg,train/masks_binary/cju2np2k9zi3v079992ypxqkn.png,19e73e6d406a5a2ee24127470da27f7b4f9d992b0a085ef3c52f1b9761a4d370,f128b6556992e052246785a3321f5ef340b28486a622059dbf0f0868f8605e77
train,cju2nqapmzvk20801f9us40dx,C:\LeDucLuong\HK VII\LuanCuNhan\DeepLearning\Test_Mau\archive\Kvasir-SEG\Kvasir-SEG\images\cju2nqapmzvk20801f9us40dx.jpg,C:\LeDucLuong\HK VII\LuanCuNhan\DeepLearning\Test_Mau\archive\Kvasir-SEG\Kvasir-SEG\masks\cju2nqapmzvk20801f9us40dx.jpg,train/images/cju2nqapmzvk20801f9us40dx.jpg,train/masks_original/cju2nqapmzvk20801f9us40dx.jpg,train/masks_binary/cju2nqapmzvk20801f9us40dx.png,fbaa074da08c0b28e44ef1bb43b33290c8cc46dcd5ca91c7064c5ea6fbd131a0,79b50f07e9f04fca396c30126c909e90213f2f972ed5cd5c6fc20d36cf34f292
train,cju2nsmwjlzyl0993jl80chvz,C:\LeDucLuong\HK VII\LuanCuNhan\DeepLearning\Test_Mau\archive\Kvasir-SEG\Kvasir-SEG\images\cju2nsmwjlzyl0993jl80chvz.jpg,C:\LeDucLuong\HK VII\LuanCuNhan\DeepLearning\Test_Mau\archive\Kvasir-SEG\Kvasir-SEG\masks\cju2nsmwjlzyl0993jl80chvz.jpg,train/images/cju2nsmwjlzyl0993jl80chvz.jpg,train/masks_original/cju2nsmwjlzyl0993jl80chvz.jpg,train/masks_binary/cju2nsmwjlzyl0993jl80chvz.png,f54bf4633f506971f0ae847ed88fe14e8a0df8fac69a677b5de0f17c74f8dbe8,0eceb920606a2763ab3f3688f63c0ee8964d59551e44318094c860dd85f922ff
train,cju2ntxtdzlvu0799xl3j9pan,C:\LeDucLuong\HK VII\LuanCuNhan\DeepLearning\Test_Mau\archive\Kvasir-SEG\Kvasir-SEG\images\cju2ntxtdzlvu0799xl3j9pan.jpg,C:\LeDucLuong\HK VII\LuanCuNhan\DeepLearning\Test_Mau\archive\Kvasir-SEG\Kvasir-SEG\masks\cju2ntxtdzlvu0799xl3j9pan.jpg,train/images/cju2ntxtdzlvu0799xl3j9pan.jpg,train/masks_original/cju2ntxtdzlvu0799xl3j9pan.jpg,train/masks_binary/cju2ntxtdzlvu0799xl3j9pan.png,6bae1bde23964c858c163965358c80dd533b8fe5ad51f14a6c54f443e96ea1eb,350529b167c9b27a6b6f9c4ef5df93cc80edfb4d63294e9829556a0a472b04d8
train,cju2nyc5f02m40801ojqbtiea,C:\LeDucLuong\HK VII\LuanCuNhan\DeepLearning\Test_Mau\archive\Kvasir-SEG\Kvasir-SEG\images\cju2nyc5f02m40801ojqbtiea.jpg,C:\LeDucLuong\HK VII\LuanCuNhan\DeepLearning\Test_Mau\archive\Kvasir-SEG\Kvasir-SEG\masks\cju2nyc5f02m40801ojqbtiea.jpg,train/images/cju2nyc5f02m40801ojqbtiea.jpg,train/masks_original/cju2nyc5f02m40801ojqbtiea.jpg,train/masks_binary/cju2nyc5f02m40801ojqbtiea.png,e59fbca2485848ea158412ece8d32517f2f2139847adced58abd978d40a61054,da579072607c216c134bb27e5be44984f43a294d323a46692071fdf43b136db2
train,cju2oi8sq0i2y0801mektzvw8,C:\LeDucLuong\HK VII\LuanCuNhan\DeepLearning\Test_Mau\archive\Kvasir-SEG\Kvasir-SEG\images\cju2oi8sq0i2y0801mektzvw8.jpg,C:\LeDucLuong\HK VII\LuanCuNhan\DeepLearning\Test_Mau\archive\Kvasir-SEG\Kvasir-SEG\masks\cju2oi8sq0i2y0801mektzvw8.jpg,train/images/cju2oi8sq0i2y0801mektzvw8.jpg,train/masks_original/cju2oi8sq0i2y0801mektzvw8.jpg,train/masks_binary/cju2oi8sq0i2y0801mektzvw8.png,28119dc9e640306ab0b7b58294e0ffd57552548e70165824145b0701572e31a0,0429bac41ee9927a4f9e6a1b0f0142ec2541f7234ce6678fd92c74a9fe776307
train,cju2okvco06xc0799kxe5n1qh,C:\LeDucLuong\HK VII\LuanCuNhan\DeepLearning\Test_Mau\archive\Kvasir-SEG\Kvasir-SEG\images\cju2okvco06xc0799kxe5n1qh.jpg,C:\LeDucLuong\HK VII\LuanCuNhan\DeepLearning\Test_Mau\archive\Kvasir-SEG\Kvasir-SEG\masks\cju2okvco06xc0799kxe5n1qh.jpg,train/images/cju2okvco06xc0799kxe5n1qh.jpg,train/masks_original/cju2okvco06xc0799kxe5n1qh.jpg,train/masks_binary/cju2okvco06xc0799kxe5n1qh.png,60d741f707e187b9f74ee1911ef55ea0d6558b142d7891c33ca0baed509ffb8a,dd4767b89f3973ca23607bbcebfe32ac5851555cb12632487f264dc80a7c546c
train,cju2omjpeqj5a0988pjdlb8l1,C:\LeDucLuong\HK VII\LuanCuNhan\DeepLearning\Test_Mau\archive\Kvasir-SEG\Kvasir-SEG\images\cju2omjpeqj5a0988pjdlb8l1.jpg,C:\LeDucLuong\HK VII\LuanCuNhan\DeepLearning\Test_Mau\archive\Kvasir-SEG\Kvasir-SEG\masks\cju2omjpeqj5a0988pjdlb8l1.jpg,train/images/cju2omjpeqj5a0988pjdlb8l1.jpg,train/masks_original/cju2omjpeqj5a0988pjdlb8l1.jpg,train/masks_binary/cju2omjpeqj5a0988pjdlb8l1.png,4bc0976df22406e7e3123321709db1235cc12d177683fe8ed2f49bf12bfb6b51,69b84deb8a291927e68b5db033ae38322a477dcecdfe7c5eb4d3e9a0c8670e15
train,cju2oo0wh0bqy0878biujeyhe,C:\LeDucLuong\HK VII\LuanCuNhan\DeepLearning\Test_Mau\archive\Kvasir-SEG\Kvasir-SEG\images\cju2oo0wh0bqy0878biujeyhe.jpg,C:\LeDucLuong\HK VII\LuanCuNhan\DeepLearning\Test_Mau\archive\Kvasir-SEG\Kvasir-SEG\masks\cju2oo0wh0bqy0878biujeyhe.jpg,train/images/cju2oo0wh0bqy0878biujeyhe.jpg,train/masks_original/cju2oo0wh0bqy0878biujeyhe.jpg,train/masks_binary/cju2oo0wh0bqy0878biujeyhe.png,8694e2ea54a72f99be9d2b8bc7c75c7576dc200e909dfb6bd571d7bb54230339,c3f0e5be62518eddf89abbe25152f01a755b1950beec28c807bd1e9770aa9c90
train,cju2oq5570avm079959o20op1,C:\LeDucLuong\HK VII\LuanCuNhan\DeepLearning\Test_Mau\archive\Kvasir-SEG\Kvasir-SEG\images\cju2oq5570avm079959o20op1.jpg,C:\LeDucLuong\HK VII\LuanCuNhan\DeepLearning\Test_Mau\archive\Kvasir-SEG\Kvasir-SEG\masks\cju2oq5570avm079959o20op1.jpg,train/images/cju2oq5570avm079959o20op1.jpg,train/masks_original/cju2oq5570avm079959o20op1.jpg,train/masks_binary/cju2oq5570avm079959o20op1.png,d363858754cf4813c11ef23f138f6e1a814b91eb7055f731d517d2fe06d013d9,77d925c764c1e5f4c90fa1cf8d4d4c0014a5f0b7ba999603e47c63d83e6f48f3
train,cju2osuru0ki00855txo0n3uu,C:\LeDucLuong\HK VII\LuanCuNhan\DeepLearning\Test_Mau\archive\Kvasir-SEG\Kvasir-SEG\images\cju2osuru0ki00855txo0n3uu.jpg,C:\LeDucLuong\HK VII\LuanCuNhan\DeepLearning\Test_Mau\archive\Kvasir-SEG\Kvasir-SEG\masks\cju2osuru0ki00855txo0n3uu.jpg,train/images/cju2osuru0ki00855txo0n3uu.jpg,train/masks_original/cju2osuru0ki00855txo0n3uu.jpg,train/masks_binary/cju2osuru0ki00855txo0n3uu.png,42bc440f8b9a2a1eadcd3e60f54687c526202cfee8a3a15342c82efb90c97f95,5022e33af180336f4bc76f4f4fa47fd08b5b31e10c2a7226d2d96016dfc076ab
train,cju2otvvv0l7z0855x7we8cb0,C:\LeDucLuong\HK VII\LuanCuNhan\DeepLearning\Test_Mau\archive\Kvasir-SEG\Kvasir-SEG\images\cju2otvvv0l7z0855x7we8cb0.jpg,C:\LeDucLuong\HK VII\LuanCuNhan\DeepLearning\Test_Mau\archive\Kvasir-SEG\Kvasir-SEG\masks\cju2otvvv0l7z0855x7we8cb0.jpg,train/images/cju2otvvv0l7z0855x7we8cb0.jpg,train/masks_original/cju2otvvv0l7z0855x7we8cb0.jpg,train/masks_binary/cju2otvvv0l7z0855x7we8cb0.png,6f357863a29fa9477c4ed062d28407e7bd1bc6b4db60c652f011511bfb058e09,7d8e57a8c6f1be291d692ebb3c3c278bfaae1e2b813ce743079fdd35da4613cc
train,cju2ouil2mssu0993hvxsed6d,C:\LeDucLuong\HK VII\LuanCuNhan\DeepLearning\Test_Mau\archive\Kvasir-SEG\Kvasir-SEG\images\cju2ouil2mssu0993hvxsed6d.jpg,C:\LeDucLuong\HK VII\LuanCuNhan\DeepLearning\Test_Mau\archive\Kvasir-SEG\Kvasir-SEG\masks\cju2ouil2mssu0993hvxsed6d.jpg,train/images/cju2ouil2mssu0993hvxsed6d.jpg,train/masks_original/cju2ouil2mssu0993hvxsed6d.jpg,train/masks_binary/cju2ouil2mssu0993hvxsed6d.png,e0d6f180008ff68a635e85e540e2cd557b3c791845b5b3f195baf07f7f5dd1b5,ff16c307d6f08e33a8b463e4b6ef67728e6627cb18e553cb600198bed0d04b56
train,cju2p0eveqtdc0835gpi3p93i,C:\LeDucLuong\HK VII\LuanCuNhan\DeepLearning\Test_Mau\archive\Kvasir-SEG\Kvasir-SEG\images\cju2p0eveqtdc0835gpi3p93i.jpg,C:\LeDucLuong\HK VII\LuanCuNhan\DeepLearning\Test_Mau\archive\Kvasir-SEG\Kvasir-SEG\masks\cju2p0eveqtdc0835gpi3p93i.jpg,train/images/cju2p0eveqtdc0835gpi3p93i.jpg,train/masks_original/cju2p0eveqtdc0835gpi3p93i.jpg,train/masks_binary/cju2p0eveqtdc0835gpi3p93i.png,fb12424556a459922d8a8ded945d63948788946967b2f44953ca04d17acebcf6,70d07ebc81dccea144c3522137a2c20c951e8bedbead2d37d9b286b2af144e8c
train,cju2p4ddkmzxj0993p94o62av,C:\LeDucLuong\HK VII\LuanCuNhan\DeepLearning\Test_Mau\archive\Kvasir-SEG\Kvasir-SEG\images\cju2p4ddkmzxj0993p94o62av.jpg,C:\LeDucLuong\HK VII\LuanCuNhan\DeepLearning\Test_Mau\archive\Kvasir-SEG\Kvasir-SEG\masks\cju2p4ddkmzxj0993p94o62av.jpg,train/images/cju2p4ddkmzxj0993p94o62av.jpg,train/masks_original/cju2p4ddkmzxj0993p94o62av.jpg,train/masks_binary/cju2p4ddkmzxj0993p94o62av.png,397f8ae4c2d3eb8e8a4b57da68066432aada9bd8684986af6ae4863f36532925,c099dee8c5b58932db903cb428ccb2032bd5a6ae696b98125dfb70d5cb349e2b
train,cju2p91qir00k08350ddfif0w,C:\LeDucLuong\HK VII\LuanCuNhan\DeepLearning\Test_Mau\archive\Kvasir-SEG\Kvasir-SEG\images\cju2p91qir00k08350ddfif0w.jpg,C:\LeDucLuong\HK VII\LuanCuNhan\DeepLearning\Test_Mau\archive\Kvasir-SEG\Kvasir-SEG\masks\cju2p91qir00k08350ddfif0w.jpg,train/images/cju2p91qir00k08350ddfif0w.jpg,train/masks_original/cju2p91qir00k08350ddfif0w.jpg,train/masks_binary/cju2p91qir00k08350ddfif0w.png,eac6cd0b3fe8125e0726e7fe804c93f9bcfe82996f1c2acdb35edef13917ee66,fca0d9b32328019f3a528f5c2d6507f8f34a503dbb5f09e993fc283098d38729
train,cju2pag1f0s4r0878h52uq83s,C:\LeDucLuong\HK VII\LuanCuNhan\DeepLearning\Test_Mau\archive\Kvasir-SEG\Kvasir-SEG\images\cju2pag1f0s4r0878h52uq83s.jpg,C:\LeDucLuong\HK VII\LuanCuNhan\DeepLearning\Test_Mau\archive\Kvasir-SEG\Kvasir-SEG\masks\cju2pag1f0s4r0878h52uq83s.jpg,train/images/cju2pag1f0s4r0878h52uq83s.jpg,train/masks_original/cju2pag1f0s4r0878h52uq83s.jpg,train/masks_binary/cju2pag1f0s4r0878h52uq83s.png,671c48dc287cf1c350e1e5508d647236e4b81899aebb6cba8b1c42fccd4374e7,c94321634254f872280a5e96c77d6c943d412a8c466aa2e856dad7470c583baf
train,cju2phaksnahz0993yxogjcpv,C:\LeDucLuong\HK VII\LuanCuNhan\DeepLearning\Test_Mau\archive\Kvasir-SEG\Kvasir-SEG\images\cju2phaksnahz0993yxogjcpv.jpg,C:\LeDucLuong\HK VII\LuanCuNhan\DeepLearning\Test_Mau\archive\Kvasir-SEG\Kvasir-SEG\masks\cju2phaksnahz0993yxogjcpv.jpg,train/images/cju2phaksnahz0993yxogjcpv.jpg,train/masks_original/cju2phaksnahz0993yxogjcpv.jpg,train/masks_binary/cju2phaksnahz0993yxogjcpv.png,f959e7e0e5b4ed6257d38b324e5bf126e0f4f87c0e58363afbe709a24a9496d5,6a88d5c73f7dd611ee81131819c7d54869b2e0053af6f482777c5ae487b4f66a
train,cju2pjb9v0ywn0878j5g5n69j,C:\LeDucLuong\HK VII\LuanCuNhan\DeepLearning\Test_Mau\archive\Kvasir-SEG\Kvasir-SEG\images\cju2pjb9v0ywn0878j5g5n69j.jpg,C:\LeDucLuong\HK VII\LuanCuNhan\DeepLearning\Test_Mau\archive\Kvasir-SEG\Kvasir-SEG\masks\cju2pjb9v0ywn0878j5g5n69j.jpg,train/images/cju2pjb9v0ywn0878j5g5n69j.jpg,train/masks_original/cju2pjb9v0ywn0878j5g5n69j.jpg,train/masks_binary/cju2pjb9v0ywn0878j5g5n69j.png,37673f14a207fe37a35b874442ba9886cf10f6654f96d6f9fbae7c0470f103b1,9c2e9e1b1adfd56e99fcab21297dfc2e1546d97a2320c366530d89a913f75332
train,cju2pkwt3r8b90988v2ywq1px,C:\LeDucLuong\HK VII\LuanCuNhan\DeepLearning\Test_Mau\archive\Kvasir-SEG\Kvasir-SEG\images\cju2pkwt3r8b90988v2ywq1px.jpg,C:\LeDucLuong\HK VII\LuanCuNhan\DeepLearning\Test_Mau\archive\Kvasir-SEG\Kvasir-SEG\masks\cju2pkwt3r8b90988v2ywq1px.jpg,train/images/cju2pkwt3r8b90988v2ywq1px.jpg,train/masks_original/cju2pkwt3r8b90988v2ywq1px.jpg,train/masks_binary/cju2pkwt3r8b90988v2ywq1px.png,143d64eff0aef285867644fe36dbcb471546bd15aa6e3a9b62e93dd59fcaf32e,7269a46eeee13a17e9c051a3637ecfd4d0b2dcead498b713bfdb73b6b9f993f5
train,cju2pmhtr17a00855cvpelzb0,C:\LeDucLuong\HK VII\LuanCuNhan\DeepLearning\Test_Mau\archive\Kvasir-SEG\Kvasir-SEG\images\cju2pmhtr17a00855cvpelzb0.jpg,C:\LeDucLuong\HK VII\LuanCuNhan\DeepLearning\Test_Mau\archive\Kvasir-SEG\Kvasir-SEG\masks\cju2pmhtr17a00855cvpelzb0.jpg,train/images/cju2pmhtr17a00855cvpelzb0.jpg,train/masks_original/cju2pmhtr17a00855cvpelzb0.jpg,train/masks_binary/cju2pmhtr17a00855cvpelzb0.png,f0b5bf9b9e3d18317d232fd5c765d058d5707b358068028531c3dcca83f18781,0717171f75824495d45740c84663fc124587ec304b49907cbd37dfb81d928572
train,cju2qdj95ru8g09886gfi9rsz,C:\LeDucLuong\HK VII\LuanCuNhan\DeepLearning\Test_Mau\archive\Kvasir-SEG\Kvasir-SEG\images\cju2qdj95ru8g09886gfi9rsz.jpg,C:\LeDucLuong\HK VII\LuanCuNhan\DeepLearning\Test_Mau\archive\Kvasir-SEG\Kvasir-SEG\masks\cju2qdj95ru8g09886gfi9rsz.jpg,train/images/cju2qdj95ru8g09886gfi9rsz.jpg,train/masks_original/cju2qdj95ru8g09886gfi9rsz.jpg,train/masks_binary/cju2qdj95ru8g09886gfi9rsz.png,5169e45dc3b5d9f3a043e64313f984f8e63db7129471a640d4917338737cb712,2873fa5ff7d7bc8c85f6572e9572e143424278be0bd1757f2c557b7851b3ba93
train,cju2qfie4rvz508357kad9z5o,C:\LeDucLuong\HK VII\LuanCuNhan\DeepLearning\Test_Mau\archive\Kvasir-SEG\Kvasir-SEG\images\cju2qfie4rvz508357kad9z5o.jpg,C:\LeDucLuong\HK VII\LuanCuNhan\DeepLearning\Test_Mau\archive\Kvasir-SEG\Kvasir-SEG\masks\cju2qfie4rvz508357kad9z5o.jpg,train/images/cju2qfie4rvz508357kad9z5o.jpg,train/masks_original/cju2qfie4rvz508357kad9z5o.jpg,train/masks_binary/cju2qfie4rvz508357kad9z5o.png,0b03fa50da1cd418e8f452cb15554e55af2eaf00ddce86e739037d3bf7317574,6f253fcad6cf23f0381893d9df8afcbf4d880d3587afe8bbbaa408f63280c546
train,cju2qh5le1ock0878oahaql7d,C:\LeDucLuong\HK VII\LuanCuNhan\DeepLearning\Test_Mau\archive\Kvasir-SEG\Kvasir-SEG\images\cju2qh5le1ock0878oahaql7d.jpg,C:\LeDucLuong\HK VII\LuanCuNhan\DeepLearning\Test_Mau\archive\Kvasir-SEG\Kvasir-SEG\masks\cju2qh5le1ock0878oahaql7d.jpg,train/images/cju2qh5le1ock0878oahaql7d.jpg,train/masks_original/cju2qh5le1ock0878oahaql7d.jpg,train/masks_binary/cju2qh5le1ock0878oahaql7d.png,e5d98da877ae5ff710e9cc279054f364395b951d90872a3fb0a2fb52fae6e4ab,19934f69a9e168f8fa49e1ffdcb9a84f14d90a88d5bd897de1eb18c987a72359
train,cju2qn2fzs1vy0988l243cvzy,C:\LeDucLuong\HK VII\LuanCuNhan\DeepLearning\Test_Mau\archive\Kvasir-SEG\Kvasir-SEG\images\cju2qn2fzs1vy0988l243cvzy.jpg,C:\LeDucLuong\HK VII\LuanCuNhan\DeepLearning\Test_Mau\archive\Kvasir-SEG\Kvasir-SEG\masks\cju2qn2fzs1vy0988l243cvzy.jpg,train/images/cju2qn2fzs1vy0988l243cvzy.jpg,train/masks_original/cju2qn2fzs1vy0988l243cvzy.jpg,train/masks_binary/cju2qn2fzs1vy0988l243cvzy.png,66f819dbce06e0fa65ce671275f870456bb667ecf8d4a9f1e20bace24af8ffbf,60c539aac2e051f44f866447f369f94d5b9efbe8c04fb1e7d7c9a215d7129c2b
train,cju2qozsk20cq0855ugrg3cri,C:\LeDucLuong\HK VII\LuanCuNhan\DeepLearning\Test_Mau\archive\Kvasir-SEG\Kvasir-SEG\images\cju2qozsk20cq0855ugrg3cri.jpg,C:\LeDucLuong\HK VII\LuanCuNhan\DeepLearning\Test_Mau\archive\Kvasir-SEG\Kvasir-SEG\masks\cju2qozsk20cq0855ugrg3cri.jpg,train/images/cju2qozsk20cq0855ugrg3cri.jpg,train/masks_original/cju2qozsk20cq0855ugrg3cri.jpg,train/masks_binary/cju2qozsk20cq0855ugrg3cri.png,a462621e9160d9f33864165c89b7480f700eec5e63cd7dc235790b5988472dc0,a4afb47b14d1db10bcb5766d1a399db06ee452d5311103e2b79ac9e7ce942f0d
train,cju2qqn5ys4uo0988ewrt2ip2,C:\LeDucLuong\HK VII\LuanCuNhan\DeepLearning\Test_Mau\archive\Kvasir-SEG\Kvasir-SEG\images\cju2qqn5ys4uo0988ewrt2ip2.jpg,C:\LeDucLuong\HK VII\LuanCuNhan\DeepLearning\Test_Mau\archive\Kvasir-SEG\Kvasir-SEG\masks\cju2qqn5ys4uo0988ewrt2ip2.jpg,train/images/cju2qqn5ys4uo0988ewrt2ip2.jpg,train/masks_original/cju2qqn5ys4uo0988ewrt2ip2.jpg,train/masks_binary/cju2qqn5ys4uo0988ewrt2ip2.png,6461a5513b3c0361dad43c7382bf6cb650d75c20f023ff4da6f1bee3d5d8ccc0,1884a0f763743c65c95418e9f96620ac6d7ee9a8750df409f25bf6aaccf7328c
train,cju2qs32r1vys07999conmbvx,C:\LeDucLuong\HK VII\LuanCuNhan\DeepLearning\Test_Mau\archive\Kvasir-SEG\Kvasir-SEG\images\cju2qs32r1vys07999conmbvx.jpg,C:\LeDucLuong\HK VII\LuanCuNhan\DeepLearning\Test_Mau\archive\Kvasir-SEG\Kvasir-SEG\masks\cju2qs32r1vys07999conmbvx.jpg,train/images/cju2qs32r1vys07999conmbvx.jpg,train/masks_original/cju2qs32r1vys07999conmbvx.jpg,train/masks_binary/cju2qs32r1vys07999conmbvx.png,8fadaacf5022b01d1acc7d5f0ddd48e6c8758e2d306859260c94035d5c5d00d2,d02677bb221a72298f751b9384aee5e55233f7b509b343f0680363cf47d73aca
train,cju2qtee81yd708787bsjr75d,C:\LeDucLuong\HK VII\LuanCuNhan\DeepLearning\Test_Mau\archive\Kvasir-SEG\Kvasir-SEG\images\cju2qtee81yd708787bsjr75d.jpg,C:\LeDucLuong\HK VII\LuanCuNhan\DeepLearning\Test_Mau\archive\Kvasir-SEG\Kvasir-SEG\masks\cju2qtee81yd708787bsjr75d.jpg,train/images/cju2qtee81yd708787bsjr75d.jpg,train/masks_original/cju2qtee81yd708787bsjr75d.jpg,train/masks_binary/cju2qtee81yd708787bsjr75d.png,a31be426920c68dd34e5fed535d5170a917e308693656fe784bcae61ca5c5f19,2f2767e42c4e93585baa5a699fe248028cb7c2f3fa88addc69b9c93f54c7d342
train,cju2qu37qobl50993aw7ghcfq,C:\LeDucLuong\HK VII\LuanCuNhan\DeepLearning\Test_Mau\archive\Kvasir-SEG\Kvasir-SEG\images\cju2qu37qobl50993aw7ghcfq.jpg,C:\LeDucLuong\HK VII\LuanCuNhan\DeepLearning\Test_Mau\archive\Kvasir-SEG\Kvasir-SEG\masks\cju2qu37qobl50993aw7ghcfq.jpg,train/images/cju2qu37qobl50993aw7ghcfq.jpg,train/masks_original/cju2qu37qobl50993aw7ghcfq.jpg,train/masks_binary/cju2qu37qobl50993aw7ghcfq.png,90e160d851841a76e6a19aaa68fb96bde81be156e46680277f0610cd30a99d70,bf1f0b7b27988ec9155787517e2bcfdd494b9213e9642c51bac03e17e45381b5
train,cju2qvuj1s9ok0835tp2k4ozh,C:\LeDucLuong\HK VII\LuanCuNhan\DeepLearning\Test_Mau\archive\Kvasir-SEG\Kvasir-SEG\images\cju2qvuj1s9ok0835tp2k4ozh.jpg,C:\LeDucLuong\HK VII\LuanCuNhan\DeepLearning\Test_Mau\archive\Kvasir-SEG\Kvasir-SEG\masks\cju2qvuj1s9ok0835tp2k4ozh.jpg,train/images/cju2qvuj1s9ok0835tp2k4ozh.jpg,train/masks_original/cju2qvuj1s9ok0835tp2k4ozh.jpg,train/masks_binary/cju2qvuj1s9ok0835tp2k4ozh.png,1b40bb67670b636475089c13ad3dff4e9ce2bb4190762211c5889204da129762,f1b34677c70a48d582e7b3d59c4d920e3b8bc0f44cbae51a639571a6ee6a35cf
train,cju2qxxko229x08786gvxxhur,C:\LeDucLuong\HK VII\LuanCuNhan\DeepLearning\Test_Mau\archive\Kvasir-SEG\Kvasir-SEG\images\cju2qxxko229x08786gvxxhur.jpg,C:\LeDucLuong\HK VII\LuanCuNhan\DeepLearning\Test_Mau\archive\Kvasir-SEG\Kvasir-SEG\masks\cju2qxxko229x08786gvxxhur.jpg,train/images/cju2qxxko229x08786gvxxhur.jpg,train/masks_original/cju2qxxko229x08786gvxxhur.jpg,train/masks_binary/cju2qxxko229x08786gvxxhur.png,8964350726b10c1e9e3cd4512f05590f210d9ccfd63a140ff85c97ae39ed6e00,18a7672575bbcc5ce42e8d2fb05adf09548b176ec88745e393036f9ac692cbc2
train,cju2qz06823a40878ojcz9ccx,C:\LeDucLuong\HK VII\LuanCuNhan\DeepLearning\Test_Mau\archive\Kvasir-SEG\Kvasir-SEG\images\cju2qz06823a40878ojcz9ccx.jpg,C:\LeDucLuong\HK VII\LuanCuNhan\DeepLearning\Test_Mau\archive\Kvasir-SEG\Kvasir-SEG\masks\cju2qz06823a40878ojcz9ccx.jpg,train/images/cju2qz06823a40878ojcz9ccx.jpg,train/masks_original/cju2qz06823a40878ojcz9ccx.jpg,train/masks_binary/cju2qz06823a40878ojcz9ccx.png,932ec1f5c9528eac0172f885f0527680a4400e0d231160f0fff0da53b4cbf9c1,a176f27f154d04949132a0bd679ef90566887af4bc6a62245a3147af5a4e1ab2
train,cju2r11x7sdgx0988o8ule0wl,C:\LeDucLuong\HK VII\LuanCuNhan\DeepLearning\Test_Mau\archive\Kvasir-SEG\Kvasir-SEG\images\cju2r11x7sdgx0988o8ule0wl.jpg,C:\LeDucLuong\HK VII\LuanCuNhan\DeepLearning\Test_Mau\archive\Kvasir-SEG\Kvasir-SEG\masks\cju2r11x7sdgx0988o8ule0wl.jpg,train/images/cju2r11x7sdgx0988o8ule0wl.jpg,train/masks_original/cju2r11x7sdgx0988o8ule0wl.jpg,train/masks_binary/cju2r11x7sdgx0988o8ule0wl.png,733469099686305857e656614d5f67825349f79ab9161f7c541f5ca971aa0779,db2eba1943bec3346cd6d81dbbd0a76b717719d9a32413f3a3bf43b8358efa51
train,cju2r2obh2bjm08553kng0rh7,C:\LeDucLuong\HK VII\LuanCuNhan\DeepLearning\Test_Mau\archive\Kvasir-SEG\Kvasir-SEG\images\cju2r2obh2bjm08553kng0rh7.jpg,C:\LeDucLuong\HK VII\LuanCuNhan\DeepLearning\Test_Mau\archive\Kvasir-SEG\Kvasir-SEG\masks\cju2r2obh2bjm08553kng0rh7.jpg,train/images/cju2r2obh2bjm08553kng0rh7.jpg,train/masks_original/cju2r2obh2bjm08553kng0rh7.jpg,train/masks_binary/cju2r2obh2bjm08553kng0rh7.png,2447a15697855aefa72ec909abce5e2a7e90f708c900fa38ef9f307404bd7310,f5f7aadd0cdb6c9bd276c4c620155ac2f02f4bc115ad2eefb31c45043699c703
train,cju2r6mt2om21099352pny5gw,C:\LeDucLuong\HK VII\LuanCuNhan\DeepLearning\Test_Mau\archive\Kvasir-SEG\Kvasir-SEG\images\cju2r6mt2om21099352pny5gw.jpg,C:\LeDucLuong\HK VII\LuanCuNhan\DeepLearning\Test_Mau\archive\Kvasir-SEG\Kvasir-SEG\masks\cju2r6mt2om21099352pny5gw.jpg,train/images/cju2r6mt2om21099352pny5gw.jpg,train/masks_original/cju2r6mt2om21099352pny5gw.jpg,train/masks_binary/cju2r6mt2om21099352pny5gw.png,f874308724609f613956227cc52e0e61b378f622a99e787381645f17493bb5ce,7df34b3191015c5aeb706b11969934c10d553807f947fed0a8a620b05708ead8
train,cju2r7h21sj9608354gzks3ae,C:\LeDucLuong\HK VII\LuanCuNhan\DeepLearning\Test_Mau\archive\Kvasir-SEG\Kvasir-SEG\images\cju2r7h21sj9608354gzks3ae.jpg,C:\LeDucLuong\HK VII\LuanCuNhan\DeepLearning\Test_Mau\archive\Kvasir-SEG\Kvasir-SEG\masks\cju2r7h21sj9608354gzks3ae.jpg,train/images/cju2r7h21sj9608354gzks3ae.jpg,train/masks_original/cju2r7h21sj9608354gzks3ae.jpg,train/masks_binary/cju2r7h21sj9608354gzks3ae.png,22925f6f6d05787b696f74b867918912b8b3fe8c757f6a3b150c83b7fba6da42,9bf306656e047d77d1ac9b170bfc6901529514ff6e271da0fb18f4009aefcc3e
train,cju2r91dg2k090801bh0xzbxk,C:\LeDucLuong\HK VII\LuanCuNhan\DeepLearning\Test_Mau\archive\Kvasir-SEG\Kvasir-SEG\images\cju2r91dg2k090801bh0xzbxk.jpg,C:\LeDucLuong\HK VII\LuanCuNhan\DeepLearning\Test_Mau\archive\Kvasir-SEG\Kvasir-SEG\masks\cju2r91dg2k090801bh0xzbxk.jpg,train/images/cju2r91dg2k090801bh0xzbxk.jpg,train/masks_original/cju2r91dg2k090801bh0xzbxk.jpg,train/masks_binary/cju2r91dg2k090801bh0xzbxk.png,0f9604ce8e47b80fbd16743215409676863007f4a2e1d8311d40721659101870,3b72b14a6b5090ad75963f47e012483ca896954dfd697c0517eead54882e0e67
train,cju2raxlosl630988jdbfy9b0,C:\LeDucLuong\HK VII\LuanCuNhan\DeepLearning\Test_Mau\archive\Kvasir-SEG\Kvasir-SEG\images\cju2raxlosl630988jdbfy9b0.jpg,C:\LeDucLuong\HK VII\LuanCuNhan\DeepLearning\Test_Mau\archive\Kvasir-SEG\Kvasir-SEG\masks\cju2raxlosl630988jdbfy9b0.jpg,train/images/cju2raxlosl630988jdbfy9b0.jpg,train/masks_original/cju2raxlosl630988jdbfy9b0.jpg,train/masks_binary/cju2raxlosl630988jdbfy9b0.png,b258eb553d61ee1bf1bf49e48d2d6866caae5966846932a026e20221d5905fb9,3123822a3e5b19237ed22256a2dafc61dbd7c30215bfee3f73b00bd926ddc693
train,cju2rga4psq9n09881z519xx0,C:\LeDucLuong\HK VII\LuanCuNhan\DeepLearning\Test_Mau\archive\Kvasir-SEG\Kvasir-SEG\images\cju2rga4psq9n09881z519xx0.jpg,C:\LeDucLuong\HK VII\LuanCuNhan\DeepLearning\Test_Mau\archive\Kvasir-SEG\Kvasir-SEG\masks\cju2rga4psq9n09881z519xx0.jpg,train/images/cju2rga4psq9n09881z519xx0.jpg,train/masks_original/cju2rga4psq9n09881z519xx0.jpg,train/masks_binary/cju2rga4psq9n09881z519xx0.png,b3fb10298306bb91ea084d76ba9926e06e7c5664e832725e5eb4fc0c19a3be6a,5500d1b3d1dbba59b99103108fd90b541ed7c6a5bed53fc2eff1558809a1c165
train,cju2ricdv2iys0878sv1adh0u,C:\LeDucLuong\HK VII\LuanCuNhan\DeepLearning\Test_Mau\archive\Kvasir-SEG\Kvasir-SEG\images\cju2ricdv2iys0878sv1adh0u.jpg,C:\LeDucLuong\HK VII\LuanCuNhan\DeepLearning\Test_Mau\archive\Kvasir-SEG\Kvasir-SEG\masks\cju2ricdv2iys0878sv1adh0u.jpg,train/images/cju2ricdv2iys0878sv1adh0u.jpg,train/masks_original/cju2ricdv2iys0878sv1adh0u.jpg,train/masks_binary/cju2ricdv2iys0878sv1adh0u.png,e9dd5c47dfd224de6915b90dd4a7552838d3754a0fc910c2c0648b3194d58858,dd86932fe4ccad98214a4bb35c38bf3f5aa89e6e87bebba18ea40317beccbec9
train,cju2rkjfwoxys0993x768l1j2,C:\LeDucLuong\HK VII\LuanCuNhan\DeepLearning\Test_Mau\archive\Kvasir-SEG\Kvasir-SEG\images\cju2rkjfwoxys0993x768l1j2.jpg,C:\LeDucLuong\HK VII\LuanCuNhan\DeepLearning\Test_Mau\archive\Kvasir-SEG\Kvasir-SEG\masks\cju2rkjfwoxys0993x768l1j2.jpg,train/images/cju2rkjfwoxys0993x768l1j2.jpg,train/masks_original/cju2rkjfwoxys0993x768l1j2.jpg,train/masks_binary/cju2rkjfwoxys0993x768l1j2.png,a7983e971462661ae589a7c8123a311333f9293657c8532ce930bcf4af067a44,a606cbfcf4df56e1aa33077f3f4a08d7c1bd4de5c6b71a6ef03d47cec93f8a8f
train,cju2rlqdnoz9k0993cpjae3x0,C:\LeDucLuong\HK VII\LuanCuNhan\DeepLearning\Test_Mau\archive\Kvasir-SEG\Kvasir-SEG\images\cju2rlqdnoz9k0993cpjae3x0.jpg,C:\LeDucLuong\HK VII\LuanCuNhan\DeepLearning\Test_Mau\archive\Kvasir-SEG\Kvasir-SEG\masks\cju2rlqdnoz9k0993cpjae3x0.jpg,train/images/cju2rlqdnoz9k0993cpjae3x0.jpg,train/masks_original/cju2rlqdnoz9k0993cpjae3x0.jpg,train/masks_binary/cju2rlqdnoz9k0993cpjae3x0.png,c23973230b741156af2674d148329d9831a0271fc4d6fa36a0980b40e7d650a5,eceab505de01603450c66aaa8a0175f1567e3774264bc265a60afffbfcf2cdb5
train,cju2rmd2rsw9g09888hh1efu0,C:\LeDucLuong\HK VII\LuanCuNhan\DeepLearning\Test_Mau\archive\Kvasir-SEG\Kvasir-SEG\images\cju2rmd2rsw9g09888hh1efu0.jpg,C:\LeDucLuong\HK VII\LuanCuNhan\DeepLearning\Test_Mau\archive\Kvasir-SEG\Kvasir-SEG\masks\cju2rmd2rsw9g09888hh1efu0.jpg,train/images/cju2rmd2rsw9g09888hh1efu0.jpg,train/masks_original/cju2rmd2rsw9g09888hh1efu0.jpg,train/masks_binary/cju2rmd2rsw9g09888hh1efu0.png,b4a6e16ccce86f283700fb53d800d56c76fb0f481c3668927c1eb3ef843761b9,d15da18d3657f2187de290acee98d423d3a1b698561afc095802579517b3bcb1
train,cju2rn0hasxri0835nfy3buay,C:\LeDucLuong\HK VII\LuanCuNhan\DeepLearning\Test_Mau\archive\Kvasir-SEG\Kvasir-SEG\images\cju2rn0hasxri0835nfy3buay.jpg,C:\LeDucLuong\HK VII\LuanCuNhan\DeepLearning\Test_Mau\archive\Kvasir-SEG\Kvasir-SEG\masks\cju2rn0hasxri0835nfy3buay.jpg,train/images/cju2rn0hasxri0835nfy3buay.jpg,train/masks_original/cju2rn0hasxri0835nfy3buay.jpg,train/masks_binary/cju2rn0hasxri0835nfy3buay.png,7a03182700b392eba25175bb5cc018d4b1e41f98ce65d4427340ba39e910d1a5,cf279710eb4720d86228b965aabd1be26fa70cdcb6619397dcacb34cd8a603d3
train,cju2rnkt22xep0801as160g9t,C:\LeDucLuong\HK VII\LuanCuNhan\DeepLearning\Test_Mau\archive\Kvasir-SEG\Kvasir-SEG\images\cju2rnkt22xep0801as160g9t.jpg,C:\LeDucLuong\HK VII\LuanCuNhan\DeepLearning\Test_Mau\archive\Kvasir-SEG\Kvasir-SEG\masks\cju2rnkt22xep0801as160g9t.jpg,train/images/cju2rnkt22xep0801as160g9t.jpg,train/masks_original/cju2rnkt22xep0801as160g9t.jpg,train/masks_binary/cju2rnkt22xep0801as160g9t.png,ff7fb7d8c8497e0a6ad9e22d4c51c7f599bd6eaa1fca02bb89728b6468ce524e,d402748857a6d8b8372a3a2b082094556f94abec8f22b0383c161a9e4717c7fd
train,cju2ro5jqsy680988pi6qsujw,C:\LeDucLuong\HK VII\LuanCuNhan\DeepLearning\Test_Mau\archive\Kvasir-SEG\Kvasir-SEG\images\cju2ro5jqsy680988pi6qsujw.jpg,C:\LeDucLuong\HK VII\LuanCuNhan\DeepLearning\Test_Mau\archive\Kvasir-SEG\Kvasir-SEG\masks\cju2ro5jqsy680988pi6qsujw.jpg,train/images/cju2ro5jqsy680988pi6qsujw.jpg,train/masks_original/cju2ro5jqsy680988pi6qsujw.jpg,train/masks_binary/cju2ro5jqsy680988pi6qsujw.png,22bb457cd124f9e12e399bbe480307326b928940a7bc7ff793f8511ab101701c,42322140220a0c5bfaf0334ea7909eee95a2ad8f4c9a9cce3e9fae43225ac981
train,cju2rpa30t07b0835im0erql0,C:\LeDucLuong\HK VII\LuanCuNhan\DeepLearning\Test_Mau\archive\Kvasir-SEG\Kvasir-SEG\images\cju2rpa30t07b0835im0erql0.jpg,C:\LeDucLuong\HK VII\LuanCuNhan\DeepLearning\Test_Mau\archive\Kvasir-SEG\Kvasir-SEG\masks\cju2rpa30t07b0835im0erql0.jpg,train/images/cju2rpa30t07b0835im0erql0.jpg,train/masks_original/cju2rpa30t07b0835im0erql0.jpg,train/masks_binary/cju2rpa30t07b0835im0erql0.png,7521aa61d94fd77ac70f80e7454814ea68495ccd204fc05b7854a10786ca1392,3c6aa8a02b039d92fd5685f79b15ecc5f001f46d749b79025ea2f74f62533913
train,cju2rqo702wpx0855fn7d5cxh,C:\LeDucLuong\HK VII\LuanCuNhan\DeepLearning\Test_Mau\archive\Kvasir-SEG\Kvasir-SEG\images\cju2rqo702wpx0855fn7d5cxh.jpg,C:\LeDucLuong\HK VII\LuanCuNhan\DeepLearning\Test_Mau\archive\Kvasir-SEG\Kvasir-SEG\masks\cju2rqo702wpx0855fn7d5cxh.jpg,train/images/cju2rqo702wpx0855fn7d5cxh.jpg,train/masks_original/cju2rqo702wpx0855fn7d5cxh.jpg,train/masks_binary/cju2rqo702wpx0855fn7d5cxh.png,f6ba34a3bc17237147111ecce2dc15a6078be6fbd57e715bc401e65da1c9e1a6,fe7100cc236084435f6ded8213bb2694eca5441c76f4f3b3c9c82f6eb1bd9291
train,cju2rxm8rpbaf0993o3qr2oph,C:\LeDucLuong\HK VII\LuanCuNhan\DeepLearning\Test_Mau\archive\Kvasir-SEG\Kvasir-SEG\images\cju2rxm8rpbaf0993o3qr2oph.jpg,C:\LeDucLuong\HK VII\LuanCuNhan\DeepLearning\Test_Mau\archive\Kvasir-SEG\Kvasir-SEG\masks\cju2rxm8rpbaf0993o3qr2oph.jpg,train/images/cju2rxm8rpbaf0993o3qr2oph.jpg,train/masks_original/cju2rxm8rpbaf0993o3qr2oph.jpg,train/masks_binary/cju2rxm8rpbaf0993o3qr2oph.png,73a7af4116416b88447d2bb798b63f1b96117d28c806fa68be1341b8b3d9205e,163e496902779eb41ed9792eb9190603b892d776f77ba1952c2e2e341bee7d39
train,cju2rz4k434s70855wwx3ddtx,C:\LeDucLuong\HK VII\LuanCuNhan\DeepLearning\Test_Mau\archive\Kvasir-SEG\Kvasir-SEG\images\cju2rz4k434s70855wwx3ddtx.jpg,C:\LeDucLuong\HK VII\LuanCuNhan\DeepLearning\Test_Mau\archive\Kvasir-SEG\Kvasir-SEG\masks\cju2rz4k434s70855wwx3ddtx.jpg,train/images/cju2rz4k434s70855wwx3ddtx.jpg,train/masks_original/cju2rz4k434s70855wwx3ddtx.jpg,train/masks_binary/cju2rz4k434s70855wwx3ddtx.png,fe5192f8caa6a11354e0ac72210ad12616bbc7a47b88cf13d3604ef63764c01a,c9c19d83d39a740d398b782be2b52847bd5649b02eec43399cd1276d688e25ad
train,cju2rzpsmtb0f0835jabkbao1,C:\LeDucLuong\HK VII\LuanCuNhan\DeepLearning\Test_Mau\archive\Kvasir-SEG\Kvasir-SEG\images\cju2rzpsmtb0f0835jabkbao1.jpg,C:\LeDucLuong\HK VII\LuanCuNhan\DeepLearning\Test_Mau\archive\Kvasir-SEG\Kvasir-SEG\masks\cju2rzpsmtb0f0835jabkbao1.jpg,train/images/cju2rzpsmtb0f0835jabkbao1.jpg,train/masks_original/cju2rzpsmtb0f0835jabkbao1.jpg,train/masks_binary/cju2rzpsmtb0f0835jabkbao1.png,bb81d9cd2708b6aa16631c82bb76b3cfacd13ef304680ce93033e317d5c79e92,08fbe86c59d0ca571de3ba8345bd7734b36062a004ce420a7868ba184c7fd9b8
train,cju2s16zp317h0799gr67jqc2,C:\LeDucLuong\HK VII\LuanCuNhan\DeepLearning\Test_Mau\archive\Kvasir-SEG\Kvasir-SEG\images\cju2s16zp317h0799gr67jqc2.jpg,C:\LeDucLuong\HK VII\LuanCuNhan\DeepLearning\Test_Mau\archive\Kvasir-SEG\Kvasir-SEG\masks\cju2s16zp317h0799gr67jqc2.jpg,train/images/cju2s16zp317h0799gr67jqc2.jpg,train/masks_original/cju2s16zp317h0799gr67jqc2.jpg,train/masks_binary/cju2s16zp317h0799gr67jqc2.png,5774d85f6d9ac704045b5c9ae195f3b053a997ba499cac8ba963cc954f4ca446,0afd9a27f6996921a381e29c2b229ffcc99704c0998e96eac77e9ef62ef18238
train,cju2s2527pfyr0993l3h1149a,C:\LeDucLuong\HK VII\LuanCuNhan\DeepLearning\Test_Mau\archive\Kvasir-SEG\Kvasir-SEG\images\cju2s2527pfyr0993l3h1149a.jpg,C:\LeDucLuong\HK VII\LuanCuNhan\DeepLearning\Test_Mau\archive\Kvasir-SEG\Kvasir-SEG\masks\cju2s2527pfyr0993l3h1149a.jpg,train/images/cju2s2527pfyr0993l3h1149a.jpg,train/masks_original/cju2s2527pfyr0993l3h1149a.jpg,train/masks_binary/cju2s2527pfyr0993l3h1149a.png,5e6b0ad6652745b459e0a86ca6a2490e4950a958629a0c130ed4307b289f7f3e,b369358be4657db92e75b4aed55b748fae7e49adb157145598600752630166c1
train,cju2s9g11pnra0993gn4eh793,C:\LeDucLuong\HK VII\LuanCuNhan\DeepLearning\Test_Mau\archive\Kvasir-SEG\Kvasir-SEG\images\cju2s9g11pnra0993gn4eh793.jpg,C:\LeDucLuong\HK VII\LuanCuNhan\DeepLearning\Test_Mau\archive\Kvasir-SEG\Kvasir-SEG\masks\cju2s9g11pnra0993gn4eh793.jpg,train/images/cju2s9g11pnra0993gn4eh793.jpg,train/masks_original/cju2s9g11pnra0993gn4eh793.jpg,train/masks_binary/cju2s9g11pnra0993gn4eh793.png,3bf73edb4cd79da3af47236407cc13b46e849eac8015e596c145b0ee8b808847,a4e0ee4dc6d2eae1b3212cabd3ffa4934fd1f5c600a19eeabb340414e41cb42d
train,cju2saez63gxl08559ucjq3kt,C:\LeDucLuong\HK VII\LuanCuNhan\DeepLearning\Test_Mau\archive\Kvasir-SEG\Kvasir-SEG\images\cju2saez63gxl08559ucjq3kt.jpg,C:\LeDucLuong\HK VII\LuanCuNhan\DeepLearning\Test_Mau\archive\Kvasir-SEG\Kvasir-SEG\masks\cju2saez63gxl08559ucjq3kt.jpg,train/images/cju2saez63gxl08559ucjq3kt.jpg,train/masks_original/cju2saez63gxl08559ucjq3kt.jpg,train/masks_binary/cju2saez63gxl08559ucjq3kt.png,d41c98a9b68d814980561b2096b9e50a344cf455ccc54a62bda29d586aac71ff,fdcb560ac046b9aa567a5dc6a998112ba5735d23d48fb5b655016754f02d057a
train,cju2sevf53lkx08558h5bpaig,C:\LeDucLuong\HK VII\LuanCuNhan\DeepLearning\Test_Mau\archive\Kvasir-SEG\Kvasir-SEG\images\cju2sevf53lkx08558h5bpaig.jpg,C:\LeDucLuong\HK VII\LuanCuNhan\DeepLearning\Test_Mau\archive\Kvasir-SEG\Kvasir-SEG\masks\cju2sevf53lkx08558h5bpaig.jpg,train/images/cju2sevf53lkx08558h5bpaig.jpg,train/masks_original/cju2sevf53lkx08558h5bpaig.jpg,train/masks_binary/cju2sevf53lkx08558h5bpaig.png,67c1f57be74afeb0b33f64e7802de94784561bab07acef4ccc98bf770cd686d9,c0ec57fe9f8d6ebdd81a58497db21de79b6a75e18f237381d690c4e547c8f0bc
train,cju2sggy13na70855tbeoqgha,C:\LeDucLuong\HK VII\LuanCuNhan\DeepLearning\Test_Mau\archive\Kvasir-SEG\Kvasir-SEG\images\cju2sggy13na70855tbeoqgha.jpg,C:\LeDucLuong\HK VII\LuanCuNhan\DeepLearning\Test_Mau\archive\Kvasir-SEG\Kvasir-SEG\masks\cju2sggy13na70855tbeoqgha.jpg,train/images/cju2sggy13na70855tbeoqgha.jpg,train/masks_original/cju2sggy13na70855tbeoqgha.jpg,train/masks_binary/cju2sggy13na70855tbeoqgha.png,28eaba8b43a42ebfd8962573d8ed3c014f2f1d0799c3280307bb3979890c4c03,8da891fef0a6d7d3af7d2f89e2ad060934e9e4c08ff43561ca61445d9692002c
train,cju2spdagu1l50835da1f46fr,C:\LeDucLuong\HK VII\LuanCuNhan\DeepLearning\Test_Mau\archive\Kvasir-SEG\Kvasir-SEG\images\cju2spdagu1l50835da1f46fr.jpg,C:\LeDucLuong\HK VII\LuanCuNhan\DeepLearning\Test_Mau\archive\Kvasir-SEG\Kvasir-SEG\masks\cju2spdagu1l50835da1f46fr.jpg,train/images/cju2spdagu1l50835da1f46fr.jpg,train/masks_original/cju2spdagu1l50835da1f46fr.jpg,train/masks_binary/cju2spdagu1l50835da1f46fr.png,d60b2318705fb7fdd76cb504e4d021bf2a3ff636dbf42a85710c6a6da3a12a64,0aecbe7d4b26a60f467d35c6ca7b94410c71847227b7775f60f28fb257d4d1ab
train,cju2srvy5440s0801y1ba9akr,C:\LeDucLuong\HK VII\LuanCuNhan\DeepLearning\Test_Mau\archive\Kvasir-SEG\Kvasir-SEG\images\cju2srvy5440s0801y1ba9akr.jpg,C:\LeDucLuong\HK VII\LuanCuNhan\DeepLearning\Test_Mau\archive\Kvasir-SEG\Kvasir-SEG\masks\cju2srvy5440s0801y1ba9akr.jpg,train/images/cju2srvy5440s0801y1ba9akr.jpg,train/masks_original/cju2srvy5440s0801y1ba9akr.jpg,train/masks_binary/cju2srvy5440s0801y1ba9akr.png,e5c9402bb1a4f8003bc5cfc99b7f79005028a97fcbe7b3fefd0de4553c8dabdb,3c162dfe87d8c3868083ea49756f9ecc5211f5d8455f975a2216fb4225dce08f
train,cju2sszfq3uye0878sucelzk2,C:\LeDucLuong\HK VII\LuanCuNhan\DeepLearning\Test_Mau\archive\Kvasir-SEG\Kvasir-SEG\images\cju2sszfq3uye0878sucelzk2.jpg,C:\LeDucLuong\HK VII\LuanCuNhan\DeepLearning\Test_Mau\archive\Kvasir-SEG\Kvasir-SEG\masks\cju2sszfq3uye0878sucelzk2.jpg,train/images/cju2sszfq3uye0878sucelzk2.jpg,train/masks_original/cju2sszfq3uye0878sucelzk2.jpg,train/masks_binary/cju2sszfq3uye0878sucelzk2.png,c7097bded22523cb48172c730da777bac091774ce8272b494bd7d66dfd2293e2,892be07bde577255f97383930b742ae4f22a6ed1c64766adc2be6ceefda82acc
train,cju2suk42469908015ngmq6f2,C:\LeDucLuong\HK VII\LuanCuNhan\DeepLearning\Test_Mau\archive\Kvasir-SEG\Kvasir-SEG\images\cju2suk42469908015ngmq6f2.jpg,C:\LeDucLuong\HK VII\LuanCuNhan\DeepLearning\Test_Mau\archive\Kvasir-SEG\Kvasir-SEG\masks\cju2suk42469908015ngmq6f2.jpg,train/images/cju2suk42469908015ngmq6f2.jpg,train/masks_original/cju2suk42469908015ngmq6f2.jpg,train/masks_binary/cju2suk42469908015ngmq6f2.png,3122790b11405a5bcef79316a1d6957ab462631feff7baec6e31fc1640172256,81412490eb6702926cfa6215eda031cd9bf302528eb373c56d0f0ec0ba79a904
train,cju2sxf3iqbpv09937iksn8ep,C:\LeDucLuong\HK VII\LuanCuNhan\DeepLearning\Test_Mau\archive\Kvasir-SEG\Kvasir-SEG\images\cju2sxf3iqbpv09937iksn8ep.jpg,C:\LeDucLuong\HK VII\LuanCuNhan\DeepLearning\Test_Mau\archive\Kvasir-SEG\Kvasir-SEG\masks\cju2sxf3iqbpv09937iksn8ep.jpg,train/images/cju2sxf3iqbpv09937iksn8ep.jpg,train/masks_original/cju2sxf3iqbpv09937iksn8ep.jpg,train/masks_binary/cju2sxf3iqbpv09937iksn8ep.png,cd7f6f32c99eb209f742135ebeeba3027a8c9158e3850f42b1611ef2829d785c,9697b5655ef472423408bffe7447e0bfb4a0bd74739b08ad585a63fb287edcf2
train,cju2syxa93yw40799x2iuwabz,C:\LeDucLuong\HK VII\LuanCuNhan\DeepLearning\Test_Mau\archive\Kvasir-SEG\Kvasir-SEG\images\cju2syxa93yw40799x2iuwabz.jpg,C:\LeDucLuong\HK VII\LuanCuNhan\DeepLearning\Test_Mau\archive\Kvasir-SEG\Kvasir-SEG\masks\cju2syxa93yw40799x2iuwabz.jpg,train/images/cju2syxa93yw40799x2iuwabz.jpg,train/masks_original/cju2syxa93yw40799x2iuwabz.jpg,train/masks_binary/cju2syxa93yw40799x2iuwabz.png,61b39e1eb26a28b7b53d55f634bccd2564961bd3fbaf7fdb174ce0946a5b236f,5adc824fbf279851750bb85035b6bfd23d0f8370644b4486a072fb1aa52120bb
train,cju2t16vuucaq0835xcpsivn2,C:\LeDucLuong\HK VII\LuanCuNhan\DeepLearning\Test_Mau\archive\Kvasir-SEG\Kvasir-SEG\images\cju2t16vuucaq0835xcpsivn2.jpg,C:\LeDucLuong\HK VII\LuanCuNhan\DeepLearning\Test_Mau\archive\Kvasir-SEG\Kvasir-SEG\masks\cju2t16vuucaq0835xcpsivn2.jpg,train/images/cju2t16vuucaq0835xcpsivn2.jpg,train/masks_original/cju2t16vuucaq0835xcpsivn2.jpg,train/masks_binary/cju2t16vuucaq0835xcpsivn2.png,4298a7437d07a49a7e7cdf238259a7208e67d69cce4002ff20ed67cf8f51cfbc,ea9c3861898cd9fb5515101c2a8775f175a485a5fc756dba86035eef2bf688c7
train,cju2t2ivz43i10878zeg8r1br,C:\LeDucLuong\HK VII\LuanCuNhan\DeepLearning\Test_Mau\archive\Kvasir-SEG\Kvasir-SEG\images\cju2t2ivz43i10878zeg8r1br.jpg,C:\LeDucLuong\HK VII\LuanCuNhan\DeepLearning\Test_Mau\archive\Kvasir-SEG\Kvasir-SEG\masks\cju2t2ivz43i10878zeg8r1br.jpg,train/images/cju2t2ivz43i10878zeg8r1br.jpg,train/masks_original/cju2t2ivz43i10878zeg8r1br.jpg,train/masks_binary/cju2t2ivz43i10878zeg8r1br.png,27096818c413f3d6a7e26068e1abcb94636e012b1966508b1b753dce5d1b27ad,d7400bda7422bc4e1a2a818728458fae947404d00154c41d9efdbd67090f1afc
train,cju2t3ibkuecr0835o7si16zv,C:\LeDucLuong\HK VII\LuanCuNhan\DeepLearning\Test_Mau\archive\Kvasir-SEG\Kvasir-SEG\images\cju2t3ibkuecr0835o7si16zv.jpg,C:\LeDucLuong\HK VII\LuanCuNhan\DeepLearning\Test_Mau\archive\Kvasir-SEG\Kvasir-SEG\masks\cju2t3ibkuecr0835o7si16zv.jpg,train/images/cju2t3ibkuecr0835o7si16zv.jpg,train/masks_original/cju2t3ibkuecr0835o7si16zv.jpg,train/masks_binary/cju2t3ibkuecr0835o7si16zv.png,d9c9103e0bbe64772a7ed4f86680fca8668a24ad7374f200387e5c1bad151479,2eb001fb1b4020aa856e361d14f65184be014d178607b7aeb341f2a16dd59e54
train,cju2t62nq45jl0799odpufwx6,C:\LeDucLuong\HK VII\LuanCuNhan\DeepLearning\Test_Mau\archive\Kvasir-SEG\Kvasir-SEG\images\cju2t62nq45jl0799odpufwx6.jpg,C:\LeDucLuong\HK VII\LuanCuNhan\DeepLearning\Test_Mau\archive\Kvasir-SEG\Kvasir-SEG\masks\cju2t62nq45jl0799odpufwx6.jpg,train/images/cju2t62nq45jl0799odpufwx6.jpg,train/masks_original/cju2t62nq45jl0799odpufwx6.jpg,train/masks_binary/cju2t62nq45jl0799odpufwx6.png,25beb2484aad97c06e4dc0bbf50ad1e359555bcb86f4282dc377a04dc28f0a63,906a750e4882c7c45db3b388880cdc6fbf708bfbec4eca824c20b65c44495fad
train,cju2t9tdwuk700835kv0ljmtl,C:\LeDucLuong\HK VII\LuanCuNhan\DeepLearning\Test_Mau\archive\Kvasir-SEG\Kvasir-SEG\images\cju2t9tdwuk700835kv0ljmtl.jpg,C:\LeDucLuong\HK VII\LuanCuNhan\DeepLearning\Test_Mau\archive\Kvasir-SEG\Kvasir-SEG\masks\cju2t9tdwuk700835kv0ljmtl.jpg,train/images/cju2t9tdwuk700835kv0ljmtl.jpg,train/masks_original/cju2t9tdwuk700835kv0ljmtl.jpg,train/masks_binary/cju2t9tdwuk700835kv0ljmtl.png,11d3bf862672dfe448056492954758c5227e8718413c5304cc948d4dc4115d85,a1893c03ac0b76e2730bfb584caaac844689b57b6e2d17479d0e0bc5f36ad5ca
train,cju2ti1du4idn0878giuozonw,C:\LeDucLuong\HK VII\LuanCuNhan\DeepLearning\Test_Mau\archive\Kvasir-SEG\Kvasir-SEG\images\cju2ti1du4idn0878giuozonw.jpg,C:\LeDucLuong\HK VII\LuanCuNhan\DeepLearning\Test_Mau\archive\Kvasir-SEG\Kvasir-SEG\masks\cju2ti1du4idn0878giuozonw.jpg,train/images/cju2ti1du4idn0878giuozonw.jpg,train/masks_original/cju2ti1du4idn0878giuozonw.jpg,train/masks_binary/cju2ti1du4idn0878giuozonw.png,9cb620f9bba8d8bbcc37ff060402a360657638586bbc937df1d4988d8b6d62cc,ab0b75738bb75ce7a7f0428a7df9210cd745235ad69d52be889dba5e762c61b5
train,cju2tjrog4jy30878pawyazqc,C:\LeDucLuong\HK VII\LuanCuNhan\DeepLearning\Test_Mau\archive\Kvasir-SEG\Kvasir-SEG\images\cju2tjrog4jy30878pawyazqc.jpg,C:\LeDucLuong\HK VII\LuanCuNhan\DeepLearning\Test_Mau\archive\Kvasir-SEG\Kvasir-SEG\masks\cju2tjrog4jy30878pawyazqc.jpg,train/images/cju2tjrog4jy30878pawyazqc.jpg,train/masks_original/cju2tjrog4jy30878pawyazqc.jpg,train/masks_binary/cju2tjrog4jy30878pawyazqc.png,578f9837799182976694b9b964635ab21dfa65b43aba2162b99bdd4347175bff,77716a4372358f528775dd06abb09b7d4858eb0fea7e46dea95eb21fdd69d573
train,cju2top2ruxxy0988p1svx36g,C:\LeDucLuong\HK VII\LuanCuNhan\DeepLearning\Test_Mau\archive\Kvasir-SEG\Kvasir-SEG\images\cju2top2ruxxy0988p1svx36g.jpg,C:\LeDucLuong\HK VII\LuanCuNhan\DeepLearning\Test_Mau\archive\Kvasir-SEG\Kvasir-SEG\masks\cju2top2ruxxy0988p1svx36g.jpg,train/images/cju2top2ruxxy0988p1svx36g.jpg,train/masks_original/cju2top2ruxxy0988p1svx36g.jpg,train/masks_binary/cju2top2ruxxy0988p1svx36g.png,8ceb1fed988b5686ed6debbc0065ed105baa999ac1b1e7a243e79e1c311cf084,cdfc54d59731cbd201c9ccffea95eaf87de5effbeefef19dbf9a7427014f54cf
train,cju2tpfa5uyx408359datxqqj,C:\LeDucLuong\HK VII\LuanCuNhan\DeepLearning\Test_Mau\archive\Kvasir-SEG\Kvasir-SEG\images\cju2tpfa5uyx408359datxqqj.jpg,C:\LeDucLuong\HK VII\LuanCuNhan\DeepLearning\Test_Mau\archive\Kvasir-SEG\Kvasir-SEG\masks\cju2tpfa5uyx408359datxqqj.jpg,train/images/cju2tpfa5uyx408359datxqqj.jpg,train/masks_original/cju2tpfa5uyx408359datxqqj.jpg,train/masks_binary/cju2tpfa5uyx408359datxqqj.png,b3e80c76a010b3562293b92bd0a7eef489c6a70caf4497a7ed71b2fbe0b134c2,babd364a67af1618f6239349f3c447c33a3f0fb64a0d5fbd65b511f0f477b59e
train,cju2tqfgw4oat0799rn0g5b2z,C:\LeDucLuong\HK VII\LuanCuNhan\DeepLearning\Test_Mau\archive\Kvasir-SEG\Kvasir-SEG\images\cju2tqfgw4oat0799rn0g5b2z.jpg,C:\LeDucLuong\HK VII\LuanCuNhan\DeepLearning\Test_Mau\archive\Kvasir-SEG\Kvasir-SEG\masks\cju2tqfgw4oat0799rn0g5b2z.jpg,train/images/cju2tqfgw4oat0799rn0g5b2z.jpg,train/masks_original/cju2tqfgw4oat0799rn0g5b2z.jpg,train/masks_binary/cju2tqfgw4oat0799rn0g5b2z.png,df45b711a38e89ca36cf4822e21102a6afeeffc2f56fab9d610a25e656f122ee,76bd284dac55975a7316d542087934f60173e618b80f94c3437d551d30a22ee3
train,cju2trbpkv0c00988hxla5dzz,C:\LeDucLuong\HK VII\LuanCuNhan\DeepLearning\Test_Mau\archive\Kvasir-SEG\Kvasir-SEG\images\cju2trbpkv0c00988hxla5dzz.jpg,C:\LeDucLuong\HK VII\LuanCuNhan\DeepLearning\Test_Mau\archive\Kvasir-SEG\Kvasir-SEG\masks\cju2trbpkv0c00988hxla5dzz.jpg,train/images/cju2trbpkv0c00988hxla5dzz.jpg,train/masks_original/cju2trbpkv0c00988hxla5dzz.jpg,train/masks_binary/cju2trbpkv0c00988hxla5dzz.png,2bcf560a95ca47264acd34504f3c672d94c7f7b8eb69421be6572b9b254430f1,57bc82dba12721593b52cdb5e840f3a59ed4aace8c12619a48386b284b6b8290
train,cju2trtjf4qjd0878a2zle9v9,C:\LeDucLuong\HK VII\LuanCuNhan\DeepLearning\Test_Mau\archive\Kvasir-SEG\Kvasir-SEG\images\cju2trtjf4qjd0878a2zle9v9.jpg,C:\LeDucLuong\HK VII\LuanCuNhan\DeepLearning\Test_Mau\archive\Kvasir-SEG\Kvasir-SEG\masks\cju2trtjf4qjd0878a2zle9v9.jpg,train/images/cju2trtjf4qjd0878a2zle9v9.jpg,train/masks_original/cju2trtjf4qjd0878a2zle9v9.jpg,train/masks_binary/cju2trtjf4qjd0878a2zle9v9.png,c2313638619861dfe96e0969bcb65177fb2234c904cb9db6115181c308ee957f,d1c7fe8459db5914d4528f22901d61900c212637f73a80de0baf3724e5248c9e
train,cju2tvrvm53ws0801a0jfjdxg,C:\LeDucLuong\HK VII\LuanCuNhan\DeepLearning\Test_Mau\archive\Kvasir-SEG\Kvasir-SEG\images\cju2tvrvm53ws0801a0jfjdxg.jpg,C:\LeDucLuong\HK VII\LuanCuNhan\DeepLearning\Test_Mau\archive\Kvasir-SEG\Kvasir-SEG\masks\cju2tvrvm53ws0801a0jfjdxg.jpg,train/images/cju2tvrvm53ws0801a0jfjdxg.jpg,train/masks_original/cju2tvrvm53ws0801a0jfjdxg.jpg,train/masks_binary/cju2tvrvm53ws0801a0jfjdxg.png,773631c35f1a8aba9ee649f2d08beb518212f79bd7045aeb36f12a4a4844d7ea,739a90692152073cd4cc282bba7fa30c98299f6dab4198dc67a948d943382b92
train,cju2txjfzv60w098839dcimys,C:\LeDucLuong\HK VII\LuanCuNhan\DeepLearning\Test_Mau\archive\Kvasir-SEG\Kvasir-SEG\images\cju2txjfzv60w098839dcimys.jpg,C:\LeDucLuong\HK VII\LuanCuNhan\DeepLearning\Test_Mau\archive\Kvasir-SEG\Kvasir-SEG\masks\cju2txjfzv60w098839dcimys.jpg,train/images/cju2txjfzv60w098839dcimys.jpg,train/masks_original/cju2txjfzv60w098839dcimys.jpg,train/masks_binary/cju2txjfzv60w098839dcimys.png,1917d8e1403eb918030741548be1f2f339e00907d989dd14138c23962dfd17c5,f25a26fc3f370ef7f4989e77030efd307a3953ca51fca8a6fadfc3200905576a
train,cju2tzypl4wss0799ow05oxb9,C:\LeDucLuong\HK VII\LuanCuNhan\DeepLearning\Test_Mau\archive\Kvasir-SEG\Kvasir-SEG\images\cju2tzypl4wss0799ow05oxb9.jpg,C:\LeDucLuong\HK VII\LuanCuNhan\DeepLearning\Test_Mau\archive\Kvasir-SEG\Kvasir-SEG\masks\cju2tzypl4wss0799ow05oxb9.jpg,train/images/cju2tzypl4wss0799ow05oxb9.jpg,train/masks_original/cju2tzypl4wss0799ow05oxb9.jpg,train/masks_binary/cju2tzypl4wss0799ow05oxb9.png,42b3cde989fb734acedd999b0d4b73c3efc09b03ae1b83cb763ba3d3f3134406,6a9fd08e40e2f8dfd1673448065be154e8bbcc40365b729ca598ddb1fb81b02f
train,cju2u2b9o4zvp08788qb9nqxj,C:\LeDucLuong\HK VII\LuanCuNhan\DeepLearning\Test_Mau\archive\Kvasir-SEG\Kvasir-SEG\images\cju2u2b9o4zvp08788qb9nqxj.jpg,C:\LeDucLuong\HK VII\LuanCuNhan\DeepLearning\Test_Mau\archive\Kvasir-SEG\Kvasir-SEG\masks\cju2u2b9o4zvp08788qb9nqxj.jpg,train/images/cju2u2b9o4zvp08788qb9nqxj.jpg,train/masks_original/cju2u2b9o4zvp08788qb9nqxj.jpg,train/masks_binary/cju2u2b9o4zvp08788qb9nqxj.png,e2900724e6b60ae3600875fc87443aa5d552d251b5e6dcdeb817e1898f16eafe,65b8748cf74b5cef65d6e710f5e70d2e52a880d17e896d3a0367ef94192295fa
train,cju2u4pymvc720988wsxrmi84,C:\LeDucLuong\HK VII\LuanCuNhan\DeepLearning\Test_Mau\archive\Kvasir-SEG\Kvasir-SEG\images\cju2u4pymvc720988wsxrmi84.jpg,C:\LeDucLuong\HK VII\LuanCuNhan\DeepLearning\Test_Mau\archive\Kvasir-SEG\Kvasir-SEG\masks\cju2u4pymvc720988wsxrmi84.jpg,train/images/cju2u4pymvc720988wsxrmi84.jpg,train/masks_original/cju2u4pymvc720988wsxrmi84.jpg,train/masks_binary/cju2u4pymvc720988wsxrmi84.png,b521f005060bddaa186ba3af9b394af2411b87db7a8dcaf2d3ff8bb1dde099ac,4feb2ff579fc57496cb8e52300d941f2d8e046852b6b4fdb8ddd06a08672fcbc
train,cju2u73dj53oz0878486k8k4b,C:\LeDucLuong\HK VII\LuanCuNhan\DeepLearning\Test_Mau\archive\Kvasir-SEG\Kvasir-SEG\images\cju2u73dj53oz0878486k8k4b.jpg,C:\LeDucLuong\HK VII\LuanCuNhan\DeepLearning\Test_Mau\archive\Kvasir-SEG\Kvasir-SEG\masks\cju2u73dj53oz0878486k8k4b.jpg,train/images/cju2u73dj53oz0878486k8k4b.jpg,train/masks_original/cju2u73dj53oz0878486k8k4b.jpg,train/masks_binary/cju2u73dj53oz0878486k8k4b.png,e64297274cc9c03765d6e50bd6c28534d0dc01579b08ea76ea12948084b5864e,794559d4aa96b7aa0df4e447ce3a5aadbd765c37abbca4c5c5ead3183e2ab08d
train,cju2ueb6j5ado0878vf5md13o,C:\LeDucLuong\HK VII\LuanCuNhan\DeepLearning\Test_Mau\archive\Kvasir-SEG\Kvasir-SEG\images\cju2ueb6j5ado0878vf5md13o.jpg,C:\LeDucLuong\HK VII\LuanCuNhan\DeepLearning\Test_Mau\archive\Kvasir-SEG\Kvasir-SEG\masks\cju2ueb6j5ado0878vf5md13o.jpg,train/images/cju2ueb6j5ado0878vf5md13o.jpg,train/masks_original/cju2ueb6j5ado0878vf5md13o.jpg,train/masks_binary/cju2ueb6j5ado0878vf5md13o.png,8300b035c412c5ab49f09870487557d07b91fd9014c322012f8cb0d5192885d1,79453b3ea8a7b246c15472c6b735c4db7c2deaabc083907c77a106da85c189fb
train,cju2ulk385h170799rlklxob0,C:\LeDucLuong\HK VII\LuanCuNhan\DeepLearning\Test_Mau\archive\Kvasir-SEG\Kvasir-SEG\images\cju2ulk385h170799rlklxob0.jpg,C:\LeDucLuong\HK VII\LuanCuNhan\DeepLearning\Test_Mau\archive\Kvasir-SEG\Kvasir-SEG\masks\cju2ulk385h170799rlklxob0.jpg,train/images/cju2ulk385h170799rlklxob0.jpg,train/masks_original/cju2ulk385h170799rlklxob0.jpg,train/masks_binary/cju2ulk385h170799rlklxob0.png,d1453444bdc6ec8d7878d09dceb7db397ee39cc7af320099ee822f3335439019,a92ca64c7a093f8ae7c33ade6896efcbc03d80884a59e5271e8d5865a8a700b8
train,cju2uokeg5jm20799xwgsyz89,C:\LeDucLuong\HK VII\LuanCuNhan\DeepLearning\Test_Mau\archive\Kvasir-SEG\Kvasir-SEG\images\cju2uokeg5jm20799xwgsyz89.jpg,C:\LeDucLuong\HK VII\LuanCuNhan\DeepLearning\Test_Mau\archive\Kvasir-SEG\Kvasir-SEG\masks\cju2uokeg5jm20799xwgsyz89.jpg,train/images/cju2uokeg5jm20799xwgsyz89.jpg,train/masks_original/cju2uokeg5jm20799xwgsyz89.jpg,train/masks_binary/cju2uokeg5jm20799xwgsyz89.png,055a7676fede83c9a216120ec490829c247fe45061b0aafeb17ae93cd9201efa,daa042ab62d0654f9f4d54172f3c9185e63429aae79fff059cda1c796cafacba
train,cju2upu4evw7g08358guwozxv,C:\LeDucLuong\HK VII\LuanCuNhan\DeepLearning\Test_Mau\archive\Kvasir-SEG\Kvasir-SEG\images\cju2upu4evw7g08358guwozxv.jpg,C:\LeDucLuong\HK VII\LuanCuNhan\DeepLearning\Test_Mau\archive\Kvasir-SEG\Kvasir-SEG\masks\cju2upu4evw7g08358guwozxv.jpg,train/images/cju2upu4evw7g08358guwozxv.jpg,train/masks_original/cju2upu4evw7g08358guwozxv.jpg,train/masks_binary/cju2upu4evw7g08358guwozxv.png,b5d4749a8c5b71d4e32e59d39729390d32d8f1aabd07796c9d99e37888631b88,ca7a55e55cc719a79269502e9e1c374b729d388393df8e76f7f7ece0a36c42cf
train,cju2urqpwvxw70835rvndvtsi,C:\LeDucLuong\HK VII\LuanCuNhan\DeepLearning\Test_Mau\archive\Kvasir-SEG\Kvasir-SEG\images\cju2urqpwvxw70835rvndvtsi.jpg,C:\LeDucLuong\HK VII\LuanCuNhan\DeepLearning\Test_Mau\archive\Kvasir-SEG\Kvasir-SEG\masks\cju2urqpwvxw70835rvndvtsi.jpg,train/images/cju2urqpwvxw70835rvndvtsi.jpg,train/masks_original/cju2urqpwvxw70835rvndvtsi.jpg,train/masks_binary/cju2urqpwvxw70835rvndvtsi.png,58dc86cb636c1d31776b9fc561856e4fbece83f6f629020809ec282c29f52e19,8a6447d5a79bad1f5ee94b586a26ebe57ce400ffd78439f403f4fea265db3468
train,cju2uwz9f5yf1085506cfamfx,C:\LeDucLuong\HK VII\LuanCuNhan\DeepLearning\Test_Mau\archive\Kvasir-SEG\Kvasir-SEG\images\cju2uwz9f5yf1085506cfamfx.jpg,C:\LeDucLuong\HK VII\LuanCuNhan\DeepLearning\Test_Mau\archive\Kvasir-SEG\Kvasir-SEG\masks\cju2uwz9f5yf1085506cfamfx.jpg,train/images/cju2uwz9f5yf1085506cfamfx.jpg,train/masks_original/cju2uwz9f5yf1085506cfamfx.jpg,train/masks_binary/cju2uwz9f5yf1085506cfamfx.png,8a8b83268cdd2cda2997eb40ae16dfeccb574c8b60122cecf6d5f132715c1b0c,d54975ce2b1cd8f69cab0190c6d4884f89d2d4f425bd304f6b470aa10f146a0e
train,cju2uy8ox62jo0801g88hh42z,C:\LeDucLuong\HK VII\LuanCuNhan\DeepLearning\Test_Mau\archive\Kvasir-SEG\Kvasir-SEG\images\cju2uy8ox62jo0801g88hh42z.jpg,C:\LeDucLuong\HK VII\LuanCuNhan\DeepLearning\Test_Mau\archive\Kvasir-SEG\Kvasir-SEG\masks\cju2uy8ox62jo0801g88hh42z.jpg,train/images/cju2uy8ox62jo0801g88hh42z.jpg,train/masks_original/cju2uy8ox62jo0801g88hh42z.jpg,train/masks_binary/cju2uy8ox62jo0801g88hh42z.png,c3b787efb7021fd4f66c3f22e14fe767c49b9039b23540141d55d7158a06b637,c0744e037e4c27e6730dbe30f0645b00b7c6dfcbccce61ef5614e5fd2a137383
train,cju2uzabhs6er0993x3aaf87p,C:\LeDucLuong\HK VII\LuanCuNhan\DeepLearning\Test_Mau\archive\Kvasir-SEG\Kvasir-SEG\images\cju2uzabhs6er0993x3aaf87p.jpg,C:\LeDucLuong\HK VII\LuanCuNhan\DeepLearning\Test_Mau\archive\Kvasir-SEG\Kvasir-SEG\masks\cju2uzabhs6er0993x3aaf87p.jpg,train/images/cju2uzabhs6er0993x3aaf87p.jpg,train/masks_original/cju2uzabhs6er0993x3aaf87p.jpg,train/masks_binary/cju2uzabhs6er0993x3aaf87p.png,1f734b259095a50b13cba8ef5c3d38d89b3ff02fa32116ce02218f96380bb14d,016425e2526860c8a94c65134a9f21eb529aaf97cf45db32fad32fc99fbf4377
train,cju2wtwj87kys0855kx6mddzw,C:\LeDucLuong\HK VII\LuanCuNhan\DeepLearning\Test_Mau\archive\Kvasir-SEG\Kvasir-SEG\images\cju2wtwj87kys0855kx6mddzw.jpg,C:\LeDucLuong\HK VII\LuanCuNhan\DeepLearning\Test_Mau\archive\Kvasir-SEG\Kvasir-SEG\masks\cju2wtwj87kys0855kx6mddzw.jpg,train/images/cju2wtwj87kys0855kx6mddzw.jpg,train/masks_original/cju2wtwj87kys0855kx6mddzw.jpg,train/masks_binary/cju2wtwj87kys0855kx6mddzw.png,eaf35382459a59e52b710744c50b14098b340f75c3a8a9a72da9eb9c86b4700a,593374f7407ad3618ca94c12098c3205849cc164b19c0f0d629af35b19e79e29
train,cju2wve9v7esz0878mxsdcy04,C:\LeDucLuong\HK VII\LuanCuNhan\DeepLearning\Test_Mau\archive\Kvasir-SEG\Kvasir-SEG\images\cju2wve9v7esz0878mxsdcy04.jpg,C:\LeDucLuong\HK VII\LuanCuNhan\DeepLearning\Test_Mau\archive\Kvasir-SEG\Kvasir-SEG\masks\cju2wve9v7esz0878mxsdcy04.jpg,train/images/cju2wve9v7esz0878mxsdcy04.jpg,train/masks_original/cju2wve9v7esz0878mxsdcy04.jpg,train/masks_binary/cju2wve9v7esz0878mxsdcy04.png,5e971bfd70983fd6e31808aa1de4f8535176c3f8bf36bd0f60d7086e91b116d8,e3c476a5fe36d43829ce1c892f684f736d85f673a95621bc691bb65babbee167
train,cju2wx0gh7fpz0878wwyd9ep8,C:\LeDucLuong\HK VII\LuanCuNhan\DeepLearning\Test_Mau\archive\Kvasir-SEG\Kvasir-SEG\images\cju2wx0gh7fpz0878wwyd9ep8.jpg,C:\LeDucLuong\HK VII\LuanCuNhan\DeepLearning\Test_Mau\archive\Kvasir-SEG\Kvasir-SEG\masks\cju2wx0gh7fpz0878wwyd9ep8.jpg,train/images/cju2wx0gh7fpz0878wwyd9ep8.jpg,train/masks_original/cju2wx0gh7fpz0878wwyd9ep8.jpg,train/masks_binary/cju2wx0gh7fpz0878wwyd9ep8.png,08ba1ec598f903a5e54fffe3cb3f65fb6d3909f841f8fedec8cef0e2abffe87a,d866ddad367a5877fc9e0aa29d623320b2d0b35b3acdc9445c389a5e2704e945
train,cju2wxv0hxs2f09884w48v8fi,C:\LeDucLuong\HK VII\LuanCuNhan\DeepLearning\Test_Mau\archive\Kvasir-SEG\Kvasir-SEG\images\cju2wxv0hxs2f09884w48v8fi.jpg,C:\LeDucLuong\HK VII\LuanCuNhan\DeepLearning\Test_Mau\archive\Kvasir-SEG\Kvasir-SEG\masks\cju2wxv0hxs2f09884w48v8fi.jpg,train/images/cju2wxv0hxs2f09884w48v8fi.jpg,train/masks_original/cju2wxv0hxs2f09884w48v8fi.jpg,train/masks_binary/cju2wxv0hxs2f09884w48v8fi.png,e1d21eb7d796e00b3588c62eeb49e0a1f0b5c7201545eb49e4fe987c6e4ae4a5,12cd59603738dcf81179baff73b84334ad018096ead9b15a4da962b4d7263c61
train,cju2wzu8wxtgu09880ku9x1pg,C:\LeDucLuong\HK VII\LuanCuNhan\DeepLearning\Test_Mau\archive\Kvasir-SEG\Kvasir-SEG\images\cju2wzu8wxtgu09880ku9x1pg.jpg,C:\LeDucLuong\HK VII\LuanCuNhan\DeepLearning\Test_Mau\archive\Kvasir-SEG\Kvasir-SEG\masks\cju2wzu8wxtgu09880ku9x1pg.jpg,train/images/cju2wzu8wxtgu09880ku9x1pg.jpg,train/masks_original/cju2wzu8wxtgu09880ku9x1pg.jpg,train/masks_binary/cju2wzu8wxtgu09880ku9x1pg.png,8f80208af3e9e745d7caa3836ba82d000de755be308415e36ccc3282eccbb481,6f06f49f158f21c9f5236f4e27fc3ede5fd9cc5438987f68b62749be4949a856
train,cju2x7vw87mu30878hye2ca0m,C:\LeDucLuong\HK VII\LuanCuNhan\DeepLearning\Test_Mau\archive\Kvasir-SEG\Kvasir-SEG\images\cju2x7vw87mu30878hye2ca0m.jpg,C:\LeDucLuong\HK VII\LuanCuNhan\DeepLearning\Test_Mau\archive\Kvasir-SEG\Kvasir-SEG\masks\cju2x7vw87mu30878hye2ca0m.jpg,train/images/cju2x7vw87mu30878hye2ca0m.jpg,train/masks_original/cju2x7vw87mu30878hye2ca0m.jpg,train/masks_binary/cju2x7vw87mu30878hye2ca0m.png,2cd0d052ade137db1c226f82a28ae60079e12be48b6249dd537c3462e064a428,1e0ad364c021727aed5f7119f23be73d96318b85551ef896fe09025c47a86cee
train,cju2xa3i4y0160988i679zsqd,C:\LeDucLuong\HK VII\LuanCuNhan\DeepLearning\Test_Mau\archive\Kvasir-SEG\Kvasir-SEG\images\cju2xa3i4y0160988i679zsqd.jpg,C:\LeDucLuong\HK VII\LuanCuNhan\DeepLearning\Test_Mau\archive\Kvasir-SEG\Kvasir-SEG\masks\cju2xa3i4y0160988i679zsqd.jpg,train/images/cju2xa3i4y0160988i679zsqd.jpg,train/masks_original/cju2xa3i4y0160988i679zsqd.jpg,train/masks_binary/cju2xa3i4y0160988i679zsqd.png,8405a7e208c79dc01decf896d3fc5eed71c4cb2abc33b83a0d84c0c9fa916b21,377b7e606ce0ce03b768782b249a2b8095755cec10f9604f56d7049b3cabe1ae
train,cju2xbk0080y80801eghyddi2,C:\LeDucLuong\HK VII\LuanCuNhan\DeepLearning\Test_Mau\archive\Kvasir-SEG\Kvasir-SEG\images\cju2xbk0080y80801eghyddi2.jpg,C:\LeDucLuong\HK VII\LuanCuNhan\DeepLearning\Test_Mau\archive\Kvasir-SEG\Kvasir-SEG\masks\cju2xbk0080y80801eghyddi2.jpg,train/images/cju2xbk0080y80801eghyddi2.jpg,train/masks_original/cju2xbk0080y80801eghyddi2.jpg,train/masks_binary/cju2xbk0080y80801eghyddi2.png,8216df5d4332f6335ac3d8e865543c231c8cfddaf09af9345b753af6edc728c2,900b6ddafa999950474040c133f06610c43d3d519645da028dfd85c0728c6345
train,cju2xd75m82720801q4s4ik3n,C:\LeDucLuong\HK VII\LuanCuNhan\DeepLearning\Test_Mau\archive\Kvasir-SEG\Kvasir-SEG\images\cju2xd75m82720801q4s4ik3n.jpg,C:\LeDucLuong\HK VII\LuanCuNhan\DeepLearning\Test_Mau\archive\Kvasir-SEG\Kvasir-SEG\masks\cju2xd75m82720801q4s4ik3n.jpg,train/images/cju2xd75m82720801q4s4ik3n.jpg,train/masks_original/cju2xd75m82720801q4s4ik3n.jpg,train/masks_binary/cju2xd75m82720801q4s4ik3n.png,f8b151699b4955c0fb3e6ac31c9ca8cc421d44a4445008dba4c86bb57d1407d2,cbe80906a5cf139ed6c64405b9ef46b932e0d27061cedd16e2125e48729c4237
train,cju2xf8e5y2wm08359vcgk09b,C:\LeDucLuong\HK VII\LuanCuNhan\DeepLearning\Test_Mau\archive\Kvasir-SEG\Kvasir-SEG\images\cju2xf8e5y2wm08359vcgk09b.jpg,C:\LeDucLuong\HK VII\LuanCuNhan\DeepLearning\Test_Mau\archive\Kvasir-SEG\Kvasir-SEG\masks\cju2xf8e5y2wm08359vcgk09b.jpg,train/images/cju2xf8e5y2wm08359vcgk09b.jpg,train/masks_original/cju2xf8e5y2wm08359vcgk09b.jpg,train/masks_binary/cju2xf8e5y2wm08359vcgk09b.png,d453cb76f4448810930fe95f083d6db68c58bf4986f870977d3c85d68e86d122,c554f13c45ad6b3d7a5205ea1110efac7f37d11d0b80d86556585a1dbf190a74
train,cju2xjz2ju8pe0993ysv9wg17,C:\LeDucLuong\HK VII\LuanCuNhan\DeepLearning\Test_Mau\archive\Kvasir-SEG\Kvasir-SEG\images\cju2xjz2ju8pe0993ysv9wg17.jpg,C:\LeDucLuong\HK VII\LuanCuNhan\DeepLearning\Test_Mau\archive\Kvasir-SEG\Kvasir-SEG\masks\cju2xjz2ju8pe0993ysv9wg17.jpg,train/images/cju2xjz2ju8pe0993ysv9wg17.jpg,train/masks_original/cju2xjz2ju8pe0993ysv9wg17.jpg,train/masks_binary/cju2xjz2ju8pe0993ysv9wg17.png,b242c6ba2e1da5b970ab2d7601d8900450cb9af4cbdc3c7478b1a961bcd94892,072d8643df048c2d39fd793aa1816c243aced50c2981e6fc0ce5102cbd4f30f2
train,cju2xlcqxy9c60988vjacdznb,C:\LeDucLuong\HK VII\LuanCuNhan\DeepLearning\Test_Mau\archive\Kvasir-SEG\Kvasir-SEG\images\cju2xlcqxy9c60988vjacdznb.jpg,C:\LeDucLuong\HK VII\LuanCuNhan\DeepLearning\Test_Mau\archive\Kvasir-SEG\Kvasir-SEG\masks\cju2xlcqxy9c60988vjacdznb.jpg,train/images/cju2xlcqxy9c60988vjacdznb.jpg,train/masks_original/cju2xlcqxy9c60988vjacdznb.jpg,train/masks_binary/cju2xlcqxy9c60988vjacdznb.png,13c189ba8b24a2aee7f94011a3f3670fe4e3282d079ae368bb1c1bf061a32207,bb21f31826163fdb4b94542a878d80234f23df38e85e8adbe2feb91235bfea2e
train,cju2xs6na81t20878pt6nkfip,C:\LeDucLuong\HK VII\LuanCuNhan\DeepLearning\Test_Mau\archive\Kvasir-SEG\Kvasir-SEG\images\cju2xs6na81t20878pt6nkfip.jpg,C:\LeDucLuong\HK VII\LuanCuNhan\DeepLearning\Test_Mau\archive\Kvasir-SEG\Kvasir-SEG\masks\cju2xs6na81t20878pt6nkfip.jpg,train/images/cju2xs6na81t20878pt6nkfip.jpg,train/masks_original/cju2xs6na81t20878pt6nkfip.jpg,train/masks_binary/cju2xs6na81t20878pt6nkfip.png,44a836de7b480ebd8cc12c46d5f563b3e7e46f4a24edf2ee1925805946fc2582,0e21d4a22971bf2c6cf7e6c8a6b32938532af9dadb42d78c84fae04d1717c4f9
train,cju2xwm1s84l50799i60mq0pu,C:\LeDucLuong\HK VII\LuanCuNhan\DeepLearning\Test_Mau\archive\Kvasir-SEG\Kvasir-SEG\images\cju2xwm1s84l50799i60mq0pu.jpg,C:\LeDucLuong\HK VII\LuanCuNhan\DeepLearning\Test_Mau\archive\Kvasir-SEG\Kvasir-SEG\masks\cju2xwm1s84l50799i60mq0pu.jpg,train/images/cju2xwm1s84l50799i60mq0pu.jpg,train/masks_original/cju2xwm1s84l50799i60mq0pu.jpg,train/masks_binary/cju2xwm1s84l50799i60mq0pu.png,04b7e99f3ad8387c94674a1aae81a5dcbab66b01b4b699c3207916a4859af578,60394754fd6afc056578f8a8f6e9e7b52a0c06f5fcb01ad722d35793575a4440
train,cju2xyd9vyi7m098831qcucse,C:\LeDucLuong\HK VII\LuanCuNhan\DeepLearning\Test_Mau\archive\Kvasir-SEG\Kvasir-SEG\images\cju2xyd9vyi7m098831qcucse.jpg,C:\LeDucLuong\HK VII\LuanCuNhan\DeepLearning\Test_Mau\archive\Kvasir-SEG\Kvasir-SEG\masks\cju2xyd9vyi7m098831qcucse.jpg,train/images/cju2xyd9vyi7m098831qcucse.jpg,train/masks_original/cju2xyd9vyi7m098831qcucse.jpg,train/masks_binary/cju2xyd9vyi7m098831qcucse.png,6f0109d5336f39b45ed4fe02e1d027fd2d723ddc0dac1e66411d388c49daf423,e216bb528b494b4d977f39cf4e781575fde2048ed54884f48ac017497e0c9461
train,cju2y0z6g87p10878fpk5d3rq,C:\LeDucLuong\HK VII\LuanCuNhan\DeepLearning\Test_Mau\archive\Kvasir-SEG\Kvasir-SEG\images\cju2y0z6g87p10878fpk5d3rq.jpg,C:\LeDucLuong\HK VII\LuanCuNhan\DeepLearning\Test_Mau\archive\Kvasir-SEG\Kvasir-SEG\masks\cju2y0z6g87p10878fpk5d3rq.jpg,train/images/cju2y0z6g87p10878fpk5d3rq.jpg,train/masks_original/cju2y0z6g87p10878fpk5d3rq.jpg,train/masks_binary/cju2y0z6g87p10878fpk5d3rq.png,3c4af28518866005e060a960e71f7caca48a4b2922373ad7778543a6b2aeddd4,c454d9d600ae954b1646792aa5bb0f876e6a2b8fe060be496f23fddd4f08754a
train,cju2y26c588bo07993ksd8eoz,C:\LeDucLuong\HK VII\LuanCuNhan\DeepLearning\Test_Mau\archive\Kvasir-SEG\Kvasir-SEG\images\cju2y26c588bo07993ksd8eoz.jpg,C:\LeDucLuong\HK VII\LuanCuNhan\DeepLearning\Test_Mau\archive\Kvasir-SEG\Kvasir-SEG\masks\cju2y26c588bo07993ksd8eoz.jpg,train/images/cju2y26c588bo07993ksd8eoz.jpg,train/masks_original/cju2y26c588bo07993ksd8eoz.jpg,train/masks_binary/cju2y26c588bo07993ksd8eoz.png,c6ba89263dc28ba16da8711be6c3a505c8b143802e85de80bb1c568abed26bf7,3069547b086d5eb1b192843223e457d4fbb95dac83f2872b87564c7b88998a8e
train,cju2y40d8ulqo0993q0adtgtb,C:\LeDucLuong\HK VII\LuanCuNhan\DeepLearning\Test_Mau\archive\Kvasir-SEG\Kvasir-SEG\images\cju2y40d8ulqo0993q0adtgtb.jpg,C:\LeDucLuong\HK VII\LuanCuNhan\DeepLearning\Test_Mau\archive\Kvasir-SEG\Kvasir-SEG\masks\cju2y40d8ulqo0993q0adtgtb.jpg,train/images/cju2y40d8ulqo0993q0adtgtb.jpg,train/masks_original/cju2y40d8ulqo0993q0adtgtb.jpg,train/masks_binary/cju2y40d8ulqo0993q0adtgtb.png,4896854094b3dcce130ce5c73759781e152486afa76f287f120614f28baf0b0e,b9baa847e2e0ab2e1ae8187ae20f8071470fad6e8b2ba36ebd25f4a3293e1522
train,cju2y5zas8m7f0801d34g5owq,C:\LeDucLuong\HK VII\LuanCuNhan\DeepLearning\Test_Mau\archive\Kvasir-SEG\Kvasir-SEG\images\cju2y5zas8m7f0801d34g5owq.jpg,C:\LeDucLuong\HK VII\LuanCuNhan\DeepLearning\Test_Mau\archive\Kvasir-SEG\Kvasir-SEG\masks\cju2y5zas8m7f0801d34g5owq.jpg,train/images/cju2y5zas8m7f0801d34g5owq.jpg,train/masks_original/cju2y5zas8m7f0801d34g5owq.jpg,train/masks_binary/cju2y5zas8m7f0801d34g5owq.png,3e3826a0230f0feef1655ef96a4cc9481e279dd8c5ba91adc2a6e4d471f7d300,bf54f2e065dd7b7862a74f8daafc7452cf24a727652b6c9ca2a15deb69c5f292
train,cju2y8s56ymqr083541ggdsml,C:\LeDucLuong\HK VII\LuanCuNhan\DeepLearning\Test_Mau\archive\Kvasir-SEG\Kvasir-SEG\images\cju2y8s56ymqr083541ggdsml.jpg,C:\LeDucLuong\HK VII\LuanCuNhan\DeepLearning\Test_Mau\archive\Kvasir-SEG\Kvasir-SEG\masks\cju2y8s56ymqr083541ggdsml.jpg,train/images/cju2y8s56ymqr083541ggdsml.jpg,train/masks_original/cju2y8s56ymqr083541ggdsml.jpg,train/masks_binary/cju2y8s56ymqr083541ggdsml.png,c1e855976cc43976b5690e4798e8c59e461b169d0f4b7164adf9efe8103734c4,b1735c37f8765b4e663fee28b4398474803e506f14da13c51d113d0cec286443
train,cju2yb31a8e8u0878wdashg7o,C:\LeDucLuong\HK VII\LuanCuNhan\DeepLearning\Test_Mau\archive\Kvasir-SEG\Kvasir-SEG\images\cju2yb31a8e8u0878wdashg7o.jpg,C:\LeDucLuong\HK VII\LuanCuNhan\DeepLearning\Test_Mau\archive\Kvasir-SEG\Kvasir-SEG\masks\cju2yb31a8e8u0878wdashg7o.jpg,train/images/cju2yb31a8e8u0878wdashg7o.jpg,train/masks_original/cju2yb31a8e8u0878wdashg7o.jpg,train/masks_binary/cju2yb31a8e8u0878wdashg7o.png,3a0054de4b47649b79c84c03227cf3f67646409bc8d28d29d0da3ee4d06ecb83,8ae1c2750fe328bf49e82f011af1c01bc934c10fdf0f930658ab0ca85d5d5536
train,cju2ycp1u8g2r0799jslnp7cz,C:\LeDucLuong\HK VII\LuanCuNhan\DeepLearning\Test_Mau\archive\Kvasir-SEG\Kvasir-SEG\images\cju2ycp1u8g2r0799jslnp7cz.jpg,C:\LeDucLuong\HK VII\LuanCuNhan\DeepLearning\Test_Mau\archive\Kvasir-SEG\Kvasir-SEG\masks\cju2ycp1u8g2r0799jslnp7cz.jpg,train/images/cju2ycp1u8g2r0799jslnp7cz.jpg,train/masks_original/cju2ycp1u8g2r0799jslnp7cz.jpg,train/masks_binary/cju2ycp1u8g2r0799jslnp7cz.png,d1b3e9d829a8384436539cc4e0b28ab2e5a6fd5bb4bd71af98d121b0d0894a3d,622e312f59737505339167049a010d7fa52e337a4f10e34c598e8564402b57b6
train,cju2yg5ht8i4p087800js8hp4,C:\LeDucLuong\HK VII\LuanCuNhan\DeepLearning\Test_Mau\archive\Kvasir-SEG\Kvasir-SEG\images\cju2yg5ht8i4p087800js8hp4.jpg,C:\LeDucLuong\HK VII\LuanCuNhan\DeepLearning\Test_Mau\archive\Kvasir-SEG\Kvasir-SEG\masks\cju2yg5ht8i4p087800js8hp4.jpg,train/images/cju2yg5ht8i4p087800js8hp4.jpg,train/masks_original/cju2yg5ht8i4p087800js8hp4.jpg,train/masks_binary/cju2yg5ht8i4p087800js8hp4.png,9add15468982e4767142a323eb017d5073ee36a6e31444405a5d01a267ce99b4,c680ba3407b20b16e9aa3549dffec9db7d6fd4e191aef2f5bd5735285373c3ed
train,cju2yi9tz8vky0801yqip0xyl,C:\LeDucLuong\HK VII\LuanCuNhan\DeepLearning\Test_Mau\archive\Kvasir-SEG\Kvasir-SEG\images\cju2yi9tz8vky0801yqip0xyl.jpg,C:\LeDucLuong\HK VII\LuanCuNhan\DeepLearning\Test_Mau\archive\Kvasir-SEG\Kvasir-SEG\masks\cju2yi9tz8vky0801yqip0xyl.jpg,train/images/cju2yi9tz8vky0801yqip0xyl.jpg,train/masks_original/cju2yi9tz8vky0801yqip0xyl.jpg,train/masks_binary/cju2yi9tz8vky0801yqip0xyl.png,913ba51096111d0f04f76d7b48da18a2b5b347a625ad18c1e917048e74fdaee1,9501a4456666b618aadb140234c059ab9d8d726ea2834a032c861ad9193468ff
train,cju2yljr0yzhw0988ecf271ly,C:\LeDucLuong\HK VII\LuanCuNhan\DeepLearning\Test_Mau\archive\Kvasir-SEG\Kvasir-SEG\images\cju2yljr0yzhw0988ecf271ly.jpg,C:\LeDucLuong\HK VII\LuanCuNhan\DeepLearning\Test_Mau\archive\Kvasir-SEG\Kvasir-SEG\masks\cju2yljr0yzhw0988ecf271ly.jpg,train/images/cju2yljr0yzhw0988ecf271ly.jpg,train/masks_original/cju2yljr0yzhw0988ecf271ly.jpg,train/masks_binary/cju2yljr0yzhw0988ecf271ly.png,b1663243dd4fa99adee0eb6b02fa748d27fc49594b2b4990a474d4d29d3887ef,e54a9591cc12464636fa09fb8720add0dfdd0e298631b12215e7dbbd6fb89203
train,cju2yo1j1v0qz09934o0e683p,C:\LeDucLuong\HK VII\LuanCuNhan\DeepLearning\Test_Mau\archive\Kvasir-SEG\Kvasir-SEG\images\cju2yo1j1v0qz09934o0e683p.jpg,C:\LeDucLuong\HK VII\LuanCuNhan\DeepLearning\Test_Mau\archive\Kvasir-SEG\Kvasir-SEG\masks\cju2yo1j1v0qz09934o0e683p.jpg,train/images/cju2yo1j1v0qz09934o0e683p.jpg,train/masks_original/cju2yo1j1v0qz09934o0e683p.jpg,train/masks_binary/cju2yo1j1v0qz09934o0e683p.png,1185776395131eb7c4bc25c3114d033886695ce5299847167f66da4dd6137e8e,b8b4055adaa5bc9eed2bbd17ca0495549e6169ebc874f5d56902e364450e4952
train,cju2ysg748ru80878sp6j0gm0,C:\LeDucLuong\HK VII\LuanCuNhan\DeepLearning\Test_Mau\archive\Kvasir-SEG\Kvasir-SEG\images\cju2ysg748ru80878sp6j0gm0.jpg,C:\LeDucLuong\HK VII\LuanCuNhan\DeepLearning\Test_Mau\archive\Kvasir-SEG\Kvasir-SEG\masks\cju2ysg748ru80878sp6j0gm0.jpg,train/images/cju2ysg748ru80878sp6j0gm0.jpg,train/masks_original/cju2ysg748ru80878sp6j0gm0.jpg,train/masks_binary/cju2ysg748ru80878sp6j0gm0.png,5ebd207392ab21e96218dbc2593bf7083c9848c36076229edcce93c35ca10ef7,18b219a61cc8d2ff4f3fcb51d6e2a739d2b13068fb903abefaa8eb201b9fd0b2
train,cju2yv4imv6cz099314jveiib,C:\LeDucLuong\HK VII\LuanCuNhan\DeepLearning\Test_Mau\archive\Kvasir-SEG\Kvasir-SEG\images\cju2yv4imv6cz099314jveiib.jpg,C:\LeDucLuong\HK VII\LuanCuNhan\DeepLearning\Test_Mau\archive\Kvasir-SEG\Kvasir-SEG\masks\cju2yv4imv6cz099314jveiib.jpg,train/images/cju2yv4imv6cz099314jveiib.jpg,train/masks_original/cju2yv4imv6cz099314jveiib.jpg,train/masks_binary/cju2yv4imv6cz099314jveiib.png,677a9a2d5a1fd8e9c0da0412e3f7812e58a5fdb72797c3f4e601d96b7ee14a7c,16b443d45e0ef52bb3535dd00b6069d443fe4070282ed5019675017ae34cafd4
train,cju2yw4s7z7p20988lmf2gdgd,C:\LeDucLuong\HK VII\LuanCuNhan\DeepLearning\Test_Mau\archive\Kvasir-SEG\Kvasir-SEG\images\cju2yw4s7z7p20988lmf2gdgd.jpg,C:\LeDucLuong\HK VII\LuanCuNhan\DeepLearning\Test_Mau\archive\Kvasir-SEG\Kvasir-SEG\masks\cju2yw4s7z7p20988lmf2gdgd.jpg,train/images/cju2yw4s7z7p20988lmf2gdgd.jpg,train/masks_original/cju2yw4s7z7p20988lmf2gdgd.jpg,train/masks_binary/cju2yw4s7z7p20988lmf2gdgd.png,34a41a609046136cabfc7f4e768d473b95df5aa2e4e1e02017df630a1a2fad3b,e97a923dd2bc9f62441c8a17d18e9bba8e2ed17106020da883d4c6d14dac4128
train,cju2yyhsp933j0855hp32e012,C:\LeDucLuong\HK VII\LuanCuNhan\DeepLearning\Test_Mau\archive\Kvasir-SEG\Kvasir-SEG\images\cju2yyhsp933j0855hp32e012.jpg,C:\LeDucLuong\HK VII\LuanCuNhan\DeepLearning\Test_Mau\archive\Kvasir-SEG\Kvasir-SEG\masks\cju2yyhsp933j0855hp32e012.jpg,train/images/cju2yyhsp933j0855hp32e012.jpg,train/masks_original/cju2yyhsp933j0855hp32e012.jpg,train/masks_binary/cju2yyhsp933j0855hp32e012.png,f5d709a4591374b6341b84b481d21c087d86d6df59978eb637d76c5425fc2dcc,0ff13a99085ab0817722a5dfe98f4bc65876649d1484f68dda967b80dcbc9be0
train,cju2z1nxlzaj40835wj81s1iy,C:\LeDucLuong\HK VII\LuanCuNhan\DeepLearning\Test_Mau\archive\Kvasir-SEG\Kvasir-SEG\images\cju2z1nxlzaj40835wj81s1iy.jpg,C:\LeDucLuong\HK VII\LuanCuNhan\DeepLearning\Test_Mau\archive\Kvasir-SEG\Kvasir-SEG\masks\cju2z1nxlzaj40835wj81s1iy.jpg,train/images/cju2z1nxlzaj40835wj81s1iy.jpg,train/masks_original/cju2z1nxlzaj40835wj81s1iy.jpg,train/masks_binary/cju2z1nxlzaj40835wj81s1iy.png,7775a3dfea7a382d663c1a634e03ca445c8bf674f8259520bc3d1bfe307b48c4,171b5f92195cde540b41bbc34b1cd42e0bf12739a39590fa9d2db4d736a43dc7
train,cju2z2x3nvd3c099350zgty7w,C:\LeDucLuong\HK VII\LuanCuNhan\DeepLearning\Test_Mau\archive\Kvasir-SEG\Kvasir-SEG\images\cju2z2x3nvd3c099350zgty7w.jpg,C:\LeDucLuong\HK VII\LuanCuNhan\DeepLearning\Test_Mau\archive\Kvasir-SEG\Kvasir-SEG\masks\cju2z2x3nvd3c099350zgty7w.jpg,train/images/cju2z2x3nvd3c099350zgty7w.jpg,train/masks_original/cju2z2x3nvd3c099350zgty7w.jpg,train/masks_binary/cju2z2x3nvd3c099350zgty7w.png,fb42fc57577fa882e9b6146b89d10e70aed7118b44643ef83ce916fd08ad8dc8,701bce722d23dd1820b58e8b7458a634220e09974b369cfe5296696b79d2bc96
train,cju2z45kuzf6d0988nz2c819m,C:\LeDucLuong\HK VII\LuanCuNhan\DeepLearning\Test_Mau\archive\Kvasir-SEG\Kvasir-SEG\images\cju2z45kuzf6d0988nz2c819m.jpg,C:\LeDucLuong\HK VII\LuanCuNhan\DeepLearning\Test_Mau\archive\Kvasir-SEG\Kvasir-SEG\masks\cju2z45kuzf6d0988nz2c819m.jpg,train/images/cju2z45kuzf6d0988nz2c819m.jpg,train/masks_original/cju2z45kuzf6d0988nz2c819m.jpg,train/masks_binary/cju2z45kuzf6d0988nz2c819m.png,3d6e439a5800eaee685014165d007a4fb0ff268e1d9fc5442872ed8d3627097f,101a8020cebf7473338bf64c4d24fe5e28de06e0c87a46e8f9f181b391fedda1
train,cju2z6ez69g4u0801qwt088lw,C:\LeDucLuong\HK VII\LuanCuNhan\DeepLearning\Test_Mau\archive\Kvasir-SEG\Kvasir-SEG\images\cju2z6ez69g4u0801qwt088lw.jpg,C:\LeDucLuong\HK VII\LuanCuNhan\DeepLearning\Test_Mau\archive\Kvasir-SEG\Kvasir-SEG\masks\cju2z6ez69g4u0801qwt088lw.jpg,train/images/cju2z6ez69g4u0801qwt088lw.jpg,train/masks_original/cju2z6ez69g4u0801qwt088lw.jpg,train/masks_binary/cju2z6ez69g4u0801qwt088lw.png,f112ae5c6aa37f92bbb51e2343d00625ab985c3da55a7154e2efd568d4e48fb4,22dd84e9323591710c21615f022f730eb9337a06787ec4e5a48445d2516617b9
train,cju2z9vlp9j0w0801oag91sy9,C:\LeDucLuong\HK VII\LuanCuNhan\DeepLearning\Test_Mau\archive\Kvasir-SEG\Kvasir-SEG\images\cju2z9vlp9j0w0801oag91sy9.jpg,C:\LeDucLuong\HK VII\LuanCuNhan\DeepLearning\Test_Mau\archive\Kvasir-SEG\Kvasir-SEG\masks\cju2z9vlp9j0w0801oag91sy9.jpg,train/images/cju2z9vlp9j0w0801oag91sy9.jpg,train/masks_original/cju2z9vlp9j0w0801oag91sy9.jpg,train/masks_binary/cju2z9vlp9j0w0801oag91sy9.png,18054486551eda6c5bf0c7cf35f8dfe93586d00f100498d76ffd40a530e1033c,b115b1c282b6cec80bb404511e9627602cddbd47fdddfbdcf2956577c4c695c9
train,cju2zblxw9848087853csbrx1,C:\LeDucLuong\HK VII\LuanCuNhan\DeepLearning\Test_Mau\archive\Kvasir-SEG\Kvasir-SEG\images\cju2zblxw9848087853csbrx1.jpg,C:\LeDucLuong\HK VII\LuanCuNhan\DeepLearning\Test_Mau\archive\Kvasir-SEG\Kvasir-SEG\masks\cju2zblxw9848087853csbrx1.jpg,train/images/cju2zblxw9848087853csbrx1.jpg,train/masks_original/cju2zblxw9848087853csbrx1.jpg,train/masks_binary/cju2zblxw9848087853csbrx1.png,fac2767315f187b81a2cb2c89207d14c8bcadcce26b41f395071e15f4faac68c,e271e10945a02b76ebae7fa5b30db8ddbec46c39925bcb4f22eb06fe2f2f9d5a
train,cju2zdhsczmn50988z64qwg2q,C:\LeDucLuong\HK VII\LuanCuNhan\DeepLearning\Test_Mau\archive\Kvasir-SEG\Kvasir-SEG\images\cju2zdhsczmn50988z64qwg2q.jpg,C:\LeDucLuong\HK VII\LuanCuNhan\DeepLearning\Test_Mau\archive\Kvasir-SEG\Kvasir-SEG\masks\cju2zdhsczmn50988z64qwg2q.jpg,train/images/cju2zdhsczmn50988z64qwg2q.jpg,train/masks_original/cju2zdhsczmn50988z64qwg2q.jpg,train/masks_binary/cju2zdhsczmn50988z64qwg2q.png,d42c7bd8689bd5215bf5ff3d1588616b8e4587dff22122188ca4d907621412ec,6d17a924957c96a8f49fc0b454e74f30abac5e29c742eb83e81c02a440f6cbc5
train,cju2zdvjn9h7r08553cp4eed5,C:\LeDucLuong\HK VII\LuanCuNhan\DeepLearning\Test_Mau\archive\Kvasir-SEG\Kvasir-SEG\images\cju2zdvjn9h7r08553cp4eed5.jpg,C:\LeDucLuong\HK VII\LuanCuNhan\DeepLearning\Test_Mau\archive\Kvasir-SEG\Kvasir-SEG\masks\cju2zdvjn9h7r08553cp4eed5.jpg,train/images/cju2zdvjn9h7r08553cp4eed5.jpg,train/masks_original/cju2zdvjn9h7r08553cp4eed5.jpg,train/masks_binary/cju2zdvjn9h7r08553cp4eed5.png,3c3c00d5f34059e433e37206611155b77d65797ee516012f108f4d3679b94cfa,8e4275d8d6119a0c688d8a9da7f715029071839acc3071bb91e02d9db16094de
train,cju2zgbj9zmrw0835nnlzxj4c,C:\LeDucLuong\HK VII\LuanCuNhan\DeepLearning\Test_Mau\archive\Kvasir-SEG\Kvasir-SEG\images\cju2zgbj9zmrw0835nnlzxj4c.jpg,C:\LeDucLuong\HK VII\LuanCuNhan\DeepLearning\Test_Mau\archive\Kvasir-SEG\Kvasir-SEG\masks\cju2zgbj9zmrw0835nnlzxj4c.jpg,train/images/cju2zgbj9zmrw0835nnlzxj4c.jpg,train/masks_original/cju2zgbj9zmrw0835nnlzxj4c.jpg,train/masks_binary/cju2zgbj9zmrw0835nnlzxj4c.png,477530f34fd01783877aa836d9027031a944c73b7903031f05a6692bff434794,f4764bfbc62f189fa74ce1a5410576189bc81127125f70955960677621a59c46
train,cju2zi4l09f5807991s8do2b2,C:\LeDucLuong\HK VII\LuanCuNhan\DeepLearning\Test_Mau\archive\Kvasir-SEG\Kvasir-SEG\images\cju2zi4l09f5807991s8do2b2.jpg,C:\LeDucLuong\HK VII\LuanCuNhan\DeepLearning\Test_Mau\archive\Kvasir-SEG\Kvasir-SEG\masks\cju2zi4l09f5807991s8do2b2.jpg,train/images/cju2zi4l09f5807991s8do2b2.jpg,train/masks_original/cju2zi4l09f5807991s8do2b2.jpg,train/masks_binary/cju2zi4l09f5807991s8do2b2.png,681c33cc71ebc32ee3f61c2825569e9fd819c3d8158c98ec3d8d0c038d026b3a,fed93fea28c5f7f02e843b2e820ad5b307ed75b7ed8917f7b9319a119455939d
train,cju2zjcvj9qma0801dk71hhi0,C:\LeDucLuong\HK VII\LuanCuNhan\DeepLearning\Test_Mau\archive\Kvasir-SEG\Kvasir-SEG\images\cju2zjcvj9qma0801dk71hhi0.jpg,C:\LeDucLuong\HK VII\LuanCuNhan\DeepLearning\Test_Mau\archive\Kvasir-SEG\Kvasir-SEG\masks\cju2zjcvj9qma0801dk71hhi0.jpg,train/images/cju2zjcvj9qma0801dk71hhi0.jpg,train/masks_original/cju2zjcvj9qma0801dk71hhi0.jpg,train/masks_binary/cju2zjcvj9qma0801dk71hhi0.png,75282a292033710597672b65ebaacdb4c206df5d6c73c483fc836fc6fb0abf37,7694d16d7978e2414364eb73d165ddf7059ac4257796a03c57462e59c4091856
train,cju2zkpdl9h7t0799ix60teqg,C:\LeDucLuong\HK VII\LuanCuNhan\DeepLearning\Test_Mau\archive\Kvasir-SEG\Kvasir-SEG\images\cju2zkpdl9h7t0799ix60teqg.jpg,C:\LeDucLuong\HK VII\LuanCuNhan\DeepLearning\Test_Mau\archive\Kvasir-SEG\Kvasir-SEG\masks\cju2zkpdl9h7t0799ix60teqg.jpg,train/images/cju2zkpdl9h7t0799ix60teqg.jpg,train/masks_original/cju2zkpdl9h7t0799ix60teqg.jpg,train/masks_binary/cju2zkpdl9h7t0799ix60teqg.png,c6fb7a61d7018bb2d683ecfc24b033905eee71f297e0efdfac84b669a7151f8b,fefd2fc12a44fff8cd58311cef32df1091e39b3934a6db6f4707abca1c4e254b
train,cju2zm0axztpe0988r8s9twjr,C:\LeDucLuong\HK VII\LuanCuNhan\DeepLearning\Test_Mau\archive\Kvasir-SEG\Kvasir-SEG\images\cju2zm0axztpe0988r8s9twjr.jpg,C:\LeDucLuong\HK VII\LuanCuNhan\DeepLearning\Test_Mau\archive\Kvasir-SEG\Kvasir-SEG\masks\cju2zm0axztpe0988r8s9twjr.jpg,train/images/cju2zm0axztpe0988r8s9twjr.jpg,train/masks_original/cju2zm0axztpe0988r8s9twjr.jpg,train/masks_binary/cju2zm0axztpe0988r8s9twjr.png,15b2045767f3577e4d717dcd3aa72ecef57ac0387cd2b7e0f8a9e4952e450c8d,8d8a3f4e56d7c03f7ceefb9bb52dcd1eb3c5b3a7e603bb307ede9057cb35264a
train,cju2zo0fwzv580988qlijd2xa,C:\LeDucLuong\HK VII\LuanCuNhan\DeepLearning\Test_Mau\archive\Kvasir-SEG\Kvasir-SEG\images\cju2zo0fwzv580988qlijd2xa.jpg,C:\LeDucLuong\HK VII\LuanCuNhan\DeepLearning\Test_Mau\archive\Kvasir-SEG\Kvasir-SEG\masks\cju2zo0fwzv580988qlijd2xa.jpg,train/images/cju2zo0fwzv580988qlijd2xa.jpg,train/masks_original/cju2zo0fwzv580988qlijd2xa.jpg,train/masks_binary/cju2zo0fwzv580988qlijd2xa.png,781ea2c2c50a5cd5cbcc864294af0e134df66b579fe93722ce03d919c8e6a296,a2d072d125efd714850b276a1a2e1e9ccc78cbbb4f2891543a9f4fc7370b92d7
train,cju2zp89k9q1g0855k1x0f1xa,C:\LeDucLuong\HK VII\LuanCuNhan\DeepLearning\Test_Mau\archive\Kvasir-SEG\Kvasir-SEG\images\cju2zp89k9q1g0855k1x0f1xa.jpg,C:\LeDucLuong\HK VII\LuanCuNhan\DeepLearning\Test_Mau\archive\Kvasir-SEG\Kvasir-SEG\masks\cju2zp89k9q1g0855k1x0f1xa.jpg,train/images/cju2zp89k9q1g0855k1x0f1xa.jpg,train/masks_original/cju2zp89k9q1g0855k1x0f1xa.jpg,train/masks_binary/cju2zp89k9q1g0855k1x0f1xa.png,df75d9179b4d84fe6150ef64e4af934e41a87d9f6e98b35b4ec4b819c790576f,ae9b53b6204b8a3d1defb0bd51ffac4a115b3b87dc3aec29cb62cf15d3941b59
train,cju2zpw4q9vzr0801p0lysjdl,C:\LeDucLuong\HK VII\LuanCuNhan\DeepLearning\Test_Mau\archive\Kvasir-SEG\Kvasir-SEG\images\cju2zpw4q9vzr0801p0lysjdl.jpg,C:\LeDucLuong\HK VII\LuanCuNhan\DeepLearning\Test_Mau\archive\Kvasir-SEG\Kvasir-SEG\masks\cju2zpw4q9vzr0801p0lysjdl.jpg,train/images/cju2zpw4q9vzr0801p0lysjdl.jpg,train/masks_original/cju2zpw4q9vzr0801p0lysjdl.jpg,train/masks_binary/cju2zpw4q9vzr0801p0lysjdl.png,34ef5bdf527b2fdd24661c73740b6911bc3cea11243bfd9d0ce9fd14c22730c8,e8159ab742a131f2475d8e2169869c66b6f00d79f7532a0731592da45d5923f0
train,cju2zr3c3vwb00993jn06bbaz,C:\LeDucLuong\HK VII\LuanCuNhan\DeepLearning\Test_Mau\archive\Kvasir-SEG\Kvasir-SEG\images\cju2zr3c3vwb00993jn06bbaz.jpg,C:\LeDucLuong\HK VII\LuanCuNhan\DeepLearning\Test_Mau\archive\Kvasir-SEG\Kvasir-SEG\masks\cju2zr3c3vwb00993jn06bbaz.jpg,train/images/cju2zr3c3vwb00993jn06bbaz.jpg,train/masks_original/cju2zr3c3vwb00993jn06bbaz.jpg,train/masks_binary/cju2zr3c3vwb00993jn06bbaz.png,afcbc60e574cd7a79acf81e564e1eb6dba97e21337b0db799796ae531e072eb4,3fea528e85ab1acd095e34ccbc869c3dc41da6c882f897a4d470cbb083817ced
train,cju2zrojo9kcd0878ld2epejq,C:\LeDucLuong\HK VII\LuanCuNhan\DeepLearning\Test_Mau\archive\Kvasir-SEG\Kvasir-SEG\images\cju2zrojo9kcd0878ld2epejq.jpg,C:\LeDucLuong\HK VII\LuanCuNhan\DeepLearning\Test_Mau\archive\Kvasir-SEG\Kvasir-SEG\masks\cju2zrojo9kcd0878ld2epejq.jpg,train/images/cju2zrojo9kcd0878ld2epejq.jpg,train/masks_original/cju2zrojo9kcd0878ld2epejq.jpg,train/masks_binary/cju2zrojo9kcd0878ld2epejq.png,5aec3aa663dbd6bcd3cc11afcee050b860f586a975b98f648c8d1006492700c3,4954fd92f67ae4e896e67dd70c14b4efd311962d5a350088126c746c2c5236a1
train,cju2zwg05a0oy0801yr73ig7g,C:\LeDucLuong\HK VII\LuanCuNhan\DeepLearning\Test_Mau\archive\Kvasir-SEG\Kvasir-SEG\images\cju2zwg05a0oy0801yr73ig7g.jpg,C:\LeDucLuong\HK VII\LuanCuNhan\DeepLearning\Test_Mau\archive\Kvasir-SEG\Kvasir-SEG\masks\cju2zwg05a0oy0801yr73ig7g.jpg,train/images/cju2zwg05a0oy0801yr73ig7g.jpg,train/masks_original/cju2zwg05a0oy0801yr73ig7g.jpg,train/masks_binary/cju2zwg05a0oy0801yr73ig7g.png,bf2e99db0d8040cf3aa8731f7a526040635ca8cc23420d0d23160900e8b75f35,978ffabd444c1ebad5b16e2cb2e6340be1df7f1b03cfa7760e55b366d35a08a2
train,cju2zxja9w1eh09933609ho9z,C:\LeDucLuong\HK VII\LuanCuNhan\DeepLearning\Test_Mau\archive\Kvasir-SEG\Kvasir-SEG\images\cju2zxja9w1eh09933609ho9z.jpg,C:\LeDucLuong\HK VII\LuanCuNhan\DeepLearning\Test_Mau\archive\Kvasir-SEG\Kvasir-SEG\masks\cju2zxja9w1eh09933609ho9z.jpg,train/images/cju2zxja9w1eh09933609ho9z.jpg,train/masks_original/cju2zxja9w1eh09933609ho9z.jpg,train/masks_binary/cju2zxja9w1eh09933609ho9z.png,a6e469ded8e548ae6ffa0864be5662df93bc0de17d7e34b3c1d5a8a8ea7a609d,cd4b8528de1db76d6de6f236ab0f516a506f4f21afcbb2572ae532548b5680d2
train,cju2zy1e49pqk0878t6ncqn12,C:\LeDucLuong\HK VII\LuanCuNhan\DeepLearning\Test_Mau\archive\Kvasir-SEG\Kvasir-SEG\images\cju2zy1e49pqk0878t6ncqn12.jpg,C:\LeDucLuong\HK VII\LuanCuNhan\DeepLearning\Test_Mau\archive\Kvasir-SEG\Kvasir-SEG\masks\cju2zy1e49pqk0878t6ncqn12.jpg,train/images/cju2zy1e49pqk0878t6ncqn12.jpg,train/masks_original/cju2zy1e49pqk0878t6ncqn12.jpg,train/masks_binary/cju2zy1e49pqk0878t6ncqn12.png,e2de8f632c2a299564f6bd59a7316f0e9561d1eae71f2ce48ebf42553a1c1cd7,c944d4806c120326d424cc43e12a6e81e7b0dd796ca30fcbaddcabdd251f0edc
train,cju300m3s04fg0988uzupuf7z,C:\LeDucLuong\HK VII\LuanCuNhan\DeepLearning\Test_Mau\archive\Kvasir-SEG\Kvasir-SEG\images\cju300m3s04fg0988uzupuf7z.jpg,C:\LeDucLuong\HK VII\LuanCuNhan\DeepLearning\Test_Mau\archive\Kvasir-SEG\Kvasir-SEG\masks\cju300m3s04fg0988uzupuf7z.jpg,train/images/cju300m3s04fg0988uzupuf7z.jpg,train/masks_original/cju300m3s04fg0988uzupuf7z.jpg,train/masks_binary/cju300m3s04fg0988uzupuf7z.png,9d5e9c4a3037d66cc0e49e9997d629f92441e1b21308a8b7d1b624a115a2a1de,f06de3f8135472841d700194642d440020fce5bb96a1625d202b16ce4f3f6307
train,cju302fqq9spc0878rrygyzzz,C:\LeDucLuong\HK VII\LuanCuNhan\DeepLearning\Test_Mau\archive\Kvasir-SEG\Kvasir-SEG\images\cju302fqq9spc0878rrygyzzz.jpg,C:\LeDucLuong\HK VII\LuanCuNhan\DeepLearning\Test_Mau\archive\Kvasir-SEG\Kvasir-SEG\masks\cju302fqq9spc0878rrygyzzz.jpg,train/images/cju302fqq9spc0878rrygyzzz.jpg,train/masks_original/cju302fqq9spc0878rrygyzzz.jpg,train/masks_binary/cju302fqq9spc0878rrygyzzz.png,6b3ab2c2247b3153ffc4481a05af464f14f86ef7151749a4b9d20828efadf9a7,e3a3a1da8a4448ecfde3b65a39ab3e7fd4b1b5b390fc95ee2418ccf7b106545c
train,cju303j5r062k098835zxfds5,C:\LeDucLuong\HK VII\LuanCuNhan\DeepLearning\Test_Mau\archive\Kvasir-SEG\Kvasir-SEG\images\cju303j5r062k098835zxfds5.jpg,C:\LeDucLuong\HK VII\LuanCuNhan\DeepLearning\Test_Mau\archive\Kvasir-SEG\Kvasir-SEG\masks\cju303j5r062k098835zxfds5.jpg,train/images/cju303j5r062k098835zxfds5.jpg,train/masks_original/cju303j5r062k098835zxfds5.jpg,train/masks_binary/cju303j5r062k098835zxfds5.png,4644d557b6d3ca9d90464f71f8622bfd80d2f1ca1fd471f64ac1119a58e1d4b6,fb59429c3b5fb63e70295e9e7776e02542bd1cee1e22ccc63cb39baa22b6f2e0
train,cju30525w04r10835ygp257sb,C:\LeDucLuong\HK VII\LuanCuNhan\DeepLearning\Test_Mau\archive\Kvasir-SEG\Kvasir-SEG\images\cju30525w04r10835ygp257sb.jpg,C:\LeDucLuong\HK VII\LuanCuNhan\DeepLearning\Test_Mau\archive\Kvasir-SEG\Kvasir-SEG\masks\cju30525w04r10835ygp257sb.jpg,train/images/cju30525w04r10835ygp257sb.jpg,train/masks_original/cju30525w04r10835ygp257sb.jpg,train/masks_binary/cju30525w04r10835ygp257sb.png,a2ced9e4937b75efb38f081965e8ef5ae7e2639a732c145250a98bf41921295f,bead876388b70d61277172f36a56488cd313de3abf4e1d4a55b02c4e330486fe
train,cju306x7w05nb0835cunv799x,C:\LeDucLuong\HK VII\LuanCuNhan\DeepLearning\Test_Mau\archive\Kvasir-SEG\Kvasir-SEG\images\cju306x7w05nb0835cunv799x.jpg,C:\LeDucLuong\HK VII\LuanCuNhan\DeepLearning\Test_Mau\archive\Kvasir-SEG\Kvasir-SEG\masks\cju306x7w05nb0835cunv799x.jpg,train/images/cju306x7w05nb0835cunv799x.jpg,train/masks_original/cju306x7w05nb0835cunv799x.jpg,train/masks_binary/cju306x7w05nb0835cunv799x.png,5e582594bbc57c2b325e1de12a3245905a692e78466a9fb0778199a72322fad0,eb8b195f52c1391e9eeebadb2ed0438117a5ba516ec76b4aa52cc23029ba220a
train,cju30ajhw09sx0988qyahx9s8,C:\LeDucLuong\HK VII\LuanCuNhan\DeepLearning\Test_Mau\archive\Kvasir-SEG\Kvasir-SEG\images\cju30ajhw09sx0988qyahx9s8.jpg,C:\LeDucLuong\HK VII\LuanCuNhan\DeepLearning\Test_Mau\archive\Kvasir-SEG\Kvasir-SEG\masks\cju30ajhw09sx0988qyahx9s8.jpg,train/images/cju30ajhw09sx0988qyahx9s8.jpg,train/masks_original/cju30ajhw09sx0988qyahx9s8.jpg,train/masks_binary/cju30ajhw09sx0988qyahx9s8.png,f9da5d03b392d5e28c5118f4b90b6fa87ec597f186f5e0626194422590fc81c8,b20bb71d7b363b27a35a2c776ca7ae7c69f04bca8dfe690668526048468afdc9
train,cju30bmab08bi0835mvlr6e0r,C:\LeDucLuong\HK VII\LuanCuNhan\DeepLearning\Test_Mau\archive\Kvasir-SEG\Kvasir-SEG\images\cju30bmab08bi0835mvlr6e0r.jpg,C:\LeDucLuong\HK VII\LuanCuNhan\DeepLearning\Test_Mau\archive\Kvasir-SEG\Kvasir-SEG\masks\cju30bmab08bi0835mvlr6e0r.jpg,train/images/cju30bmab08bi0835mvlr6e0r.jpg,train/masks_original/cju30bmab08bi0835mvlr6e0r.jpg,train/masks_binary/cju30bmab08bi0835mvlr6e0r.png,1d7ac42bc3c8614698963fe5a2734932ec95a27645a401102ccb09470e455d6b,23a95f715b489a7ea08885e22c5287b110214c4b21f890a33a5422df5fba7cf9
train,cju30df2j09dd08351ayx2t6w,C:\LeDucLuong\HK VII\LuanCuNhan\DeepLearning\Test_Mau\archive\Kvasir-SEG\Kvasir-SEG\images\cju30df2j09dd08351ayx2t6w.jpg,C:\LeDucLuong\HK VII\LuanCuNhan\DeepLearning\Test_Mau\archive\Kvasir-SEG\Kvasir-SEG\masks\cju30df2j09dd08351ayx2t6w.jpg,train/images/cju30df2j09dd08351ayx2t6w.jpg,train/masks_original/cju30df2j09dd08351ayx2t6w.jpg,train/masks_binary/cju30df2j09dd08351ayx2t6w.png,fe342bbd3ca22aebd90aaecc5a4d634f898fa0da2c0596c391c4256c134d859e,68f38579d001d08bf2f008ef0bf7d695e0138bdfdf33e4bc7d6ddf7b20974c57
train,cju30ftgja7170855xl9bkdm0,C:\LeDucLuong\HK VII\LuanCuNhan\DeepLearning\Test_Mau\archive\Kvasir-SEG\Kvasir-SEG\images\cju30ftgja7170855xl9bkdm0.jpg,C:\LeDucLuong\HK VII\LuanCuNhan\DeepLearning\Test_Mau\archive\Kvasir-SEG\Kvasir-SEG\masks\cju30ftgja7170855xl9bkdm0.jpg,train/images/cju30ftgja7170855xl9bkdm0.jpg,train/masks_original/cju30ftgja7170855xl9bkdm0.jpg,train/masks_binary/cju30ftgja7170855xl9bkdm0.png,d38801987dd10a07ab56eed9c92c56e7ae23d7e1d4b09c4611f90c37783a70fe,40d52a613588ad884307bc4bd3f62b9fb50982a77496e92b0c1d326e301b2038
train,cju30gxjq0djk0988jytm49rs,C:\LeDucLuong\HK VII\LuanCuNhan\DeepLearning\Test_Mau\archive\Kvasir-SEG\Kvasir-SEG\images\cju30gxjq0djk0988jytm49rs.jpg,C:\LeDucLuong\HK VII\LuanCuNhan\DeepLearning\Test_Mau\archive\Kvasir-SEG\Kvasir-SEG\masks\cju30gxjq0djk0988jytm49rs.jpg,train/images/cju30gxjq0djk0988jytm49rs.jpg,train/masks_original/cju30gxjq0djk0988jytm49rs.jpg,train/masks_binary/cju30gxjq0djk0988jytm49rs.png,2a1ec994b627f553327e8266fdca943994b3e739f4a208d6e350cb655170844b,ad061514b2ee1acf600dbef800a7451ca068a20dd526ef255cca964445be1dc0
train,cju30ia8da2bq0799klnehml2,C:\LeDucLuong\HK VII\LuanCuNhan\DeepLearning\Test_Mau\archive\Kvasir-SEG\Kvasir-SEG\images\cju30ia8da2bq0799klnehml2.jpg,C:\LeDucLuong\HK VII\LuanCuNhan\DeepLearning\Test_Mau\archive\Kvasir-SEG\Kvasir-SEG\masks\cju30ia8da2bq0799klnehml2.jpg,train/images/cju30ia8da2bq0799klnehml2.jpg,train/masks_original/cju30ia8da2bq0799klnehml2.jpg,train/masks_binary/cju30ia8da2bq0799klnehml2.png,80b7c354a1693f2d511b9c406c32d03cab93b9fb79cf0e5cd6b5dcd239c3cf29,2e26dd655f80ad4b12b28be35b6649b6b13c10010ae26605a69e75650473eb42
train,cju30j1rgadut0801vuyrsnt8,C:\LeDucLuong\HK VII\LuanCuNhan\DeepLearning\Test_Mau\archive\Kvasir-SEG\Kvasir-SEG\images\cju30j1rgadut0801vuyrsnt8.jpg,C:\LeDucLuong\HK VII\LuanCuNhan\DeepLearning\Test_Mau\archive\Kvasir-SEG\Kvasir-SEG\masks\cju30j1rgadut0801vuyrsnt8.jpg,train/images/cju30j1rgadut0801vuyrsnt8.jpg,train/masks_original/cju30j1rgadut0801vuyrsnt8.jpg,train/masks_binary/cju30j1rgadut0801vuyrsnt8.png,f3ad8ebc9353ed8ea4bf1c214a7ca5ad9ee3f1d7c645effb5fb1f2de537c1db9,624d6ae515536adc466ae236c55b73d162b3ea5f49a7fee79cbe4bd3b485a534
train,cju30k2z40ds308353kdew70n,C:\LeDucLuong\HK VII\LuanCuNhan\DeepLearning\Test_Mau\archive\Kvasir-SEG\Kvasir-SEG\images\cju30k2z40ds308353kdew70n.jpg,C:\LeDucLuong\HK VII\LuanCuNhan\DeepLearning\Test_Mau\archive\Kvasir-SEG\Kvasir-SEG\masks\cju30k2z40ds308353kdew70n.jpg,train/images/cju30k2z40ds308353kdew70n.jpg,train/masks_original/cju30k2z40ds308353kdew70n.jpg,train/masks_binary/cju30k2z40ds308353kdew70n.png,ba0c4bd9070d24d685872aab3b077f0a09dbb4f5457d24d816aa9cfae6927351,ea5e5e878cf87bb450df00ca9c537810f9c715d0d892193aed1dd69d45101ab1
train,cju30lncba3ny0878jwnous8n,C:\LeDucLuong\HK VII\LuanCuNhan\DeepLearning\Test_Mau\archive\Kvasir-SEG\Kvasir-SEG\images\cju30lncba3ny0878jwnous8n.jpg,C:\LeDucLuong\HK VII\LuanCuNhan\DeepLearning\Test_Mau\archive\Kvasir-SEG\Kvasir-SEG\masks\cju30lncba3ny0878jwnous8n.jpg,train/images/cju30lncba3ny0878jwnous8n.jpg,train/masks_original/cju30lncba3ny0878jwnous8n.jpg,train/masks_binary/cju30lncba3ny0878jwnous8n.png,30f2b7170191e1bfc5d49476a9bc1d5c430d8107d795e77ba6ae67bb55f729f2,d5fb12b0811d89f58a76021a0b509329e764b4b125056df207cabea6d10b8b49
train,cju30mm25a53s0799qa5wiqe8,C:\LeDucLuong\HK VII\LuanCuNhan\DeepLearning\Test_Mau\archive\Kvasir-SEG\Kvasir-SEG\images\cju30mm25a53s0799qa5wiqe8.jpg,C:\LeDucLuong\HK VII\LuanCuNhan\DeepLearning\Test_Mau\archive\Kvasir-SEG\Kvasir-SEG\masks\cju30mm25a53s0799qa5wiqe8.jpg,train/images/cju30mm25a53s0799qa5wiqe8.jpg,train/masks_original/cju30mm25a53s0799qa5wiqe8.jpg,train/masks_binary/cju30mm25a53s0799qa5wiqe8.png,b1519c56704942786b53822fda6b9e8d65f453bc5ff58ee9e1eb6a290bd37d05,7e28c8de195cf08a98e28ec77e2b5cbfcef8c6f82cb4c09d787449de1ad5b13d
train,cju30nyxe0gfb0835p256yoju,C:\LeDucLuong\HK VII\LuanCuNhan\DeepLearning\Test_Mau\archive\Kvasir-SEG\Kvasir-SEG\images\cju30nyxe0gfb0835p256yoju.jpg,C:\LeDucLuong\HK VII\LuanCuNhan\DeepLearning\Test_Mau\archive\Kvasir-SEG\Kvasir-SEG\masks\cju30nyxe0gfb0835p256yoju.jpg,train/images/cju30nyxe0gfb0835p256yoju.jpg,train/masks_original/cju30nyxe0gfb0835p256yoju.jpg,train/masks_binary/cju30nyxe0gfb0835p256yoju.png,22cfbf355d6402bcb41149bf0f863048e3e1b29c0d4a2cf6c6a9e46404a7cb1d,02a98ff85ed95c1b49a58c82d780d36ac058cf4788ad5878551fcfb0fe02398e
train,cju30ov1oah920801mi8thuyg,C:\LeDucLuong\HK VII\LuanCuNhan\DeepLearning\Test_Mau\archive\Kvasir-SEG\Kvasir-SEG\images\cju30ov1oah920801mi8thuyg.jpg,C:\LeDucLuong\HK VII\LuanCuNhan\DeepLearning\Test_Mau\archive\Kvasir-SEG\Kvasir-SEG\masks\cju30ov1oah920801mi8thuyg.jpg,train/images/cju30ov1oah920801mi8thuyg.jpg,train/masks_original/cju30ov1oah920801mi8thuyg.jpg,train/masks_binary/cju30ov1oah920801mi8thuyg.png,41cfd309f902eba964e7c3e9379be3db02733eab46c6ba90ddd3d78a5a48aca7,f2789cb9ff28a67248e0aef0947ccc3be9e7c087d2f7485f1118c501d89a13a8
train,cju30qbm1ad3x0855znuhpz9u,C:\LeDucLuong\HK VII\LuanCuNhan\DeepLearning\Test_Mau\archive\Kvasir-SEG\Kvasir-SEG\images\cju30qbm1ad3x0855znuhpz9u.jpg,C:\LeDucLuong\HK VII\LuanCuNhan\DeepLearning\Test_Mau\archive\Kvasir-SEG\Kvasir-SEG\masks\cju30qbm1ad3x0855znuhpz9u.jpg,train/images/cju30qbm1ad3x0855znuhpz9u.jpg,train/masks_original/cju30qbm1ad3x0855znuhpz9u.jpg,train/masks_binary/cju30qbm1ad3x0855znuhpz9u.png,7db5b7a63c6cf5b7b32849baa2ca52c3a9c4733325976f3793c9e30930c83280,736707757983e9dda70e973ea53713e26d65c0bfe3724a965b8a52e272467fc1
train,cju30u1hbakn808019g15nb8b,C:\LeDucLuong\HK VII\LuanCuNhan\DeepLearning\Test_Mau\archive\Kvasir-SEG\Kvasir-SEG\images\cju30u1hbakn808019g15nb8b.jpg,C:\LeDucLuong\HK VII\LuanCuNhan\DeepLearning\Test_Mau\archive\Kvasir-SEG\Kvasir-SEG\masks\cju30u1hbakn808019g15nb8b.jpg,train/images/cju30u1hbakn808019g15nb8b.jpg,train/masks_original/cju30u1hbakn808019g15nb8b.jpg,train/masks_binary/cju30u1hbakn808019g15nb8b.png,3fdf5c6d11e3203ee3d247e9adbcc2872537ec7e7cd170272a8fb6b58836a3af,bda56aee1c9dfe719b18e0f745ee9032ddc5c22685e601ba84452ca68ee64d5b
train,cju30xqmh0ni00835ix3batv1,C:\LeDucLuong\HK VII\LuanCuNhan\DeepLearning\Test_Mau\archive\Kvasir-SEG\Kvasir-SEG\images\cju30xqmh0ni00835ix3batv1.jpg,C:\LeDucLuong\HK VII\LuanCuNhan\DeepLearning\Test_Mau\archive\Kvasir-SEG\Kvasir-SEG\masks\cju30xqmh0ni00835ix3batv1.jpg,train/images/cju30xqmh0ni00835ix3batv1.jpg,train/masks_original/cju30xqmh0ni00835ix3batv1.jpg,train/masks_binary/cju30xqmh0ni00835ix3batv1.png,f551842c730def6a717dbaf4b918832b5c4f4d2b0c5974acb69b8cd58cc70943,70485ea1a03c415884ead8dfd916eaaff86a11a85602e372fe80820e1fe3f7ec
train,cju30ywtc0oar0835bp2en7ec,C:\LeDucLuong\HK VII\LuanCuNhan\DeepLearning\Test_Mau\archive\Kvasir-SEG\Kvasir-SEG\images\cju30ywtc0oar0835bp2en7ec.jpg,C:\LeDucLuong\HK VII\LuanCuNhan\DeepLearning\Test_Mau\archive\Kvasir-SEG\Kvasir-SEG\masks\cju30ywtc0oar0835bp2en7ec.jpg,train/images/cju30ywtc0oar0835bp2en7ec.jpg,train/masks_original/cju30ywtc0oar0835bp2en7ec.jpg,train/masks_binary/cju30ywtc0oar0835bp2en7ec.png,9761910cc8ba3cfcd5d664001dfb6914fa71bd74cc77d8f82702082b3e7f82ec,c54ed56eebe42628be844d8e760c51c1bd6767bd93f06fd6fe005aea9a27e4c6
train,cju310f6val1v0855xo8tc3gu,C:\LeDucLuong\HK VII\LuanCuNhan\DeepLearning\Test_Mau\archive\Kvasir-SEG\Kvasir-SEG\images\cju310f6val1v0855xo8tc3gu.jpg,C:\LeDucLuong\HK VII\LuanCuNhan\DeepLearning\Test_Mau\archive\Kvasir-SEG\Kvasir-SEG\masks\cju310f6val1v0855xo8tc3gu.jpg,train/images/cju310f6val1v0855xo8tc3gu.jpg,train/masks_original/cju310f6val1v0855xo8tc3gu.jpg,train/masks_binary/cju310f6val1v0855xo8tc3gu.png,9bafaba4e370d745700292527c3a349eb04b32efef4c350be2fa6fbe9e29a57b,2283bd9626c46bf2ed1ae4d2843e4c2a12fda6a13d1da70e96f874969c5ad21a
train,cju3128yi0rpu0988o4oo5n8n,C:\LeDucLuong\HK VII\LuanCuNhan\DeepLearning\Test_Mau\archive\Kvasir-SEG\Kvasir-SEG\images\cju3128yi0rpu0988o4oo5n8n.jpg,C:\LeDucLuong\HK VII\LuanCuNhan\DeepLearning\Test_Mau\archive\Kvasir-SEG\Kvasir-SEG\masks\cju3128yi0rpu0988o4oo5n8n.jpg,train/images/cju3128yi0rpu0988o4oo5n8n.jpg,train/masks_original/cju3128yi0rpu0988o4oo5n8n.jpg,train/masks_binary/cju3128yi0rpu0988o4oo5n8n.png,87bbcb95f6aac760f880c3914dad68f88c3e17f3401e447494ee52a41f9d61df,2e4a90d65d816688aef2e0d1d82a9327a04d351c753045e45982b8e3d88ae7b2
train,cju31rb7vb6110801p9rhacuw,C:\LeDucLuong\HK VII\LuanCuNhan\DeepLearning\Test_Mau\archive\Kvasir-SEG\Kvasir-SEG\images\cju31rb7vb6110801p9rhacuw.jpg,C:\LeDucLuong\HK VII\LuanCuNhan\DeepLearning\Test_Mau\archive\Kvasir-SEG\Kvasir-SEG\masks\cju31rb7vb6110801p9rhacuw.jpg,train/images/cju31rb7vb6110801p9rhacuw.jpg,train/masks_original/cju31rb7vb6110801p9rhacuw.jpg,train/masks_binary/cju31rb7vb6110801p9rhacuw.png,6dc4cc7860185ac18b6880617264322ab599a324d3ceccbf66a5db4230e103e0,2793b6cdb9bdee6c54fc62325bafd2636ad79c8c445d363225dce15e956beef7
train,cju31t8xd17bk0835rnb893jk,C:\LeDucLuong\HK VII\LuanCuNhan\DeepLearning\Test_Mau\archive\Kvasir-SEG\Kvasir-SEG\images\cju31t8xd17bk0835rnb893jk.jpg,C:\LeDucLuong\HK VII\LuanCuNhan\DeepLearning\Test_Mau\archive\Kvasir-SEG\Kvasir-SEG\masks\cju31t8xd17bk0835rnb893jk.jpg,train/images/cju31t8xd17bk0835rnb893jk.jpg,train/masks_original/cju31t8xd17bk0835rnb893jk.jpg,train/masks_binary/cju31t8xd17bk0835rnb893jk.png,bd52738312972a4329e74adecae2ba3ce4feaff51ca0889cd9e3d565f5a0e770,08138335427e11fade4debbf590003669834cfe4906ce5fec7ef8ecff1331bd0
train,cju31ugmfb3dz0855xtqshki6,C:\LeDucLuong\HK VII\LuanCuNhan\DeepLearning\Test_Mau\archive\Kvasir-SEG\Kvasir-SEG\images\cju31ugmfb3dz0855xtqshki6.jpg,C:\LeDucLuong\HK VII\LuanCuNhan\DeepLearning\Test_Mau\archive\Kvasir-SEG\Kvasir-SEG\masks\cju31ugmfb3dz0855xtqshki6.jpg,train/images/cju31ugmfb3dz0855xtqshki6.jpg,train/masks_original/cju31ugmfb3dz0855xtqshki6.jpg,train/masks_binary/cju31ugmfb3dz0855xtqshki6.png,10502bdbaf04a5c3ea01543b4d00c810bdd00f51fe9f01cd8006340ed339a682,aa1d55eaafc8a3952b782e69acb1f65b9b59fbe6ed8ed555092f010c4fc15756
train,cju31w6goazci0799n014ly1q,C:\LeDucLuong\HK VII\LuanCuNhan\DeepLearning\Test_Mau\archive\Kvasir-SEG\Kvasir-SEG\images\cju31w6goazci0799n014ly1q.jpg,C:\LeDucLuong\HK VII\LuanCuNhan\DeepLearning\Test_Mau\archive\Kvasir-SEG\Kvasir-SEG\masks\cju31w6goazci0799n014ly1q.jpg,train/images/cju31w6goazci0799n014ly1q.jpg,train/masks_original/cju31w6goazci0799n014ly1q.jpg,train/masks_binary/cju31w6goazci0799n014ly1q.png,a88ea458f44347e987ab203e79592d37ffca095244b4a4b8657941f16433de31,5af29c1c2644d1fd8848bd9977e11031101744ba306c9867ef892997d24a5c93
train,cju31y80qbawn0801twwm2l5s,C:\LeDucLuong\HK VII\LuanCuNhan\DeepLearning\Test_Mau\archive\Kvasir-SEG\Kvasir-SEG\images\cju31y80qbawn0801twwm2l5s.jpg,C:\LeDucLuong\HK VII\LuanCuNhan\DeepLearning\Test_Mau\archive\Kvasir-SEG\Kvasir-SEG\masks\cju31y80qbawn0801twwm2l5s.jpg,train/images/cju31y80qbawn0801twwm2l5s.jpg,train/masks_original/cju31y80qbawn0801twwm2l5s.jpg,train/masks_binary/cju31y80qbawn0801twwm2l5s.png,a038b207155cb561fa82b0fc4d841b80d7b006af0ea08bd535d5b8a532866783,4bf8a7b27cde81721c7844b198a68a08ac34f262ad44ae04aaa76526224e753a
train,cju320gyvbch60801v2amdi2g,C:\LeDucLuong\HK VII\LuanCuNhan\DeepLearning\Test_Mau\archive\Kvasir-SEG\Kvasir-SEG\images\cju320gyvbch60801v2amdi2g.jpg,C:\LeDucLuong\HK VII\LuanCuNhan\DeepLearning\Test_Mau\archive\Kvasir-SEG\Kvasir-SEG\masks\cju320gyvbch60801v2amdi2g.jpg,train/images/cju320gyvbch60801v2amdi2g.jpg,train/masks_original/cju320gyvbch60801v2amdi2g.jpg,train/masks_binary/cju320gyvbch60801v2amdi2g.png,cbd7f1156b017f94fc554b5134a6df0cf19cb2e38ab1501cee0b38f1a0423924,8f0ea2a8e28401a992e5730b9966bd54ec7df62980a0d362386ce1d65226beea
train,cju323ypb1fbb0988gx5rzudb,C:\LeDucLuong\HK VII\LuanCuNhan\DeepLearning\Test_Mau\archive\Kvasir-SEG\Kvasir-SEG\images\cju323ypb1fbb0988gx5rzudb.jpg,C:\LeDucLuong\HK VII\LuanCuNhan\DeepLearning\Test_Mau\archive\Kvasir-SEG\Kvasir-SEG\masks\cju323ypb1fbb0988gx5rzudb.jpg,train/images/cju323ypb1fbb0988gx5rzudb.jpg,train/masks_original/cju323ypb1fbb0988gx5rzudb.jpg,train/masks_binary/cju323ypb1fbb0988gx5rzudb.png,dc52ae9638397aaa37bac414eb779e18bdff7c65dd2e843801dbba34d34d746a,60082cee94c2dc01d45ec6e25fe936e113d5591fff145caf6afb3d7600a117e7
train,cju324q101fhe08350wae9cif,C:\LeDucLuong\HK VII\LuanCuNhan\DeepLearning\Test_Mau\archive\Kvasir-SEG\Kvasir-SEG\images\cju324q101fhe08350wae9cif.jpg,C:\LeDucLuong\HK VII\LuanCuNhan\DeepLearning\Test_Mau\archive\Kvasir-SEG\Kvasir-SEG\masks\cju324q101fhe08350wae9cif.jpg,train/images/cju324q101fhe08350wae9cif.jpg,train/masks_original/cju324q101fhe08350wae9cif.jpg,train/masks_binary/cju324q101fhe08350wae9cif.png,e68a6f64786675cfe0e8de43c5a14b15caf1db7361d13f21c68c6149b18dd584,64980348f6648fe42021a2dc9332208af4e44ad1da0a7a1207b79f07bad9ee69
train,cju326h4v1gxw08352px40p7r,C:\LeDucLuong\HK VII\LuanCuNhan\DeepLearning\Test_Mau\archive\Kvasir-SEG\Kvasir-SEG\images\cju326h4v1gxw08352px40p7r.jpg,C:\LeDucLuong\HK VII\LuanCuNhan\DeepLearning\Test_Mau\archive\Kvasir-SEG\Kvasir-SEG\masks\cju326h4v1gxw08352px40p7r.jpg,train/images/cju326h4v1gxw08352px40p7r.jpg,train/masks_original/cju326h4v1gxw08352px40p7r.jpg,train/masks_binary/cju326h4v1gxw08352px40p7r.png,4c7eb181007451ce4fa1913358232ebf97a660a36cac932dacc54140d4dfef00,b6cd43d4a888ed2bfb26fd800b63316bf870674510f6d61a0d35151c8329f057
train,cju3280wv1ir009882jze27tc,C:\LeDucLuong\HK VII\LuanCuNhan\DeepLearning\Test_Mau\archive\Kvasir-SEG\Kvasir-SEG\images\cju3280wv1ir009882jze27tc.jpg,C:\LeDucLuong\HK VII\LuanCuNhan\DeepLearning\Test_Mau\archive\Kvasir-SEG\Kvasir-SEG\masks\cju3280wv1ir009882jze27tc.jpg,train/images/cju3280wv1ir009882jze27tc.jpg,train/masks_original/cju3280wv1ir009882jze27tc.jpg,train/masks_binary/cju3280wv1ir009882jze27tc.png,7d9676aaefbbf63f58807b1c4538d6396af637d7af4deac9f7e1f679753d89f7,81db7ebf623660ab4246c3da1ef0c8370f80b471ef2daab560b905fb910fbb21
train,cju32a52lb9rc0799xi40qs00,C:\LeDucLuong\HK VII\LuanCuNhan\DeepLearning\Test_Mau\archive\Kvasir-SEG\Kvasir-SEG\images\cju32a52lb9rc0799xi40qs00.jpg,C:\LeDucLuong\HK VII\LuanCuNhan\DeepLearning\Test_Mau\archive\Kvasir-SEG\Kvasir-SEG\masks\cju32a52lb9rc0799xi40qs00.jpg,train/images/cju32a52lb9rc0799xi40qs00.jpg,train/masks_original/cju32a52lb9rc0799xi40qs00.jpg,train/masks_binary/cju32a52lb9rc0799xi40qs00.png,17aacac863eb7cfc3a645733cb231e6962851161cea8223f02650616be94431e,0bb1b4212192cbb26157661308b7efc90435072d2537b41e44cd932f0d8dcbaa
train,cju32csyfblyh080170aa3x5p,C:\LeDucLuong\HK VII\LuanCuNhan\DeepLearning\Test_Mau\archive\Kvasir-SEG\Kvasir-SEG\images\cju32csyfblyh080170aa3x5p.jpg,C:\LeDucLuong\HK VII\LuanCuNhan\DeepLearning\Test_Mau\archive\Kvasir-SEG\Kvasir-SEG\masks\cju32csyfblyh080170aa3x5p.jpg,train/images/cju32csyfblyh080170aa3x5p.jpg,train/masks_original/cju32csyfblyh080170aa3x5p.jpg,train/masks_binary/cju32csyfblyh080170aa3x5p.png,c5acb246282728814539ad2f6a4e4ff2d6f3de6720b7f7816c3a811f388050e2,e313d8e76713bb7e6953dd0062c8893e6907afe7ae9d0c5d636a31c99dcee6bc
train,cju32fhnhbds40799broyoptc,C:\LeDucLuong\HK VII\LuanCuNhan\DeepLearning\Test_Mau\archive\Kvasir-SEG\Kvasir-SEG\images\cju32fhnhbds40799broyoptc.jpg,C:\LeDucLuong\HK VII\LuanCuNhan\DeepLearning\Test_Mau\archive\Kvasir-SEG\Kvasir-SEG\masks\cju32fhnhbds40799broyoptc.jpg,train/images/cju32fhnhbds40799broyoptc.jpg,train/masks_original/cju32fhnhbds40799broyoptc.jpg,train/masks_binary/cju32fhnhbds40799broyoptc.png,96f420abf1f5565bd6d89fcefbda1a7e373a1d2287ae49d8071c39664f815b1a,ab2b881bc3ea7151a5016221956702e9e7949eb7f9da0aec876e76da57b2a69a
train,cju32gzs6xo8x0993r8tedbpb,C:\LeDucLuong\HK VII\LuanCuNhan\DeepLearning\Test_Mau\archive\Kvasir-SEG\Kvasir-SEG\images\cju32gzs6xo8x0993r8tedbpb.jpg,C:\LeDucLuong\HK VII\LuanCuNhan\DeepLearning\Test_Mau\archive\Kvasir-SEG\Kvasir-SEG\masks\cju32gzs6xo8x0993r8tedbpb.jpg,train/images/cju32gzs6xo8x0993r8tedbpb.jpg,train/masks_original/cju32gzs6xo8x0993r8tedbpb.jpg,train/masks_binary/cju32gzs6xo8x0993r8tedbpb.png,e02bd1b9990f84e0875f9bf794aa04e2d89f6cc72926eeef0e4d1fd0bc838bff,aaccb99e76d148d84a10aa39623ac3c408138c4c00d7b71f5bc991a024bdfe32
train,cju32jcdabepz0878d0cznmfe,C:\LeDucLuong\HK VII\LuanCuNhan\DeepLearning\Test_Mau\archive\Kvasir-SEG\Kvasir-SEG\images\cju32jcdabepz0878d0cznmfe.jpg,C:\LeDucLuong\HK VII\LuanCuNhan\DeepLearning\Test_Mau\archive\Kvasir-SEG\Kvasir-SEG\masks\cju32jcdabepz0878d0cznmfe.jpg,train/images/cju32jcdabepz0878d0cznmfe.jpg,train/masks_original/cju32jcdabepz0878d0cznmfe.jpg,train/masks_binary/cju32jcdabepz0878d0cznmfe.png,c6d526ee7cb43d3776e01e7e4f64a158c7fd3e426a22d0d38ace576c3897a84e,6eb22098bd82db835c3927f9cb2f532540d126e2ef487c52417be3d69fe501cb
train,cju32l161bi1v07990vm376in,C:\LeDucLuong\HK VII\LuanCuNhan\DeepLearning\Test_Mau\archive\Kvasir-SEG\Kvasir-SEG\images\cju32l161bi1v07990vm376in.jpg,C:\LeDucLuong\HK VII\LuanCuNhan\DeepLearning\Test_Mau\archive\Kvasir-SEG\Kvasir-SEG\masks\cju32l161bi1v07990vm376in.jpg,train/images/cju32l161bi1v07990vm376in.jpg,train/masks_original/cju32l161bi1v07990vm376in.jpg,train/masks_binary/cju32l161bi1v07990vm376in.png,742695e033ba5653d755bf1a6ece045195ef8abb5e7d6f5fa9b7c4279fa04939,8d25d91a2cf063cf17ff50542aed0e4fa8dd2dd755188983b6c2fe898531b1c0
train,cju32phw2bv130801yj7bkouq,C:\LeDucLuong\HK VII\LuanCuNhan\DeepLearning\Test_Mau\archive\Kvasir-SEG\Kvasir-SEG\images\cju32phw2bv130801yj7bkouq.jpg,C:\LeDucLuong\HK VII\LuanCuNhan\DeepLearning\Test_Mau\archive\Kvasir-SEG\Kvasir-SEG\masks\cju32phw2bv130801yj7bkouq.jpg,train/images/cju32phw2bv130801yj7bkouq.jpg,train/masks_original/cju32phw2bv130801yj7bkouq.jpg,train/masks_binary/cju32phw2bv130801yj7bkouq.png,51184c3cdae6adc9263a594c8ab2e02635bb79cda27e6dcddfc18300bfeafca9,a84fbb92e24ae07294bca42e155c93586c6a8ed5beecd70ec6f7748530910938
train,cju32pzh9bpw10855q4vaxfhe,C:\LeDucLuong\HK VII\LuanCuNhan\DeepLearning\Test_Mau\archive\Kvasir-SEG\Kvasir-SEG\images\cju32pzh9bpw10855q4vaxfhe.jpg,C:\LeDucLuong\HK VII\LuanCuNhan\DeepLearning\Test_Mau\archive\Kvasir-SEG\Kvasir-SEG\masks\cju32pzh9bpw10855q4vaxfhe.jpg,train/images/cju32pzh9bpw10855q4vaxfhe.jpg,train/masks_original/cju32pzh9bpw10855q4vaxfhe.jpg,train/masks_binary/cju32pzh9bpw10855q4vaxfhe.png,b8041e85c7f19c852bbd1e3e81f6d647e8c625c6de1bd2ea7341484ebca6475d,9bc5e408cb619a0093fe6947944582a4883b46307d70924f02f14e2f76c4cbd3
train,cju33yemn2qb20988wfjxximx,C:\LeDucLuong\HK VII\LuanCuNhan\DeepLearning\Test_Mau\archive\Kvasir-SEG\Kvasir-SEG\images\cju33yemn2qb20988wfjxximx.jpg,C:\LeDucLuong\HK VII\LuanCuNhan\DeepLearning\Test_Mau\archive\Kvasir-SEG\Kvasir-SEG\masks\cju33yemn2qb20988wfjxximx.jpg,train/images/cju33yemn2qb20988wfjxximx.jpg,train/masks_original/cju33yemn2qb20988wfjxximx.jpg,train/masks_binary/cju33yemn2qb20988wfjxximx.png,27506e8bbf70266957465e51b7ec54e2b781315d55aaa584a74d46d09b82b806,b5abc45e3c18d00c0dc6b59b9d18303b7049f9a26f9e926fe39c5c3ba5553a9a
train,cju33za6l2qy70988jhrlp2ev,C:\LeDucLuong\HK VII\LuanCuNhan\DeepLearning\Test_Mau\archive\Kvasir-SEG\Kvasir-SEG\images\cju33za6l2qy70988jhrlp2ev.jpg,C:\LeDucLuong\HK VII\LuanCuNhan\DeepLearning\Test_Mau\archive\Kvasir-SEG\Kvasir-SEG\masks\cju33za6l2qy70988jhrlp2ev.jpg,train/images/cju33za6l2qy70988jhrlp2ev.jpg,train/masks_original/cju33za6l2qy70988jhrlp2ev.jpg,train/masks_binary/cju33za6l2qy70988jhrlp2ev.png,73cc50d7598f34c576098d3ce6ecc89ae2f1a75b38c72682d6f25fae9e160c94,11d674c951be9ca0092885f1e0adc641908e69c94570085f681db1dd1bd79e5b
train,cju34aozyyy830993bn16u32n,C:\LeDucLuong\HK VII\LuanCuNhan\DeepLearning\Test_Mau\archive\Kvasir-SEG\Kvasir-SEG\images\cju34aozyyy830993bn16u32n.jpg,C:\LeDucLuong\HK VII\LuanCuNhan\DeepLearning\Test_Mau\archive\Kvasir-SEG\Kvasir-SEG\masks\cju34aozyyy830993bn16u32n.jpg,train/images/cju34aozyyy830993bn16u32n.jpg,train/masks_original/cju34aozyyy830993bn16u32n.jpg,train/masks_binary/cju34aozyyy830993bn16u32n.png,85fec27436ab69690b26cfcc541e60f9a855c26d1a1e44ade5c7fdedaf99d120,c946eb4141e36f8ab7867074d25e385c0a678e2e6260073b8c04be4faeca01c1
train,cju34c1xfyz920993itxkkfad,C:\LeDucLuong\HK VII\LuanCuNhan\DeepLearning\Test_Mau\archive\Kvasir-SEG\Kvasir-SEG\images\cju34c1xfyz920993itxkkfad.jpg,C:\LeDucLuong\HK VII\LuanCuNhan\DeepLearning\Test_Mau\archive\Kvasir-SEG\Kvasir-SEG\masks\cju34c1xfyz920993itxkkfad.jpg,train/images/cju34c1xfyz920993itxkkfad.jpg,train/masks_original/cju34c1xfyz920993itxkkfad.jpg,train/masks_binary/cju34c1xfyz920993itxkkfad.png,fc5f1efc265472f03f4e7fdfcb9afc676ed452bf0d964c456fed61b0e22ec2ad,48a70508b3300654c6c7311713e99c342a4a284c0f677a6dd86e0b5331002ce0
train,cju34ds2531520988qjpqt6e3,C:\LeDucLuong\HK VII\LuanCuNhan\DeepLearning\Test_Mau\archive\Kvasir-SEG\Kvasir-SEG\images\cju34ds2531520988qjpqt6e3.jpg,C:\LeDucLuong\HK VII\LuanCuNhan\DeepLearning\Test_Mau\archive\Kvasir-SEG\Kvasir-SEG\masks\cju34ds2531520988qjpqt6e3.jpg,train/images/cju34ds2531520988qjpqt6e3.jpg,train/masks_original/cju34ds2531520988qjpqt6e3.jpg,train/masks_binary/cju34ds2531520988qjpqt6e3.png,ca5147c89c77074911e985d00112120054a8c8876eb5ab04351fd702a866ea76,18adcab19b545f5ef9c6ec859e4656957dae9930595240a5333261dfe8ecde11
train,cju34eqjpcpm508788b3lhp97,C:\LeDucLuong\HK VII\LuanCuNhan\DeepLearning\Test_Mau\archive\Kvasir-SEG\Kvasir-SEG\images\cju34eqjpcpm508788b3lhp97.jpg,C:\LeDucLuong\HK VII\LuanCuNhan\DeepLearning\Test_Mau\archive\Kvasir-SEG\Kvasir-SEG\masks\cju34eqjpcpm508788b3lhp97.jpg,train/images/cju34eqjpcpm508788b3lhp97.jpg,train/masks_original/cju34eqjpcpm508788b3lhp97.jpg,train/masks_binary/cju34eqjpcpm508788b3lhp97.png,9680fb086e9f41d4ae7c521dba5002d2b9eee5424c87e70d0e6066beead34edf,32699a41888422f980902e0925e39a27cf65d415be2adf78f76d2dbd4f830f8f
train,cju34fojcctcf0799ebolbvkn,C:\LeDucLuong\HK VII\LuanCuNhan\DeepLearning\Test_Mau\archive\Kvasir-SEG\Kvasir-SEG\images\cju34fojcctcf0799ebolbvkn.jpg,C:\LeDucLuong\HK VII\LuanCuNhan\DeepLearning\Test_Mau\archive\Kvasir-SEG\Kvasir-SEG\masks\cju34fojcctcf0799ebolbvkn.jpg,train/images/cju34fojcctcf0799ebolbvkn.jpg,train/masks_original/cju34fojcctcf0799ebolbvkn.jpg,train/masks_binary/cju34fojcctcf0799ebolbvkn.png,1d8046d36d1567c6da817f05b588dad4da203b5d4b7ebc3928a4907fe7d63d11,ca784f4cd51cc4e6a3f069dd6d27e032c8779e376fbcfb567a684defa8676da2
train,cju34i3qvcyog0855qiejxx5w,C:\LeDucLuong\HK VII\LuanCuNhan\DeepLearning\Test_Mau\archive\Kvasir-SEG\Kvasir-SEG\images\cju34i3qvcyog0855qiejxx5w.jpg,C:\LeDucLuong\HK VII\LuanCuNhan\DeepLearning\Test_Mau\archive\Kvasir-SEG\Kvasir-SEG\masks\cju34i3qvcyog0855qiejxx5w.jpg,train/images/cju34i3qvcyog0855qiejxx5w.jpg,train/masks_original/cju34i3qvcyog0855qiejxx5w.jpg,train/masks_binary/cju34i3qvcyog0855qiejxx5w.png,1af430802fc4f574ce1111765193be4c03754f20970bb5640681bb5321d7a6af,4f9124ee5bd165b14292941a0eb0296bf368b02020e8335199d8d76249a3a249
train,cju34m7h536wq0988xz7gx79v,C:\LeDucLuong\HK VII\LuanCuNhan\DeepLearning\Test_Mau\archive\Kvasir-SEG\Kvasir-SEG\images\cju34m7h536wq0988xz7gx79v.jpg,C:\LeDucLuong\HK VII\LuanCuNhan\DeepLearning\Test_Mau\archive\Kvasir-SEG\Kvasir-SEG\masks\cju34m7h536wq0988xz7gx79v.jpg,train/images/cju34m7h536wq0988xz7gx79v.jpg,train/masks_original/cju34m7h536wq0988xz7gx79v.jpg,train/masks_binary/cju34m7h536wq0988xz7gx79v.png,6b4b668a5faeaa98d517083f4badbb73b197716b62f7f9773ddfd905ab9f43b4,bdde74336325978422ec78d859a19e5bc4c9046981406cb4743ebd77ec9fb41d
train,cju34o6dbd2lo0855aqlcy1hs,C:\LeDucLuong\HK VII\LuanCuNhan\DeepLearning\Test_Mau\archive\Kvasir-SEG\Kvasir-SEG\images\cju34o6dbd2lo0855aqlcy1hs.jpg,C:\LeDucLuong\HK VII\LuanCuNhan\DeepLearning\Test_Mau\archive\Kvasir-SEG\Kvasir-SEG\masks\cju34o6dbd2lo0855aqlcy1hs.jpg,train/images/cju34o6dbd2lo0855aqlcy1hs.jpg,train/masks_original/cju34o6dbd2lo0855aqlcy1hs.jpg,train/masks_binary/cju34o6dbd2lo0855aqlcy1hs.png,ac8208626f02e4e7b6bf9751adb75ca1bb834b68ab2a21944f0bb14f15b8eb9d,cda834f76c1d073daf650266abf9f928ec09fef612ee5cbb12f4905f4ac6a59f
train,cju34ouumcznz07996gg1xq7v,C:\LeDucLuong\HK VII\LuanCuNhan\DeepLearning\Test_Mau\archive\Kvasir-SEG\Kvasir-SEG\images\cju34ouumcznz07996gg1xq7v.jpg,C:\LeDucLuong\HK VII\LuanCuNhan\DeepLearning\Test_Mau\archive\Kvasir-SEG\Kvasir-SEG\masks\cju34ouumcznz07996gg1xq7v.jpg,train/images/cju34ouumcznz07996gg1xq7v.jpg,train/masks_original/cju34ouumcznz07996gg1xq7v.jpg,train/masks_binary/cju34ouumcznz07996gg1xq7v.png,f59bf1c4fd6b07dfe356d0b51d2cc811f168c95026e5ec22f768d94c56bd16c8,6857ac2b878c29374b77287546aa399fb190762d5aca3dbbfcfb82cbc546b3e0
train,cju34repocy5208780gswillm,C:\LeDucLuong\HK VII\LuanCuNhan\DeepLearning\Test_Mau\archive\Kvasir-SEG\Kvasir-SEG\images\cju34repocy5208780gswillm.jpg,C:\LeDucLuong\HK VII\LuanCuNhan\DeepLearning\Test_Mau\archive\Kvasir-SEG\Kvasir-SEG\masks\cju34repocy5208780gswillm.jpg,train/images/cju34repocy5208780gswillm.jpg,train/masks_original/cju34repocy5208780gswillm.jpg,train/masks_binary/cju34repocy5208780gswillm.png,052aa27a907b9251f6f99f2d332e342cd84f2930ee6f38677703e30f265f1e40,ae15cb6fb0d04875be626f7e660c24d874ff292f176b79c53309d9fe8044718d
train,cju34sh43d8zm08019xbwhc0o,C:\LeDucLuong\HK VII\LuanCuNhan\DeepLearning\Test_Mau\archive\Kvasir-SEG\Kvasir-SEG\images\cju34sh43d8zm08019xbwhc0o.jpg,C:\LeDucLuong\HK VII\LuanCuNhan\DeepLearning\Test_Mau\archive\Kvasir-SEG\Kvasir-SEG\masks\cju34sh43d8zm08019xbwhc0o.jpg,train/images/cju34sh43d8zm08019xbwhc0o.jpg,train/masks_original/cju34sh43d8zm08019xbwhc0o.jpg,train/masks_binary/cju34sh43d8zm08019xbwhc0o.png,ebc4e291822ddc4954f184b6efa960e4e95c43ac585c232e990bf10b9d4a6881,78010a3a2967268f5c400b570d10dbfe861579ebd98aeb9c079f049f8b40536c
train,cju34uhepd3dd0799hs8782ad,C:\LeDucLuong\HK VII\LuanCuNhan\DeepLearning\Test_Mau\archive\Kvasir-SEG\Kvasir-SEG\images\cju34uhepd3dd0799hs8782ad.jpg,C:\LeDucLuong\HK VII\LuanCuNhan\DeepLearning\Test_Mau\archive\Kvasir-SEG\Kvasir-SEG\masks\cju34uhepd3dd0799hs8782ad.jpg,train/images/cju34uhepd3dd0799hs8782ad.jpg,train/masks_original/cju34uhepd3dd0799hs8782ad.jpg,train/masks_binary/cju34uhepd3dd0799hs8782ad.png,d29ac77018d247b37bb0203f661843b6f0e710948a0a35dddec72d8509bd911d,f63ee9a49d17295d404d5ddd9ae3d6d6e42842d7703604f11ccb43ff2cae7a7a
train,cju34xspwzenf0993cyzajv9n,C:\LeDucLuong\HK VII\LuanCuNhan\DeepLearning\Test_Mau\archive\Kvasir-SEG\Kvasir-SEG\images\cju34xspwzenf0993cyzajv9n.jpg,C:\LeDucLuong\HK VII\LuanCuNhan\DeepLearning\Test_Mau\archive\Kvasir-SEG\Kvasir-SEG\masks\cju34xspwzenf0993cyzajv9n.jpg,train/images/cju34xspwzenf0993cyzajv9n.jpg,train/masks_original/cju34xspwzenf0993cyzajv9n.jpg,train/masks_binary/cju34xspwzenf0993cyzajv9n.png,89e6839606cce6ca1c9e22d8bf51628e25e4755f74e985092fbed51cb1220501,0accc25e2ba20d4934fde1aaf07d8876008786a76e149f7e0e31653eb66166d2
train,cju34ymm8d6700799uop0cw33,C:\LeDucLuong\HK VII\LuanCuNhan\DeepLearning\Test_Mau\archive\Kvasir-SEG\Kvasir-SEG\images\cju34ymm8d6700799uop0cw33.jpg,C:\LeDucLuong\HK VII\LuanCuNhan\DeepLearning\Test_Mau\archive\Kvasir-SEG\Kvasir-SEG\masks\cju34ymm8d6700799uop0cw33.jpg,train/images/cju34ymm8d6700799uop0cw33.jpg,train/masks_original/cju34ymm8d6700799uop0cw33.jpg,train/masks_binary/cju34ymm8d6700799uop0cw33.png,fc86e283cbe20d6893e456acdb2a715664eec0287762f2b30de1854ff379292e,2d2372bfceb71f9f2479f426b017ac960b9cfeb304ff5be88615af0c8524665b
train,cju34zivp3fq80988opxbaqyn,C:\LeDucLuong\HK VII\LuanCuNhan\DeepLearning\Test_Mau\archive\Kvasir-SEG\Kvasir-SEG\images\cju34zivp3fq80988opxbaqyn.jpg,C:\LeDucLuong\HK VII\LuanCuNhan\DeepLearning\Test_Mau\archive\Kvasir-SEG\Kvasir-SEG\masks\cju34zivp3fq80988opxbaqyn.jpg,train/images/cju34zivp3fq80988opxbaqyn.jpg,train/masks_original/cju34zivp3fq80988opxbaqyn.jpg,train/masks_binary/cju34zivp3fq80988opxbaqyn.png,7f53df7e48e812514b3e0684240b70410e52525602f33ff658589dfeb7a983a6,be63b815f9cd0dfcdc0b649f7d5f513a98a041c58ccc1504a21ea9bacac622f6
train,cju3518w2d838079939fqztbc,C:\LeDucLuong\HK VII\LuanCuNhan\DeepLearning\Test_Mau\archive\Kvasir-SEG\Kvasir-SEG\images\cju3518w2d838079939fqztbc.jpg,C:\LeDucLuong\HK VII\LuanCuNhan\DeepLearning\Test_Mau\archive\Kvasir-SEG\Kvasir-SEG\masks\cju3518w2d838079939fqztbc.jpg,train/images/cju3518w2d838079939fqztbc.jpg,train/masks_original/cju3518w2d838079939fqztbc.jpg,train/masks_binary/cju3518w2d838079939fqztbc.png,ef8d134af2ec50a3be1b7a59ee606b5172f1ac9e9f591de3964d278d44ba14e4,3e479206f749414721fc908ef8949f5637dee2864aad3f6170741701f9553355
train,cju3521y5d5mq0878t3ezsu4p,C:\LeDucLuong\HK VII\LuanCuNhan\DeepLearning\Test_Mau\archive\Kvasir-SEG\Kvasir-SEG\images\cju3521y5d5mq0878t3ezsu4p.jpg,C:\LeDucLuong\HK VII\LuanCuNhan\DeepLearning\Test_Mau\archive\Kvasir-SEG\Kvasir-SEG\masks\cju3521y5d5mq0878t3ezsu4p.jpg,train/images/cju3521y5d5mq0878t3ezsu4p.jpg,train/masks_original/cju3521y5d5mq0878t3ezsu4p.jpg,train/masks_binary/cju3521y5d5mq0878t3ezsu4p.png,9b7494cbdb53bb118285bc68a491e6909af5432c28a020d1466755f71da81485,23f3177803501db6734e39fc18f2da84c1bb59c05886deef528625a4f5810247
train,cju353d1eda8c07992afde611,C:\LeDucLuong\HK VII\LuanCuNhan\DeepLearning\Test_Mau\archive\Kvasir-SEG\Kvasir-SEG\images\cju353d1eda8c07992afde611.jpg,C:\LeDucLuong\HK VII\LuanCuNhan\DeepLearning\Test_Mau\archive\Kvasir-SEG\Kvasir-SEG\masks\cju353d1eda8c07992afde611.jpg,train/images/cju353d1eda8c07992afde611.jpg,train/masks_original/cju353d1eda8c07992afde611.jpg,train/masks_binary/cju353d1eda8c07992afde611.png,d1c215f8a7761a2d84936f53638d3e4119e0b77e95fed9257a990a461891f1cc,19a5c4e12af788b1fe7677f5ad0d2e064027aabe3b20689a3910c25458c59f8b
train,cju35740hzm0g0993zl5ic246,C:\LeDucLuong\HK VII\LuanCuNhan\DeepLearning\Test_Mau\archive\Kvasir-SEG\Kvasir-SEG\images\cju35740hzm0g0993zl5ic246.jpg,C:\LeDucLuong\HK VII\LuanCuNhan\DeepLearning\Test_Mau\archive\Kvasir-SEG\Kvasir-SEG\masks\cju35740hzm0g0993zl5ic246.jpg,train/images/cju35740hzm0g0993zl5ic246.jpg,train/masks_original/cju35740hzm0g0993zl5ic246.jpg,train/masks_binary/cju35740hzm0g0993zl5ic246.png,c6bca6ec69925d291254becf1eff5123fd6ca9092c1f4d6c73ffc48857718f44,183a4da14bb69c28da119cda112dd9cf015d355cdb9fc92ec4ae78c1c003481e
train,cju357rxxdaz30878y2esjpjt,C:\LeDucLuong\HK VII\LuanCuNhan\DeepLearning\Test_Mau\archive\Kvasir-SEG\Kvasir-SEG\images\cju357rxxdaz30878y2esjpjt.jpg,C:\LeDucLuong\HK VII\LuanCuNhan\DeepLearning\Test_Mau\archive\Kvasir-SEG\Kvasir-SEG\masks\cju357rxxdaz30878y2esjpjt.jpg,train/images/cju357rxxdaz30878y2esjpjt.jpg,train/masks_original/cju357rxxdaz30878y2esjpjt.jpg,train/masks_binary/cju357rxxdaz30878y2esjpjt.png,86c712f3b5d16cec3a2e11f288e6cf1f837eac144ab0aa5c039dbd3b3cd426c5,ac5d009ee2906e921acd6a26d8ca4f698547a5b47241ec09eb9d2d0aff77bd73
train,cju358pwtdby20878cg7nm0np,C:\LeDucLuong\HK VII\LuanCuNhan\DeepLearning\Test_Mau\archive\Kvasir-SEG\Kvasir-SEG\images\cju358pwtdby20878cg7nm0np.jpg,C:\LeDucLuong\HK VII\LuanCuNhan\DeepLearning\Test_Mau\archive\Kvasir-SEG\Kvasir-SEG\masks\cju358pwtdby20878cg7nm0np.jpg,train/images/cju358pwtdby20878cg7nm0np.jpg,train/masks_original/cju358pwtdby20878cg7nm0np.jpg,train/masks_binary/cju358pwtdby20878cg7nm0np.png,ac9fc88f75a0122f62d97ffe5fe24f51332e9b9d957a109e9664817e3ca6ce7f,11807211d85a6abe5784686c0d16fee4d1a922a63df81e6463a09cd8e2b4c603
train,cju35a77vdj4n08556jj2lgmc,C:\LeDucLuong\HK VII\LuanCuNhan\DeepLearning\Test_Mau\archive\Kvasir-SEG\Kvasir-SEG\images\cju35a77vdj4n08556jj2lgmc.jpg,C:\LeDucLuong\HK VII\LuanCuNhan\DeepLearning\Test_Mau\archive\Kvasir-SEG\Kvasir-SEG\masks\cju35a77vdj4n08556jj2lgmc.jpg,train/images/cju35a77vdj4n08556jj2lgmc.jpg,train/masks_original/cju35a77vdj4n08556jj2lgmc.jpg,train/masks_binary/cju35a77vdj4n08556jj2lgmc.png,de3137f35028dcb3215d7c8536fde275e17f6d75706db5e4a21cea7555d18d28,3012f4388a45529f281bb2d952e9dfb0731b13eedaa1032e6f4d8f81a231adf2
train,cju35atpxdjot0855q46aqrd0,C:\LeDucLuong\HK VII\LuanCuNhan\DeepLearning\Test_Mau\archive\Kvasir-SEG\Kvasir-SEG\images\cju35atpxdjot0855q46aqrd0.jpg,C:\LeDucLuong\HK VII\LuanCuNhan\DeepLearning\Test_Mau\archive\Kvasir-SEG\Kvasir-SEG\masks\cju35atpxdjot0855q46aqrd0.jpg,train/images/cju35atpxdjot0855q46aqrd0.jpg,train/masks_original/cju35atpxdjot0855q46aqrd0.jpg,train/masks_binary/cju35atpxdjot0855q46aqrd0.png,3a4db6ebba57d22c4b152fbdb4af3dd2ec0b66415be33e2466250662ea77ec1c,3d5377105c51bf5bf198c72e198e5baa9ec1113ce83b1ab6b5309c8c9a43fafe
train,cju35c4wzdhow0799h6eq4sgs,C:\LeDucLuong\HK VII\LuanCuNhan\DeepLearning\Test_Mau\archive\Kvasir-SEG\Kvasir-SEG\images\cju35c4wzdhow0799h6eq4sgs.jpg,C:\LeDucLuong\HK VII\LuanCuNhan\DeepLearning\Test_Mau\archive\Kvasir-SEG\Kvasir-SEG\masks\cju35c4wzdhow0799h6eq4sgs.jpg,train/images/cju35c4wzdhow0799h6eq4sgs.jpg,train/masks_original/cju35c4wzdhow0799h6eq4sgs.jpg,train/masks_binary/cju35c4wzdhow0799h6eq4sgs.png,5807a39a0c1f2c43b438cb08f0b535cb800ae95b6686b1bfc7f77c0ac1552dd0,9349038e4858abd3fa9e9a121746d5dccd56083fcf9e4a64bd3497ad1cafb61e
train,cju35eg0tdmjt085525sb4bua,C:\LeDucLuong\HK VII\LuanCuNhan\DeepLearning\Test_Mau\archive\Kvasir-SEG\Kvasir-SEG\images\cju35eg0tdmjt085525sb4bua.jpg,C:\LeDucLuong\HK VII\LuanCuNhan\DeepLearning\Test_Mau\archive\Kvasir-SEG\Kvasir-SEG\masks\cju35eg0tdmjt085525sb4bua.jpg,train/images/cju35eg0tdmjt085525sb4bua.jpg,train/masks_original/cju35eg0tdmjt085525sb4bua.jpg,train/masks_binary/cju35eg0tdmjt085525sb4bua.png,1d4471a2c38bcd2205572548efcbac946488dc95459fc7f4d6874bd4c0c14e07,de04d6f947098b7e1571cf30c9b82b5e1ecbfe05fe9ba8645dfb1ced550a5ec7
train,cju35fxqyzt5p0993vusm54qz,C:\LeDucLuong\HK VII\LuanCuNhan\DeepLearning\Test_Mau\archive\Kvasir-SEG\Kvasir-SEG\images\cju35fxqyzt5p0993vusm54qz.jpg,C:\LeDucLuong\HK VII\LuanCuNhan\DeepLearning\Test_Mau\archive\Kvasir-SEG\Kvasir-SEG\masks\cju35fxqyzt5p0993vusm54qz.jpg,train/images/cju35fxqyzt5p0993vusm54qz.jpg,train/masks_original/cju35fxqyzt5p0993vusm54qz.jpg,train/masks_binary/cju35fxqyzt5p0993vusm54qz.png,dd0f85bb3f8d1854a8311b5eb2b1513266f20584c12f4df683cabb1eb939f48b,5f70e7daff604052584d27930dc34c970c7c49175f9bd107cbcc8b5e12941b04
train,cju35i2e63uxr0835h7zgkg9k,C:\LeDucLuong\HK VII\LuanCuNhan\DeepLearning\Test_Mau\archive\Kvasir-SEG\Kvasir-SEG\images\cju35i2e63uxr0835h7zgkg9k.jpg,C:\LeDucLuong\HK VII\LuanCuNhan\DeepLearning\Test_Mau\archive\Kvasir-SEG\Kvasir-SEG\masks\cju35i2e63uxr0835h7zgkg9k.jpg,train/images/cju35i2e63uxr0835h7zgkg9k.jpg,train/masks_original/cju35i2e63uxr0835h7zgkg9k.jpg,train/masks_binary/cju35i2e63uxr0835h7zgkg9k.png,e60bf4023303717df6b976909dfc04cd9b875d122421f9ff38f735c856f3097c,3006e9bec82abac77bd235d5b344ef45b5af157cf2979158a4b42795a4ced9a3
train,cju35k2fr3vc50988c85qkrwg,C:\LeDucLuong\HK VII\LuanCuNhan\DeepLearning\Test_Mau\archive\Kvasir-SEG\Kvasir-SEG\images\cju35k2fr3vc50988c85qkrwg.jpg,C:\LeDucLuong\HK VII\LuanCuNhan\DeepLearning\Test_Mau\archive\Kvasir-SEG\Kvasir-SEG\masks\cju35k2fr3vc50988c85qkrwg.jpg,train/images/cju35k2fr3vc50988c85qkrwg.jpg,train/masks_original/cju35k2fr3vc50988c85qkrwg.jpg,train/masks_binary/cju35k2fr3vc50988c85qkrwg.png,9f9d643bbd360961f2ab39f7586664d6478e0346d5b613b287718a2ce3c7b875,db6a4d164efbe3a671b9558ec35ec6c894b81ee454eb6d5fd274746a85bc5098
train,cju35ldepdtlm0801yv79y8vu,C:\LeDucLuong\HK VII\LuanCuNhan\DeepLearning\Test_Mau\archive\Kvasir-SEG\Kvasir-SEG\images\cju35ldepdtlm0801yv79y8vu.jpg,C:\LeDucLuong\HK VII\LuanCuNhan\DeepLearning\Test_Mau\archive\Kvasir-SEG\Kvasir-SEG\masks\cju35ldepdtlm0801yv79y8vu.jpg,train/images/cju35ldepdtlm0801yv79y8vu.jpg,train/masks_original/cju35ldepdtlm0801yv79y8vu.jpg,train/masks_binary/cju35ldepdtlm0801yv79y8vu.png,8d68f20e174aa06b2851b5561e3ea49b509027676046b52f32505038d9f4f58c,1bd729c6e3565678005117f8450804894fd63b4e51334ae3be682d3a56280b30
train,cju35mdz73x890835eynq1h9v,C:\LeDucLuong\HK VII\LuanCuNhan\DeepLearning\Test_Mau\archive\Kvasir-SEG\Kvasir-SEG\images\cju35mdz73x890835eynq1h9v.jpg,C:\LeDucLuong\HK VII\LuanCuNhan\DeepLearning\Test_Mau\archive\Kvasir-SEG\Kvasir-SEG\masks\cju35mdz73x890835eynq1h9v.jpg,train/images/cju35mdz73x890835eynq1h9v.jpg,train/masks_original/cju35mdz73x890835eynq1h9v.jpg,train/masks_binary/cju35mdz73x890835eynq1h9v.png,d377dae9846c9b5930a28feeb50e5ec92b4061aaee4c7609e0e98d686fba5ec9,27dc719d564d95d041a20eb2cfbbc9d0f68fed9d268e9b7701facde2e73353f5
train,cju35oyvd3y850988km12hdz1,C:\LeDucLuong\HK VII\LuanCuNhan\DeepLearning\Test_Mau\archive\Kvasir-SEG\Kvasir-SEG\images\cju35oyvd3y850988km12hdz1.jpg,C:\LeDucLuong\HK VII\LuanCuNhan\DeepLearning\Test_Mau\archive\Kvasir-SEG\Kvasir-SEG\masks\cju35oyvd3y850988km12hdz1.jpg,train/images/cju35oyvd3y850988km12hdz1.jpg,train/masks_original/cju35oyvd3y850988km12hdz1.jpg,train/masks_binary/cju35oyvd3y850988km12hdz1.png,344df8f6e81e376bac03ea3419f3a1e0df2f7598d858eb7791b1fd6fa072d6c8,8a9f94b06965018ec969fe99d79295d5bc97304d2499ee3a063926e94713139f
train,cju3tp94kfstl08181awh6z49,C:\LeDucLuong\HK VII\LuanCuNhan\DeepLearning\Test_Mau\archive\Kvasir-SEG\Kvasir-SEG\images\cju3tp94kfstl08181awh6z49.jpg,C:\LeDucLuong\HK VII\LuanCuNhan\DeepLearning\Test_Mau\archive\Kvasir-SEG\Kvasir-SEG\masks\cju3tp94kfstl08181awh6z49.jpg,train/images/cju3tp94kfstl08181awh6z49.jpg,train/masks_original/cju3tp94kfstl08181awh6z49.jpg,train/masks_binary/cju3tp94kfstl08181awh6z49.png,4b6d8bb611dcfd2a7ebffcfaad72c1bbaca6be1ab0e4fe5cadb7686c2b26d88e,7031e60363d2e39ad716bc5590a53e4d417e82c8e895d0e4bf94b6a455b2da47
train,cju3tsh4lfsok0987w6x3a0v1,C:\LeDucLuong\HK VII\LuanCuNhan\DeepLearning\Test_Mau\archive\Kvasir-SEG\Kvasir-SEG\images\cju3tsh4lfsok0987w6x3a0v1.jpg,C:\LeDucLuong\HK VII\LuanCuNhan\DeepLearning\Test_Mau\archive\Kvasir-SEG\Kvasir-SEG\masks\cju3tsh4lfsok0987w6x3a0v1.jpg,train/images/cju3tsh4lfsok0987w6x3a0v1.jpg,train/masks_original/cju3tsh4lfsok0987w6x3a0v1.jpg,train/masks_binary/cju3tsh4lfsok0987w6x3a0v1.png,8caa88b1b85336aae49212852e89d0672303c50f1359c4248e2bc5c96fd42c0c,babcbff5531a042a5340925431646f708ee12c0c8e923322e0d17c6d485f2f38
train,cju3ttznuftyf09875t11850w,C:\LeDucLuong\HK VII\LuanCuNhan\DeepLearning\Test_Mau\archive\Kvasir-SEG\Kvasir-SEG\images\cju3ttznuftyf09875t11850w.jpg,C:\LeDucLuong\HK VII\LuanCuNhan\DeepLearning\Test_Mau\archive\Kvasir-SEG\Kvasir-SEG\masks\cju3ttznuftyf09875t11850w.jpg,train/images/cju3ttznuftyf09875t11850w.jpg,train/masks_original/cju3ttznuftyf09875t11850w.jpg,train/masks_binary/cju3ttznuftyf09875t11850w.png,370d98bfe4d4fa5a3f3c242721e9d474e915ec1570e80e074c61f480c2fb0534,03277a27e3506104084acdcdd10cb9e02f7f1cfc633e9472347c912e3ca13315
train,cju3tvffffx5f0818t5ov22al,C:\LeDucLuong\HK VII\LuanCuNhan\DeepLearning\Test_Mau\archive\Kvasir-SEG\Kvasir-SEG\images\cju3tvffffx5f0818t5ov22al.jpg,C:\LeDucLuong\HK VII\LuanCuNhan\DeepLearning\Test_Mau\archive\Kvasir-SEG\Kvasir-SEG\masks\cju3tvffffx5f0818t5ov22al.jpg,train/images/cju3tvffffx5f0818t5ov22al.jpg,train/masks_original/cju3tvffffx5f0818t5ov22al.jpg,train/masks_binary/cju3tvffffx5f0818t5ov22al.png,f33f50821c8ef5343385b169266ccb999ed8fd8ce1dea85b16a7e09554c594da,5da7bc3f2488b2cfd05ab123a5104124a6b8126f1ad5def2ddd18e67bdc7742b
train,cju3tx1qyg0c907552fglumhc,C:\LeDucLuong\HK VII\LuanCuNhan\DeepLearning\Test_Mau\archive\Kvasir-SEG\Kvasir-SEG\images\cju3tx1qyg0c907552fglumhc.jpg,C:\LeDucLuong\HK VII\LuanCuNhan\DeepLearning\Test_Mau\archive\Kvasir-SEG\Kvasir-SEG\masks\cju3tx1qyg0c907552fglumhc.jpg,train/images/cju3tx1qyg0c907552fglumhc.jpg,train/masks_original/cju3tx1qyg0c907552fglumhc.jpg,train/masks_binary/cju3tx1qyg0c907552fglumhc.png,7452ebf4d1eb33161e9f176278d4d8b850fd0864cd5ac122538d7ce3348dd1b6,6de18c342b8c5fd148072a6f51acb6583c4a67214c7f10a5a7a90ce2d2d349aa
train,cju3u1c8tfyqx08503iedc3mx,C:\LeDucLuong\HK VII\LuanCuNhan\DeepLearning\Test_Mau\archive\Kvasir-SEG\Kvasir-SEG\images\cju3u1c8tfyqx08503iedc3mx.jpg,C:\LeDucLuong\HK VII\LuanCuNhan\DeepLearning\Test_Mau\archive\Kvasir-SEG\Kvasir-SEG\masks\cju3u1c8tfyqx08503iedc3mx.jpg,train/images/cju3u1c8tfyqx08503iedc3mx.jpg,train/masks_original/cju3u1c8tfyqx08503iedc3mx.jpg,train/masks_binary/cju3u1c8tfyqx08503iedc3mx.png,549908488f753d29906e66128e56a73311e383eb96c9ee1b22766863bd97481e,ecbb3378534072213ee938caf57e0719cd50da6e83ae4bc44a4fb1265b332729
train,cju3u39fog1bo0871lxjrabks,C:\LeDucLuong\HK VII\LuanCuNhan\DeepLearning\Test_Mau\archive\Kvasir-SEG\Kvasir-SEG\images\cju3u39fog1bo0871lxjrabks.jpg,C:\LeDucLuong\HK VII\LuanCuNhan\DeepLearning\Test_Mau\archive\Kvasir-SEG\Kvasir-SEG\masks\cju3u39fog1bo0871lxjrabks.jpg,train/images/cju3u39fog1bo0871lxjrabks.jpg,train/masks_original/cju3u39fog1bo0871lxjrabks.jpg,train/masks_binary/cju3u39fog1bo0871lxjrabks.png,c96585dae24a6ab0239dda421db07c47834692ed9ac10cca924340122907c4ea,1cf7f20bd4019237c5f66e46a7a7bf1be90be7075cebc66555671d77077a84e7
train,cju3u4lxmg59o0755rz42b9en,C:\LeDucLuong\HK VII\LuanCuNhan\DeepLearning\Test_Mau\archive\Kvasir-SEG\Kvasir-SEG\images\cju3u4lxmg59o0755rz42b9en.jpg,C:\LeDucLuong\HK VII\LuanCuNhan\DeepLearning\Test_Mau\archive\Kvasir-SEG\Kvasir-SEG\masks\cju3u4lxmg59o0755rz42b9en.jpg,train/images/cju3u4lxmg59o0755rz42b9en.jpg,train/masks_original/cju3u4lxmg59o0755rz42b9en.jpg,train/masks_binary/cju3u4lxmg59o0755rz42b9en.png,f24e5457cc84111b449c87b39b8411e5370815385fb0e26f009658b7dd6264d4,679b9e91d7a9d3b5e4f3dd9819aa9219e339e2ada647b545cd4d8aa06e1d57a3
train,cju3u815rg4ek0850vvhtcvcm,C:\LeDucLuong\HK VII\LuanCuNhan\DeepLearning\Test_Mau\archive\Kvasir-SEG\Kvasir-SEG\images\cju3u815rg4ek0850vvhtcvcm.jpg,C:\LeDucLuong\HK VII\LuanCuNhan\DeepLearning\Test_Mau\archive\Kvasir-SEG\Kvasir-SEG\masks\cju3u815rg4ek0850vvhtcvcm.jpg,train/images/cju3u815rg4ek0850vvhtcvcm.jpg,train/masks_original/cju3u815rg4ek0850vvhtcvcm.jpg,train/masks_binary/cju3u815rg4ek0850vvhtcvcm.png,3a165f4fdc16122ec699a364989142d9cb3de9e49b0367361c90361449a931d1,1af2b02d8c724eb45ca35224d1b8428795aac7481b245a4c2728e5ca66b3f202
train,cju3ua8u0g9rg0801uayhdxhu,C:\LeDucLuong\HK VII\LuanCuNhan\DeepLearning\Test_Mau\archive\Kvasir-SEG\Kvasir-SEG\images\cju3ua8u0g9rg0801uayhdxhu.jpg,C:\LeDucLuong\HK VII\LuanCuNhan\DeepLearning\Test_Mau\archive\Kvasir-SEG\Kvasir-SEG\masks\cju3ua8u0g9rg0801uayhdxhu.jpg,train/images/cju3ua8u0g9rg0801uayhdxhu.jpg,train/masks_original/cju3ua8u0g9rg0801uayhdxhu.jpg,train/masks_binary/cju3ua8u0g9rg0801uayhdxhu.png,bcebb621bc3951638061b2fa04309101f09ca2948e92e019438e5bfb2e872682,85d4b86f5626b907eec85bf86addd7157ea277c0b2ca3b305705388c5af249e9
train,cju3uhb79gcgr0871orbrbi3x,C:\LeDucLuong\HK VII\LuanCuNhan\DeepLearning\Test_Mau\archive\Kvasir-SEG\Kvasir-SEG\images\cju3uhb79gcgr0871orbrbi3x.jpg,C:\LeDucLuong\HK VII\LuanCuNhan\DeepLearning\Test_Mau\archive\Kvasir-SEG\Kvasir-SEG\masks\cju3uhb79gcgr0871orbrbi3x.jpg,train/images/cju3uhb79gcgr0871orbrbi3x.jpg,train/masks_original/cju3uhb79gcgr0871orbrbi3x.jpg,train/masks_binary/cju3uhb79gcgr0871orbrbi3x.png,daf5b6a6deabcbb8ede717788d6256f98a90efa6e8c63bccc6196079a8acea09,17a154bc48bc4b1adbd448c6d4cc24a89aac2855388a4c15762489ceb9da90d5
train,cju3ul8dogf1z09872y2ecowp,C:\LeDucLuong\HK VII\LuanCuNhan\DeepLearning\Test_Mau\archive\Kvasir-SEG\Kvasir-SEG\images\cju3ul8dogf1z09872y2ecowp.jpg,C:\LeDucLuong\HK VII\LuanCuNhan\DeepLearning\Test_Mau\archive\Kvasir-SEG\Kvasir-SEG\masks\cju3ul8dogf1z09872y2ecowp.jpg,train/images/cju3ul8dogf1z09872y2ecowp.jpg,train/masks_original/cju3ul8dogf1z09872y2ecowp.jpg,train/masks_binary/cju3ul8dogf1z09872y2ecowp.png,f007b8e179dc58fc87bb2eda9438278ebf82c0f15c69f06c670bc8fc7614b9f4,017c9cf241c5985d0f7c0ca4e72d2e0b933b60b05662002f9e8f8b1db5291016
train,cju3umoh1geet0817cmpef5am,C:\LeDucLuong\HK VII\LuanCuNhan\DeepLearning\Test_Mau\archive\Kvasir-SEG\Kvasir-SEG\images\cju3umoh1geet0817cmpef5am.jpg,C:\LeDucLuong\HK VII\LuanCuNhan\DeepLearning\Test_Mau\archive\Kvasir-SEG\Kvasir-SEG\masks\cju3umoh1geet0817cmpef5am.jpg,train/images/cju3umoh1geet0817cmpef5am.jpg,train/masks_original/cju3umoh1geet0817cmpef5am.jpg,train/masks_binary/cju3umoh1geet0817cmpef5am.png,7f48dce4e6fd2610cd645547b9ce1e388c1bf93e79853e6e4712ccd88d771605,2fce1c66c754fadf80ff891bb326c1a292a24543105df0150e22f63c6699ae45
train,cju3uwz6ogsp10801h2r3bj5l,C:\LeDucLuong\HK VII\LuanCuNhan\DeepLearning\Test_Mau\archive\Kvasir-SEG\Kvasir-SEG\images\cju3uwz6ogsp10801h2r3bj5l.jpg,C:\LeDucLuong\HK VII\LuanCuNhan\DeepLearning\Test_Mau\archive\Kvasir-SEG\Kvasir-SEG\masks\cju3uwz6ogsp10801h2r3bj5l.jpg,train/images/cju3uwz6ogsp10801h2r3bj5l.jpg,train/masks_original/cju3uwz6ogsp10801h2r3bj5l.jpg,train/masks_binary/cju3uwz6ogsp10801h2r3bj5l.png,543fa95db26b8cc5abd13b619e6f4b0d4e8f0120cdfea86cc3c00db265b7e03d,195f72a0e0e275b18279d10cebd6d3c17f00a284880f495a8ffb1b521f2315a4
train,cju3uz4o6gr9z0850lhxyxvsj,C:\LeDucLuong\HK VII\LuanCuNhan\DeepLearning\Test_Mau\archive\Kvasir-SEG\Kvasir-SEG\images\cju3uz4o6gr9z0850lhxyxvsj.jpg,C:\LeDucLuong\HK VII\LuanCuNhan\DeepLearning\Test_Mau\archive\Kvasir-SEG\Kvasir-SEG\masks\cju3uz4o6gr9z0850lhxyxvsj.jpg,train/images/cju3uz4o6gr9z0850lhxyxvsj.jpg,train/masks_original/cju3uz4o6gr9z0850lhxyxvsj.jpg,train/masks_binary/cju3uz4o6gr9z0850lhxyxvsj.png,a94dc42bd13e8e9e2ecb94d7863da6574146d257fed66be01f2025c8c909ec7a,df4ca9d43a96659c4ec05324958f3e9441ed22102547c82c3e15ff3e19c12955
train,cju3v0fl3gwce0755qkjhzmd4,C:\LeDucLuong\HK VII\LuanCuNhan\DeepLearning\Test_Mau\archive\Kvasir-SEG\Kvasir-SEG\images\cju3v0fl3gwce0755qkjhzmd4.jpg,C:\LeDucLuong\HK VII\LuanCuNhan\DeepLearning\Test_Mau\archive\Kvasir-SEG\Kvasir-SEG\masks\cju3v0fl3gwce0755qkjhzmd4.jpg,train/images/cju3v0fl3gwce0755qkjhzmd4.jpg,train/masks_original/cju3v0fl3gwce0755qkjhzmd4.jpg,train/masks_binary/cju3v0fl3gwce0755qkjhzmd4.png,d9e3510109d693bbcbaee154d7d324c78fdff2f47d2cd4d83d16dcda1880a36a,d0039b8d131f5ae6201f8d7def25f54e927deeca2fadfcd082b61b152b2ef95e
train,cju3v11mrgwwb0755u242ygye,C:\LeDucLuong\HK VII\LuanCuNhan\DeepLearning\Test_Mau\archive\Kvasir-SEG\Kvasir-SEG\images\cju3v11mrgwwb0755u242ygye.jpg,C:\LeDucLuong\HK VII\LuanCuNhan\DeepLearning\Test_Mau\archive\Kvasir-SEG\Kvasir-SEG\masks\cju3v11mrgwwb0755u242ygye.jpg,train/images/cju3v11mrgwwb0755u242ygye.jpg,train/masks_original/cju3v11mrgwwb0755u242ygye.jpg,train/masks_binary/cju3v11mrgwwb0755u242ygye.png,73e58ed206afaea8c51feeafa2d818faf19060ebd28d4d34d54dcf3282622f1d,242bb55f40daa392a1501b5588e87d27d50d5fedfdacaf8dacf375ea9c2039cb
train,cju3v3ac9gyz30755hfqwyp1i,C:\LeDucLuong\HK VII\LuanCuNhan\DeepLearning\Test_Mau\archive\Kvasir-SEG\Kvasir-SEG\images\cju3v3ac9gyz30755hfqwyp1i.jpg,C:\LeDucLuong\HK VII\LuanCuNhan\DeepLearning\Test_Mau\archive\Kvasir-SEG\Kvasir-SEG\masks\cju3v3ac9gyz30755hfqwyp1i.jpg,train/images/cju3v3ac9gyz30755hfqwyp1i.jpg,train/masks_original/cju3v3ac9gyz30755hfqwyp1i.jpg,train/masks_binary/cju3v3ac9gyz30755hfqwyp1i.png,8a8ff5065a1264844c8dad56bceabb6bee9744a89c0642cf216c2a0698dc0f4e,ba388b53906d46aad3f6aa244e530659eb4f4234b149dc1d3afc47db68a78f17
train,cju3v56bwgy8v0871w14pz8fx,C:\LeDucLuong\HK VII\LuanCuNhan\DeepLearning\Test_Mau\archive\Kvasir-SEG\Kvasir-SEG\images\cju3v56bwgy8v0871w14pz8fx.jpg,C:\LeDucLuong\HK VII\LuanCuNhan\DeepLearning\Test_Mau\archive\Kvasir-SEG\Kvasir-SEG\masks\cju3v56bwgy8v0871w14pz8fx.jpg,train/images/cju3v56bwgy8v0871w14pz8fx.jpg,train/masks_original/cju3v56bwgy8v0871w14pz8fx.jpg,train/masks_binary/cju3v56bwgy8v0871w14pz8fx.png,c704ec8b43123bae75de3aa3af54e35b44b0a82560fb7909b6d7ae9e6d49c1c6,59382072eeb8c0c0acd1cd601c920022e777c9f07f6dfdc673671ada4a39f981
train,cju3v664kh0px0818y4y7wolf,C:\LeDucLuong\HK VII\LuanCuNhan\DeepLearning\Test_Mau\archive\Kvasir-SEG\Kvasir-SEG\images\cju3v664kh0px0818y4y7wolf.jpg,C:\LeDucLuong\HK VII\LuanCuNhan\DeepLearning\Test_Mau\archive\Kvasir-SEG\Kvasir-SEG\masks\cju3v664kh0px0818y4y7wolf.jpg,train/images/cju3v664kh0px0818y4y7wolf.jpg,train/masks_original/cju3v664kh0px0818y4y7wolf.jpg,train/masks_binary/cju3v664kh0px0818y4y7wolf.png,262102c6594e5d6ac662cf327a7e2381922493053a83ac9fd09314c090264607,d3f262d333457e62b9bc46963c81dce524e24124cbbee7ea1ddfbe8f56b0fb2e
train,cju3v72v5h1qz0818fggilwtq,C:\LeDucLuong\HK VII\LuanCuNhan\DeepLearning\Test_Mau\archive\Kvasir-SEG\Kvasir-SEG\images\cju3v72v5h1qz0818fggilwtq.jpg,C:\LeDucLuong\HK VII\LuanCuNhan\DeepLearning\Test_Mau\archive\Kvasir-SEG\Kvasir-SEG\masks\cju3v72v5h1qz0818fggilwtq.jpg,train/images/cju3v72v5h1qz0818fggilwtq.jpg,train/masks_original/cju3v72v5h1qz0818fggilwtq.jpg,train/masks_binary/cju3v72v5h1qz0818fggilwtq.png,489ceb44439669e95e71fb54e1aee6016735f5b48634f82f84c01dcec1e80927,0ee0438c9edb7513f49613d62fcb4ffa73caf64c286b2083e416513a8ca8e544
train,cju3wstckialg0871xs0vevsj,C:\LeDucLuong\HK VII\LuanCuNhan\DeepLearning\Test_Mau\archive\Kvasir-SEG\Kvasir-SEG\images\cju3wstckialg0871xs0vevsj.jpg,C:\LeDucLuong\HK VII\LuanCuNhan\DeepLearning\Test_Mau\archive\Kvasir-SEG\Kvasir-SEG\masks\cju3wstckialg0871xs0vevsj.jpg,train/images/cju3wstckialg0871xs0vevsj.jpg,train/masks_original/cju3wstckialg0871xs0vevsj.jpg,train/masks_binary/cju3wstckialg0871xs0vevsj.png,f66a25ba2d9f1538a212097346b7a0ea22a5212cc6247fe9a45e977df3e305cb,ec30dc255717c87280902b009297ed66404c52f960dd88c139f1f69d3940e8be
train,cju3x2s11ibzi0817kk284k0j,C:\LeDucLuong\HK VII\LuanCuNhan\DeepLearning\Test_Mau\archive\Kvasir-SEG\Kvasir-SEG\images\cju3x2s11ibzi0817kk284k0j.jpg,C:\LeDucLuong\HK VII\LuanCuNhan\DeepLearning\Test_Mau\archive\Kvasir-SEG\Kvasir-SEG\masks\cju3x2s11ibzi0817kk284k0j.jpg,train/images/cju3x2s11ibzi0817kk284k0j.jpg,train/masks_original/cju3x2s11ibzi0817kk284k0j.jpg,train/masks_binary/cju3x2s11ibzi0817kk284k0j.png,65d2b72184f87a0c0a7b0ad6d71a4099edda7b4c5281a2d55ba11d996832cd69,429647c668a5ea54879144d1c2814a5b69ced5c8e0c290f0e276e660a40696f1
train,cju3x4blzieu30850x10uuvbm,C:\LeDucLuong\HK VII\LuanCuNhan\DeepLearning\Test_Mau\archive\Kvasir-SEG\Kvasir-SEG\images\cju3x4blzieu30850x10uuvbm.jpg,C:\LeDucLuong\HK VII\LuanCuNhan\DeepLearning\Test_Mau\archive\Kvasir-SEG\Kvasir-SEG\masks\cju3x4blzieu30850x10uuvbm.jpg,train/images/cju3x4blzieu30850x10uuvbm.jpg,train/masks_original/cju3x4blzieu30850x10uuvbm.jpg,train/masks_binary/cju3x4blzieu30850x10uuvbm.png,1fe10d230eea76688028ef5e8e515b8e27fc81b94625ed1e53102b26cb83455f,74e09adcde436f30a5fa1015a7b654435506e62fc8de83f05f09ce1f18385855
train,cju3x5u2tiihx0818914gzxy1,C:\LeDucLuong\HK VII\LuanCuNhan\DeepLearning\Test_Mau\archive\Kvasir-SEG\Kvasir-SEG\images\cju3x5u2tiihx0818914gzxy1.jpg,C:\LeDucLuong\HK VII\LuanCuNhan\DeepLearning\Test_Mau\archive\Kvasir-SEG\Kvasir-SEG\masks\cju3x5u2tiihx0818914gzxy1.jpg,train/images/cju3x5u2tiihx0818914gzxy1.jpg,train/masks_original/cju3x5u2tiihx0818914gzxy1.jpg,train/masks_binary/cju3x5u2tiihx0818914gzxy1.png,3a113e0d3a889a98a551d82a5a10a7027ab6f44f803539b529938a4fdd93d94f,d27533e05de6a69afc9bb83550b03e45ab7983e8d42788a1288589dbdbf70167
train,cju3x7xsaijq80818f0psavav,C:\LeDucLuong\HK VII\LuanCuNhan\DeepLearning\Test_Mau\archive\Kvasir-SEG\Kvasir-SEG\images\cju3x7xsaijq80818f0psavav.jpg,C:\LeDucLuong\HK VII\LuanCuNhan\DeepLearning\Test_Mau\archive\Kvasir-SEG\Kvasir-SEG\masks\cju3x7xsaijq80818f0psavav.jpg,train/images/cju3x7xsaijq80818f0psavav.jpg,train/masks_original/cju3x7xsaijq80818f0psavav.jpg,train/masks_binary/cju3x7xsaijq80818f0psavav.png,151c8650370e945a5c7e05f22babe82fd0f57900dc2b79d711d3c9a0812544c1,26652f2e8536973d736fc308b77977fcf6daabc3961ae7ef97f285270f8de4b9
train,cju3x9lttikfb0818a0g104zn,C:\LeDucLuong\HK VII\LuanCuNhan\DeepLearning\Test_Mau\archive\Kvasir-SEG\Kvasir-SEG\images\cju3x9lttikfb0818a0g104zn.jpg,C:\LeDucLuong\HK VII\LuanCuNhan\DeepLearning\Test_Mau\archive\Kvasir-SEG\Kvasir-SEG\masks\cju3x9lttikfb0818a0g104zn.jpg,train/images/cju3x9lttikfb0818a0g104zn.jpg,train/masks_original/cju3x9lttikfb0818a0g104zn.jpg,train/masks_binary/cju3x9lttikfb0818a0g104zn.png,390d643586bf9a743cdf52dbb8d3808151f3934669ac5d50a4eaae59093db337,0d063d68373f92c74c5b2e1bbe569eba84703cd92adb4b508ae02c65986a417a
train,cju3xeexgii1j0817zs68tb4g,C:\LeDucLuong\HK VII\LuanCuNhan\DeepLearning\Test_Mau\archive\Kvasir-SEG\Kvasir-SEG\images\cju3xeexgii1j0817zs68tb4g.jpg,C:\LeDucLuong\HK VII\LuanCuNhan\DeepLearning\Test_Mau\archive\Kvasir-SEG\Kvasir-SEG\masks\cju3xeexgii1j0817zs68tb4g.jpg,train/images/cju3xeexgii1j0817zs68tb4g.jpg,train/masks_original/cju3xeexgii1j0817zs68tb4g.jpg,train/masks_binary/cju3xeexgii1j0817zs68tb4g.png,4848eeb0d002e2e12cb91f740ff1330ed557f0d4169af6ff41b19700e8c922fe,cb94601787d3e14bb7177e8b1f99670383e1486a004a6380fbb6f74cabe3592a
train,cju3xga12iixg0817dijbvjxw,C:\LeDucLuong\HK VII\LuanCuNhan\DeepLearning\Test_Mau\archive\Kvasir-SEG\Kvasir-SEG\images\cju3xga12iixg0817dijbvjxw.jpg,C:\LeDucLuong\HK VII\LuanCuNhan\DeepLearning\Test_Mau\archive\Kvasir-SEG\Kvasir-SEG\masks\cju3xga12iixg0817dijbvjxw.jpg,train/images/cju3xga12iixg0817dijbvjxw.jpg,train/masks_original/cju3xga12iixg0817dijbvjxw.jpg,train/masks_binary/cju3xga12iixg0817dijbvjxw.png,99cfe562d0ca2abfcc2c2fcb65c6c287b4a0bd7b8dca1c0f2456fd61064c35ff,c6929d7182ea7d5ff9b907323addbd5aa0ef116a942d33d4159324e2adb7cb8c
train,cju3xhpvvimda0987ygrpzni2,C:\LeDucLuong\HK VII\LuanCuNhan\DeepLearning\Test_Mau\archive\Kvasir-SEG\Kvasir-SEG\images\cju3xhpvvimda0987ygrpzni2.jpg,C:\LeDucLuong\HK VII\LuanCuNhan\DeepLearning\Test_Mau\archive\Kvasir-SEG\Kvasir-SEG\masks\cju3xhpvvimda0987ygrpzni2.jpg,train/images/cju3xhpvvimda0987ygrpzni2.jpg,train/masks_original/cju3xhpvvimda0987ygrpzni2.jpg,train/masks_binary/cju3xhpvvimda0987ygrpzni2.png,d5637e9c22d4d12929668db12df7b23bcab0e06ca2d60dcacb98dcdfa83636a6,36810dc7d5606231aeafe10024f7a8e98290471429a8515152e0e16fcea2f5c8
train,cju3xiic0ilzp0850lusrb42j,C:\LeDucLuong\HK VII\LuanCuNhan\DeepLearning\Test_Mau\archive\Kvasir-SEG\Kvasir-SEG\images\cju3xiic0ilzp0850lusrb42j.jpg,C:\LeDucLuong\HK VII\LuanCuNhan\DeepLearning\Test_Mau\archive\Kvasir-SEG\Kvasir-SEG\masks\cju3xiic0ilzp0850lusrb42j.jpg,train/images/cju3xiic0ilzp0850lusrb42j.jpg,train/masks_original/cju3xiic0ilzp0850lusrb42j.jpg,train/masks_binary/cju3xiic0ilzp0850lusrb42j.png,6f4ff9dab4c9918f81a2f8efb2e40b9388f3d5b3c3464e4dfcca343ada905a81,baa7cbe0212544a9f3c8d3c36b21d008c6dc769c02b9413b568809b8abaec24d
train,cju3xjqtpikx50817tppy6g84,C:\LeDucLuong\HK VII\LuanCuNhan\DeepLearning\Test_Mau\archive\Kvasir-SEG\Kvasir-SEG\images\cju3xjqtpikx50817tppy6g84.jpg,C:\LeDucLuong\HK VII\LuanCuNhan\DeepLearning\Test_Mau\archive\Kvasir-SEG\Kvasir-SEG\masks\cju3xjqtpikx50817tppy6g84.jpg,train/images/cju3xjqtpikx50817tppy6g84.jpg,train/masks_original/cju3xjqtpikx50817tppy6g84.jpg,train/masks_binary/cju3xjqtpikx50817tppy6g84.png,ec82252a8b46c2d2421a3bfa14f6b62053cc35587135dc05e6f94d534299e173,f0d64cbc5df1500961ccdf9e6318cb9ddebf86b1f61f9076a6275ef89dd63105
train,cju3xl264ingx0850rcf0rshj,C:\LeDucLuong\HK VII\LuanCuNhan\DeepLearning\Test_Mau\archive\Kvasir-SEG\Kvasir-SEG\images\cju3xl264ingx0850rcf0rshj.jpg,C:\LeDucLuong\HK VII\LuanCuNhan\DeepLearning\Test_Mau\archive\Kvasir-SEG\Kvasir-SEG\masks\cju3xl264ingx0850rcf0rshj.jpg,train/images/cju3xl264ingx0850rcf0rshj.jpg,train/masks_original/cju3xl264ingx0850rcf0rshj.jpg,train/masks_binary/cju3xl264ingx0850rcf0rshj.png,980e4fc4c3185c5b56c90ef2685736f0ecbd15553888da144ef5f5e86a33b9c6,d39bfd4839d131fe26271276e8a801f42e0feba72efea7ccf97311bdf47e211d
train,cju3xtufwiv9c0818djsc4cqd,C:\LeDucLuong\HK VII\LuanCuNhan\DeepLearning\Test_Mau\archive\Kvasir-SEG\Kvasir-SEG\images\cju3xtufwiv9c0818djsc4cqd.jpg,C:\LeDucLuong\HK VII\LuanCuNhan\DeepLearning\Test_Mau\archive\Kvasir-SEG\Kvasir-SEG\masks\cju3xtufwiv9c0818djsc4cqd.jpg,train/images/cju3xtufwiv9c0818djsc4cqd.jpg,train/masks_original/cju3xtufwiv9c0818djsc4cqd.jpg,train/masks_binary/cju3xtufwiv9c0818djsc4cqd.png,209b430375169c071603ebbe56f01cb9e5a1ee08ae891f2975e15091c4f75321,fe19aed9d9c80058878006a8eeb3df5976b8ba9606297de58e49e19ec007e015
train,cju3xuj20ivgp0818mij8bjrd,C:\LeDucLuong\HK VII\LuanCuNhan\DeepLearning\Test_Mau\archive\Kvasir-SEG\Kvasir-SEG\images\cju3xuj20ivgp0818mij8bjrd.jpg,C:\LeDucLuong\HK VII\LuanCuNhan\DeepLearning\Test_Mau\archive\Kvasir-SEG\Kvasir-SEG\masks\cju3xuj20ivgp0818mij8bjrd.jpg,train/images/cju3xuj20ivgp0818mij8bjrd.jpg,train/masks_original/cju3xuj20ivgp0818mij8bjrd.jpg,train/masks_binary/cju3xuj20ivgp0818mij8bjrd.png,dc16e54e68b84c5975f6ad552052a40a9aed68cf4b2a83ac5dd8746932ab8e93,0e7fdc53d1860a0e10f8233a85d45b018003b49fc480c2c85d8a734eb400919a
train,cju3xvoo2iqlc0817eku2r3wl,C:\LeDucLuong\HK VII\LuanCuNhan\DeepLearning\Test_Mau\archive\Kvasir-SEG\Kvasir-SEG\images\cju3xvoo2iqlc0817eku2r3wl.jpg,C:\LeDucLuong\HK VII\LuanCuNhan\DeepLearning\Test_Mau\archive\Kvasir-SEG\Kvasir-SEG\masks\cju3xvoo2iqlc0817eku2r3wl.jpg,train/images/cju3xvoo2iqlc0817eku2r3wl.jpg,train/masks_original/cju3xvoo2iqlc0817eku2r3wl.jpg,train/masks_binary/cju3xvoo2iqlc0817eku2r3wl.png,227b777a940fd5752ab1f46517488a09fe6e5dedb656a15a2c87c3eb5f20abe4,3a6920134f1f724179deb6e830e0a6f9bdcf3ed294d6c2a7e3919be7eb29d4de
train,cju3xwpgviwlx0871rwm15q7v,C:\LeDucLuong\HK VII\LuanCuNhan\DeepLearning\Test_Mau\archive\Kvasir-SEG\Kvasir-SEG\images\cju3xwpgviwlx0871rwm15q7v.jpg,C:\LeDucLuong\HK VII\LuanCuNhan\DeepLearning\Test_Mau\archive\Kvasir-SEG\Kvasir-SEG\masks\cju3xwpgviwlx0871rwm15q7v.jpg,train/images/cju3xwpgviwlx0871rwm15q7v.jpg,train/masks_original/cju3xwpgviwlx0871rwm15q7v.jpg,train/masks_binary/cju3xwpgviwlx0871rwm15q7v.png,956a7d24de28298cbb1f4d07f3f0f51ca1c486dff8e497ea3b3280d1efb9e574,a24db04dbcd1305cc4136dbd9b967bb99a1cf105a2346c591c1eda6454309283
train,cju3xzvnzj0hd0755xprz39nj,C:\LeDucLuong\HK VII\LuanCuNhan\DeepLearning\Test_Mau\archive\Kvasir-SEG\Kvasir-SEG\images\cju3xzvnzj0hd0755xprz39nj.jpg,C:\LeDucLuong\HK VII\LuanCuNhan\DeepLearning\Test_Mau\archive\Kvasir-SEG\Kvasir-SEG\masks\cju3xzvnzj0hd0755xprz39nj.jpg,train/images/cju3xzvnzj0hd0755xprz39nj.jpg,train/masks_original/cju3xzvnzj0hd0755xprz39nj.jpg,train/masks_binary/cju3xzvnzj0hd0755xprz39nj.png,d790b15e7115688cf8300d55b96437fcab1ca4201820721a355b8d6c2be0fda8,f21b75eade83c052f5b473782a8bc4313d90b921ae835e20bcaa703926dc6ca4
train,cju3y0pjrj1c30755nxekxccj,C:\LeDucLuong\HK VII\LuanCuNhan\DeepLearning\Test_Mau\archive\Kvasir-SEG\Kvasir-SEG\images\cju3y0pjrj1c30755nxekxccj.jpg,C:\LeDucLuong\HK VII\LuanCuNhan\DeepLearning\Test_Mau\archive\Kvasir-SEG\Kvasir-SEG\masks\cju3y0pjrj1c30755nxekxccj.jpg,train/images/cju3y0pjrj1c30755nxekxccj.jpg,train/masks_original/cju3y0pjrj1c30755nxekxccj.jpg,train/masks_binary/cju3y0pjrj1c30755nxekxccj.png,938d5a1ca4c3c0c8dbd9caeb01cdeb6048cdc3ca6f51503e4cb822f8f84c5419,ad508838bf5a22500a0e8a332b5b7060d7ee1fab64ff748504296257b62618a0
train,cju3y21quj0ir0818kgjagr15,C:\LeDucLuong\HK VII\LuanCuNhan\DeepLearning\Test_Mau\archive\Kvasir-SEG\Kvasir-SEG\images\cju3y21quj0ir0818kgjagr15.jpg,C:\LeDucLuong\HK VII\LuanCuNhan\DeepLearning\Test_Mau\archive\Kvasir-SEG\Kvasir-SEG\masks\cju3y21quj0ir0818kgjagr15.jpg,train/images/cju3y21quj0ir0818kgjagr15.jpg,train/masks_original/cju3y21quj0ir0818kgjagr15.jpg,train/masks_binary/cju3y21quj0ir0818kgjagr15.png,6ecdcc090b7f2fea4fba853c77bd1a609f2fbc02175e0ee06c963215fd50a663,867a80becdc93934c2b757ad11317bdeb21be7922c636ebce82f682e275c3964
train,cju3y54kwj3nr0801biidlb4e,C:\LeDucLuong\HK VII\LuanCuNhan\DeepLearning\Test_Mau\archive\Kvasir-SEG\Kvasir-SEG\images\cju3y54kwj3nr0801biidlb4e.jpg,C:\LeDucLuong\HK VII\LuanCuNhan\DeepLearning\Test_Mau\archive\Kvasir-SEG\Kvasir-SEG\masks\cju3y54kwj3nr0801biidlb4e.jpg,train/images/cju3y54kwj3nr0801biidlb4e.jpg,train/masks_original/cju3y54kwj3nr0801biidlb4e.jpg,train/masks_binary/cju3y54kwj3nr0801biidlb4e.png,98c84590a90b3adcd9384f71ec545ef512371fdd13cb5f86dfdc7dd823c4b698,389070d6dcff17e6614fa8d6e96527f67c6751f61658b462ade25ccac2e15de1
train,cju3y79ofj3va0871uqfb1mzo,C:\LeDucLuong\HK VII\LuanCuNhan\DeepLearning\Test_Mau\archive\Kvasir-SEG\Kvasir-SEG\images\cju3y79ofj3va0871uqfb1mzo.jpg,C:\LeDucLuong\HK VII\LuanCuNhan\DeepLearning\Test_Mau\archive\Kvasir-SEG\Kvasir-SEG\masks\cju3y79ofj3va0871uqfb1mzo.jpg,train/images/cju3y79ofj3va0871uqfb1mzo.jpg,train/masks_original/cju3y79ofj3va0871uqfb1mzo.jpg,train/masks_binary/cju3y79ofj3va0871uqfb1mzo.png,5f1777d472bf29678f405c070e4ec99fe97759627633326e8d75c073a492155b,f2f676129ff40f0560cc5944e5b2d900dc3b222c444a0990b71627ff17fb5cd2
train,cju3y9difj6th0801kd1rqm3w,C:\LeDucLuong\HK VII\LuanCuNhan\DeepLearning\Test_Mau\archive\Kvasir-SEG\Kvasir-SEG\images\cju3y9difj6th0801kd1rqm3w.jpg,C:\LeDucLuong\HK VII\LuanCuNhan\DeepLearning\Test_Mau\archive\Kvasir-SEG\Kvasir-SEG\masks\cju3y9difj6th0801kd1rqm3w.jpg,train/images/cju3y9difj6th0801kd1rqm3w.jpg,train/masks_original/cju3y9difj6th0801kd1rqm3w.jpg,train/masks_binary/cju3y9difj6th0801kd1rqm3w.png,a07ee7ce68964ef5136954f331894e29f0035d9ac3daf29ceadd8706b4ae76ac,cba430bdc85383f9e2f142279adbde7d572d2ee7754b307c5468bf74d0e0b4e2
train,cju3ya7goj6at0818v2l5ay7f,C:\LeDucLuong\HK VII\LuanCuNhan\DeepLearning\Test_Mau\archive\Kvasir-SEG\Kvasir-SEG\images\cju3ya7goj6at0818v2l5ay7f.jpg,C:\LeDucLuong\HK VII\LuanCuNhan\DeepLearning\Test_Mau\archive\Kvasir-SEG\Kvasir-SEG\masks\cju3ya7goj6at0818v2l5ay7f.jpg,train/images/cju3ya7goj6at0818v2l5ay7f.jpg,train/masks_original/cju3ya7goj6at0818v2l5ay7f.jpg,train/masks_binary/cju3ya7goj6at0818v2l5ay7f.png,27bd240ad9109bf84eec482ef0986fdf027f2aef14d0aaaf28d14e2e1452b580,2232462a1f9ead9367f563efdabb97bce70ded25dc1f08de6ed98fd4f27107df
train,cju3yb47cj1xq0817zfotbni4,C:\LeDucLuong\HK VII\LuanCuNhan\DeepLearning\Test_Mau\archive\Kvasir-SEG\Kvasir-SEG\images\cju3yb47cj1xq0817zfotbni4.jpg,C:\LeDucLuong\HK VII\LuanCuNhan\DeepLearning\Test_Mau\archive\Kvasir-SEG\Kvasir-SEG\masks\cju3yb47cj1xq0817zfotbni4.jpg,train/images/cju3yb47cj1xq0817zfotbni4.jpg,train/masks_original/cju3yb47cj1xq0817zfotbni4.jpg,train/masks_binary/cju3yb47cj1xq0817zfotbni4.png,2f413e75d57834f8ab9093c702619dcddbb2eaa435c1c65d41b216570b405f56,031c6bee6d0e635296e9c76237e9fadc684012525f2a6b0397260c4c9c4dd599
train,cju3yht87j83m08507yk1u1fg,C:\LeDucLuong\HK VII\LuanCuNhan\DeepLearning\Test_Mau\archive\Kvasir-SEG\Kvasir-SEG\images\cju3yht87j83m08507yk1u1fg.jpg,C:\LeDucLuong\HK VII\LuanCuNhan\DeepLearning\Test_Mau\archive\Kvasir-SEG\Kvasir-SEG\masks\cju3yht87j83m08507yk1u1fg.jpg,train/images/cju3yht87j83m08507yk1u1fg.jpg,train/masks_original/cju3yht87j83m08507yk1u1fg.jpg,train/masks_binary/cju3yht87j83m08507yk1u1fg.png,6af484a0b205824c16b9dc0c3ed00f17e956f173ca83319f7407406cd34ee40c,ef99ebb158c84d06bea55fea600c01dc626163545190cb88e73f8f64395732d0
train,cju3ykamdj9u208503pygyuc8,C:\LeDucLuong\HK VII\LuanCuNhan\DeepLearning\Test_Mau\archive\Kvasir-SEG\Kvasir-SEG\images\cju3ykamdj9u208503pygyuc8.jpg,C:\LeDucLuong\HK VII\LuanCuNhan\DeepLearning\Test_Mau\archive\Kvasir-SEG\Kvasir-SEG\masks\cju3ykamdj9u208503pygyuc8.jpg,train/images/cju3ykamdj9u208503pygyuc8.jpg,train/masks_original/cju3ykamdj9u208503pygyuc8.jpg,train/masks_binary/cju3ykamdj9u208503pygyuc8.png,0bb31253f5daad1d8f91cc9f857bde2fe48226307714d70ab5f093d604c05fab,99d5337190e39d33c458454c9b190642323e95b4ea204ff3de255887f98e23be
train,cju40jl7skiuo0817p0smlgg8,C:\LeDucLuong\HK VII\LuanCuNhan\DeepLearning\Test_Mau\archive\Kvasir-SEG\Kvasir-SEG\images\cju40jl7skiuo0817p0smlgg8.jpg,C:\LeDucLuong\HK VII\LuanCuNhan\DeepLearning\Test_Mau\archive\Kvasir-SEG\Kvasir-SEG\masks\cju40jl7skiuo0817p0smlgg8.jpg,train/images/cju40jl7skiuo0817p0smlgg8.jpg,train/masks_original/cju40jl7skiuo0817p0smlgg8.jpg,train/masks_binary/cju40jl7skiuo0817p0smlgg8.png,99c82d8f9b46b1701526cf7b0de27cfcb9dd2e287a962b238b4be0c926c3ac8f,15d1ce9c9d5bfe470aea048c390ec5982e7ace956733bb17aab31eb703697276
train,cju40m0rjkpw80871z6n6yg1u,C:\LeDucLuong\HK VII\LuanCuNhan\DeepLearning\Test_Mau\archive\Kvasir-SEG\Kvasir-SEG\images\cju40m0rjkpw80871z6n6yg1u.jpg,C:\LeDucLuong\HK VII\LuanCuNhan\DeepLearning\Test_Mau\archive\Kvasir-SEG\Kvasir-SEG\masks\cju40m0rjkpw80871z6n6yg1u.jpg,train/images/cju40m0rjkpw80871z6n6yg1u.jpg,train/masks_original/cju40m0rjkpw80871z6n6yg1u.jpg,train/masks_binary/cju40m0rjkpw80871z6n6yg1u.png,1202248f033787ae65884eeada15dcd050cc8829b6945a630fd61ad4d8d600e8,51ae591473d2a7f3ea343f4fa4fb8f627cdba9c73576b47a50ea6d70edc5ff32
train,cju40poe4kt9s0755f9cnm3h5,C:\LeDucLuong\HK VII\LuanCuNhan\DeepLearning\Test_Mau\archive\Kvasir-SEG\Kvasir-SEG\images\cju40poe4kt9s0755f9cnm3h5.jpg,C:\LeDucLuong\HK VII\LuanCuNhan\DeepLearning\Test_Mau\archive\Kvasir-SEG\Kvasir-SEG\masks\cju40poe4kt9s0755f9cnm3h5.jpg,train/images/cju40poe4kt9s0755f9cnm3h5.jpg,train/masks_original/cju40poe4kt9s0755f9cnm3h5.jpg,train/masks_binary/cju40poe4kt9s0755f9cnm3h5.png,6fc0e1318af383e58f31c77847492c4c2942dca9e3c9cde38ef7e0d2c671d53c,7077236b25692077cb9b0e9522b342b6e45ab45f5bbc0ee490469307626d04d8
train,cju40r6jrksyk0871wg98zgho,C:\LeDucLuong\HK VII\LuanCuNhan\DeepLearning\Test_Mau\archive\Kvasir-SEG\Kvasir-SEG\images\cju40r6jrksyk0871wg98zgho.jpg,C:\LeDucLuong\HK VII\LuanCuNhan\DeepLearning\Test_Mau\archive\Kvasir-SEG\Kvasir-SEG\masks\cju40r6jrksyk0871wg98zgho.jpg,train/images/cju40r6jrksyk0871wg98zgho.jpg,train/masks_original/cju40r6jrksyk0871wg98zgho.jpg,train/masks_binary/cju40r6jrksyk0871wg98zgho.png,317f59875d872b8da0237b28002713d0f87ec9af74bf3eaec3fb75f664781b6d,4605ced09a7f950b2937f88a01d0643d86ff03cfe507032ee74aafee927a6113
train,cju40sdwukv3k0755y99ug1k8,C:\LeDucLuong\HK VII\LuanCuNhan\DeepLearning\Test_Mau\archive\Kvasir-SEG\Kvasir-SEG\images\cju40sdwukv3k0755y99ug1k8.jpg,C:\LeDucLuong\HK VII\LuanCuNhan\DeepLearning\Test_Mau\archive\Kvasir-SEG\Kvasir-SEG\masks\cju40sdwukv3k0755y99ug1k8.jpg,train/images/cju40sdwukv3k0755y99ug1k8.jpg,train/masks_original/cju40sdwukv3k0755y99ug1k8.jpg,train/masks_binary/cju40sdwukv3k0755y99ug1k8.png,3d42e30dac794a87174e5b0a15411f8aca58d402f798ad9fd04ab42f270d8890,42432fecdadabe964bdf9b248fed8356efdf5961b39e24e1d90d88ae600e35cd
train,cju40taxlkrho0987smigg0x0,C:\LeDucLuong\HK VII\LuanCuNhan\DeepLearning\Test_Mau\archive\Kvasir-SEG\Kvasir-SEG\images\cju40taxlkrho0987smigg0x0.jpg,C:\LeDucLuong\HK VII\LuanCuNhan\DeepLearning\Test_Mau\archive\Kvasir-SEG\Kvasir-SEG\masks\cju40taxlkrho0987smigg0x0.jpg,train/images/cju40taxlkrho0987smigg0x0.jpg,train/masks_original/cju40taxlkrho0987smigg0x0.jpg,train/masks_binary/cju40taxlkrho0987smigg0x0.png,79d38756360a89b05393d8a2f3c67c7b35a9a55cc02370803d19512a59150aed,75a295fcf8070224f535526542d32ac3cce40bada7581d2cb8cc785b95d403cc
train,cju40u30gkuzc0871rq7t666d,C:\LeDucLuong\HK VII\LuanCuNhan\DeepLearning\Test_Mau\archive\Kvasir-SEG\Kvasir-SEG\images\cju40u30gkuzc0871rq7t666d.jpg,C:\LeDucLuong\HK VII\LuanCuNhan\DeepLearning\Test_Mau\archive\Kvasir-SEG\Kvasir-SEG\masks\cju40u30gkuzc0871rq7t666d.jpg,train/images/cju40u30gkuzc0871rq7t666d.jpg,train/masks_original/cju40u30gkuzc0871rq7t666d.jpg,train/masks_binary/cju40u30gkuzc0871rq7t666d.png,b1d37ec4e6061e1b644cf0beddd930c42fce2ca3066d7efcdf93e404423cd5da,85c39121b0c896bb523785a9decefeb3faf207a890356b5a609750c153a82f33
train,cju40w3hbkwpn08015rbs3wko,C:\LeDucLuong\HK VII\LuanCuNhan\DeepLearning\Test_Mau\archive\Kvasir-SEG\Kvasir-SEG\images\cju40w3hbkwpn08015rbs3wko.jpg,C:\LeDucLuong\HK VII\LuanCuNhan\DeepLearning\Test_Mau\archive\Kvasir-SEG\Kvasir-SEG\masks\cju40w3hbkwpn08015rbs3wko.jpg,train/images/cju40w3hbkwpn08015rbs3wko.jpg,train/masks_original/cju40w3hbkwpn08015rbs3wko.jpg,train/masks_binary/cju40w3hbkwpn08015rbs3wko.png,2b4967c08e7600aa0cc5a97793c621fb834a0f3104a2334b3e61ed48ebf95abb,75dda978c8ed466bcb353244cf4cd4b903941c90e24d216d1d0b835dfdb48bdb
train,cju40wto5kxwi0755it190f2k,C:\LeDucLuong\HK VII\LuanCuNhan\DeepLearning\Test_Mau\archive\Kvasir-SEG\Kvasir-SEG\images\cju40wto5kxwi0755it190f2k.jpg,C:\LeDucLuong\HK VII\LuanCuNhan\DeepLearning\Test_Mau\archive\Kvasir-SEG\Kvasir-SEG\masks\cju40wto5kxwi0755it190f2k.jpg,train/images/cju40wto5kxwi0755it190f2k.jpg,train/masks_original/cju40wto5kxwi0755it190f2k.jpg,train/masks_binary/cju40wto5kxwi0755it190f2k.png,5ededd3197bf999ddc2011aa25f3f44e0687f3e79e451413ffad4861dd954322,739d641b64fa77c2b4a65c62c536c605a5fb37906b3223c672a9df74f8c0c17b
train,cju410dnfl0960755y8lu8d79,C:\LeDucLuong\HK VII\LuanCuNhan\DeepLearning\Test_Mau\archive\Kvasir-SEG\Kvasir-SEG\images\cju410dnfl0960755y8lu8d79.jpg,C:\LeDucLuong\HK VII\LuanCuNhan\DeepLearning\Test_Mau\archive\Kvasir-SEG\Kvasir-SEG\masks\cju410dnfl0960755y8lu8d79.jpg,train/images/cju410dnfl0960755y8lu8d79.jpg,train/masks_original/cju410dnfl0960755y8lu8d79.jpg,train/masks_binary/cju410dnfl0960755y8lu8d79.png,139f7062d762c16d57208a19142fb8bf9d1b0e1555e7ba3da72440499b7e9fd6,25a7a983c1c7880044f413b6c52c3a2d343e50fe7e18eec2fe3c1c7d079b9a7b
train,cju412uwlkva50850d1ps1ww7,C:\LeDucLuong\HK VII\LuanCuNhan\DeepLearning\Test_Mau\archive\Kvasir-SEG\Kvasir-SEG\images\cju412uwlkva50850d1ps1ww7.jpg,C:\LeDucLuong\HK VII\LuanCuNhan\DeepLearning\Test_Mau\archive\Kvasir-SEG\Kvasir-SEG\masks\cju412uwlkva50850d1ps1ww7.jpg,train/images/cju412uwlkva50850d1ps1ww7.jpg,train/masks_original/cju412uwlkva50850d1ps1ww7.jpg,train/masks_binary/cju412uwlkva50850d1ps1ww7.png,dd1a2141c19f345bf908defa0e77de55ce1f398fb669475aa54c6a5ed9e5a7df,641fc3cb808d1b23721ffe3f274360d57d8746a655775e8885ad233755d18528
train,cju414lf2l1lt0801rl3hjllj,C:\LeDucLuong\HK VII\LuanCuNhan\DeepLearning\Test_Mau\archive\Kvasir-SEG\Kvasir-SEG\images\cju414lf2l1lt0801rl3hjllj.jpg,C:\LeDucLuong\HK VII\LuanCuNhan\DeepLearning\Test_Mau\archive\Kvasir-SEG\Kvasir-SEG\masks\cju414lf2l1lt0801rl3hjllj.jpg,train/images/cju414lf2l1lt0801rl3hjllj.jpg,train/masks_original/cju414lf2l1lt0801rl3hjllj.jpg,train/masks_binary/cju414lf2l1lt0801rl3hjllj.png,c8565521b915e17f4b7d3314fdc4e65ef099d1477203dc680ef118c1f74e0dae,63d9cff9f507c75f21b8be0c507faf05c70e55aabdd45e71436b1e119d0dad88
train,cju418rckl3ur08012psrx1r1,C:\LeDucLuong\HK VII\LuanCuNhan\DeepLearning\Test_Mau\archive\Kvasir-SEG\Kvasir-SEG\images\cju418rckl3ur08012psrx1r1.jpg,C:\LeDucLuong\HK VII\LuanCuNhan\DeepLearning\Test_Mau\archive\Kvasir-SEG\Kvasir-SEG\masks\cju418rckl3ur08012psrx1r1.jpg,train/images/cju418rckl3ur08012psrx1r1.jpg,train/masks_original/cju418rckl3ur08012psrx1r1.jpg,train/masks_binary/cju418rckl3ur08012psrx1r1.png,ba9aa499eed030c552153a3031bc32fb43d9daa9333659b0858677ff6aee46ec,d017718d2eeede885daf2177fc1e824de6e0d2fe54bae57ca6c02bbd1d2edfbf
train,cju41kd7yl4nm0850gil5qqwh,C:\LeDucLuong\HK VII\LuanCuNhan\DeepLearning\Test_Mau\archive\Kvasir-SEG\Kvasir-SEG\images\cju41kd7yl4nm0850gil5qqwh.jpg,C:\LeDucLuong\HK VII\LuanCuNhan\DeepLearning\Test_Mau\archive\Kvasir-SEG\Kvasir-SEG\masks\cju41kd7yl4nm0850gil5qqwh.jpg,train/images/cju41kd7yl4nm0850gil5qqwh.jpg,train/masks_original/cju41kd7yl4nm0850gil5qqwh.jpg,train/masks_binary/cju41kd7yl4nm0850gil5qqwh.png,68fa363516f7d6b77c64c265b10c99502d7132750c5e94c9ec6916fbfda26c98,10c0d06d1a4105b1d8efb92067a4987ac71dbf12127126a32187066816d0494e
train,cju41lojblbs307555jdci937,C:\LeDucLuong\HK VII\LuanCuNhan\DeepLearning\Test_Mau\archive\Kvasir-SEG\Kvasir-SEG\images\cju41lojblbs307555jdci937.jpg,C:\LeDucLuong\HK VII\LuanCuNhan\DeepLearning\Test_Mau\archive\Kvasir-SEG\Kvasir-SEG\masks\cju41lojblbs307555jdci937.jpg,train/images/cju41lojblbs307555jdci937.jpg,train/masks_original/cju41lojblbs307555jdci937.jpg,train/masks_binary/cju41lojblbs307555jdci937.png,285ad21bba9eba58ad68badee2fdf59c59f0a76aabec6bd5c5795259fd70dd71,c751ec45036bb5316461dc92e59be65ec749cb5e0f1df0ae1453c2c81eae715f
train,cju41nz76lcxu0755cya2qefx,C:\LeDucLuong\HK VII\LuanCuNhan\DeepLearning\Test_Mau\archive\Kvasir-SEG\Kvasir-SEG\images\cju41nz76lcxu0755cya2qefx.jpg,C:\LeDucLuong\HK VII\LuanCuNhan\DeepLearning\Test_Mau\archive\Kvasir-SEG\Kvasir-SEG\masks\cju41nz76lcxu0755cya2qefx.jpg,train/images/cju41nz76lcxu0755cya2qefx.jpg,train/masks_original/cju41nz76lcxu0755cya2qefx.jpg,train/masks_binary/cju41nz76lcxu0755cya2qefx.png,8b980b6c021103c46a913975675cdbd1120d43e78d5a1a642d45e3060efe17ab,9aa8b73e0b54b425c5eddf2fcf44301cd6e68edad9920ccc2373bcd66c6b2e8d
train,cju41p90plcsx08018cnzpndc,C:\LeDucLuong\HK VII\LuanCuNhan\DeepLearning\Test_Mau\archive\Kvasir-SEG\Kvasir-SEG\images\cju41p90plcsx08018cnzpndc.jpg,C:\LeDucLuong\HK VII\LuanCuNhan\DeepLearning\Test_Mau\archive\Kvasir-SEG\Kvasir-SEG\masks\cju41p90plcsx08018cnzpndc.jpg,train/images/cju41p90plcsx08018cnzpndc.jpg,train/masks_original/cju41p90plcsx08018cnzpndc.jpg,train/masks_binary/cju41p90plcsx08018cnzpndc.png,61c3b3b9266aafbcd567ce5340e1cc73941b936a1b7f8d550c0068c22efd24ce,edbd36acfb730e16ee0092aeb944e38afe32132cc5a9694b8b1f4f3a88d94566
train,cju41r6v2lcww0871ps8k8pf5,C:\LeDucLuong\HK VII\LuanCuNhan\DeepLearning\Test_Mau\archive\Kvasir-SEG\Kvasir-SEG\images\cju41r6v2lcww0871ps8k8pf5.jpg,C:\LeDucLuong\HK VII\LuanCuNhan\DeepLearning\Test_Mau\archive\Kvasir-SEG\Kvasir-SEG\masks\cju41r6v2lcww0871ps8k8pf5.jpg,train/images/cju41r6v2lcww0871ps8k8pf5.jpg,train/masks_original/cju41r6v2lcww0871ps8k8pf5.jpg,train/masks_binary/cju41r6v2lcww0871ps8k8pf5.png,ead5c99e145e14a8a79c6120f18926c3e3be577f2e6aa4abc05dacbcea0252d3,52fa3661d7b8229ad26a43952d6101ec825391c293e36b258e31458f8275bb70
train,cju41s6nbleqy0755e2mslg0b,C:\LeDucLuong\HK VII\LuanCuNhan\DeepLearning\Test_Mau\archive\Kvasir-SEG\Kvasir-SEG\images\cju41s6nbleqy0755e2mslg0b.jpg,C:\LeDucLuong\HK VII\LuanCuNhan\DeepLearning\Test_Mau\archive\Kvasir-SEG\Kvasir-SEG\masks\cju41s6nbleqy0755e2mslg0b.jpg,train/images/cju41s6nbleqy0755e2mslg0b.jpg,train/masks_original/cju41s6nbleqy0755e2mslg0b.jpg,train/masks_binary/cju41s6nbleqy0755e2mslg0b.png,5298cbca1be7e711d65f3c8c304d71aa1ee3a542aeee1017163318fa8529462e,e5ce316a429d979b4cf51fb4532b17df54fb5ebb0b644031f706ed2fd86985a0
train,cju41z76wlgbz0801qdetlvby,C:\LeDucLuong\HK VII\LuanCuNhan\DeepLearning\Test_Mau\archive\Kvasir-SEG\Kvasir-SEG\images\cju41z76wlgbz0801qdetlvby.jpg,C:\LeDucLuong\HK VII\LuanCuNhan\DeepLearning\Test_Mau\archive\Kvasir-SEG\Kvasir-SEG\masks\cju41z76wlgbz0801qdetlvby.jpg,train/images/cju41z76wlgbz0801qdetlvby.jpg,train/masks_original/cju41z76wlgbz0801qdetlvby.jpg,train/masks_binary/cju41z76wlgbz0801qdetlvby.png,276d9f312f18b3c3e399ee3b0dc6488fc389f47929ff9201b463e427e426b47e,a3ee62428a5935eedf38fd05431615eae6b875f08762c4a38ff4a618d322b04d
train,cju422cm8lfxn0818ojicxejb,C:\LeDucLuong\HK VII\LuanCuNhan\DeepLearning\Test_Mau\archive\Kvasir-SEG\Kvasir-SEG\images\cju422cm8lfxn0818ojicxejb.jpg,C:\LeDucLuong\HK VII\LuanCuNhan\DeepLearning\Test_Mau\archive\Kvasir-SEG\Kvasir-SEG\masks\cju422cm8lfxn0818ojicxejb.jpg,train/images/cju422cm8lfxn0818ojicxejb.jpg,train/masks_original/cju422cm8lfxn0818ojicxejb.jpg,train/masks_binary/cju422cm8lfxn0818ojicxejb.png,237a14d5ad01850f2832d5c62c8ef7d72594d89d889334a02f5f4d20a86c6d8e,e9eb3478620870ab580ec88d72b17c5f4aefb08ea5198f469725f9a2bb407224
train,cju424hy5lckr085073fva1ok,C:\LeDucLuong\HK VII\LuanCuNhan\DeepLearning\Test_Mau\archive\Kvasir-SEG\Kvasir-SEG\images\cju424hy5lckr085073fva1ok.jpg,C:\LeDucLuong\HK VII\LuanCuNhan\DeepLearning\Test_Mau\archive\Kvasir-SEG\Kvasir-SEG\masks\cju424hy5lckr085073fva1ok.jpg,train/images/cju424hy5lckr085073fva1ok.jpg,train/masks_original/cju424hy5lckr085073fva1ok.jpg,train/masks_binary/cju424hy5lckr085073fva1ok.png,fc0f5591aa87bf50b144e6c488d604b91f6b57667f582e4af7395abd277dcd67,7fcff4684732f001c5f8709b312ab7b560e18a774702116a8aa82f6dd51d3494
train,cju426tomlhll0818fc0i7nvh,C:\LeDucLuong\HK VII\LuanCuNhan\DeepLearning\Test_Mau\archive\Kvasir-SEG\Kvasir-SEG\images\cju426tomlhll0818fc0i7nvh.jpg,C:\LeDucLuong\HK VII\LuanCuNhan\DeepLearning\Test_Mau\archive\Kvasir-SEG\Kvasir-SEG\masks\cju426tomlhll0818fc0i7nvh.jpg,train/images/cju426tomlhll0818fc0i7nvh.jpg,train/masks_original/cju426tomlhll0818fc0i7nvh.jpg,train/masks_binary/cju426tomlhll0818fc0i7nvh.png,94ef749aa5d2df694ef881477109954d5b7c594ad7abb1acb0c6c2ebdc9178f0,86c026ce68035c12c42fe1dca45f39ce09951ed7160fa79dc5a06c54cc89bdb8
train,cju428k5fldt108177s6g6f45,C:\LeDucLuong\HK VII\LuanCuNhan\DeepLearning\Test_Mau\archive\Kvasir-SEG\Kvasir-SEG\images\cju428k5fldt108177s6g6f45.jpg,C:\LeDucLuong\HK VII\LuanCuNhan\DeepLearning\Test_Mau\archive\Kvasir-SEG\Kvasir-SEG\masks\cju428k5fldt108177s6g6f45.jpg,train/images/cju428k5fldt108177s6g6f45.jpg,train/masks_original/cju428k5fldt108177s6g6f45.jpg,train/masks_binary/cju428k5fldt108177s6g6f45.png,bef25af0ca824b1ebfd32dcc40105aad9ec832c4f380f0f01af24c6d0c3e716f,5692a2f2bff88d724572a98803fb7c6090c826413dada1de837d4d7d700dce71
train,cju42dwedlmk60871jbgu4ehi,C:\LeDucLuong\HK VII\LuanCuNhan\DeepLearning\Test_Mau\archive\Kvasir-SEG\Kvasir-SEG\images\cju42dwedlmk60871jbgu4ehi.jpg,C:\LeDucLuong\HK VII\LuanCuNhan\DeepLearning\Test_Mau\archive\Kvasir-SEG\Kvasir-SEG\masks\cju42dwedlmk60871jbgu4ehi.jpg,train/images/cju42dwedlmk60871jbgu4ehi.jpg,train/masks_original/cju42dwedlmk60871jbgu4ehi.jpg,train/masks_binary/cju42dwedlmk60871jbgu4ehi.png,34581bfd787ea60df3b168342b0f9f4d549c3cc7a77a01dd217e61b9a8de187b,7955b169e7aa9b951a0e73500ab1ad07ed64feeba59839e66490f0a554df1101
train,cju42g865lorv07552ytz6xxa,C:\LeDucLuong\HK VII\LuanCuNhan\DeepLearning\Test_Mau\archive\Kvasir-SEG\Kvasir-SEG\images\cju42g865lorv07552ytz6xxa.jpg,C:\LeDucLuong\HK VII\LuanCuNhan\DeepLearning\Test_Mau\archive\Kvasir-SEG\Kvasir-SEG\masks\cju42g865lorv07552ytz6xxa.jpg,train/images/cju42g865lorv07552ytz6xxa.jpg,train/masks_original/cju42g865lorv07552ytz6xxa.jpg,train/masks_binary/cju42g865lorv07552ytz6xxa.png,1817ad2a5c2e3e2807c7acb43a921dea66e185be5cce78989e0657853500c612,5e5365d77b5c00449c539251f063c8e8f3c49d31f043b98eab960a79997d6de9
train,cju42m60jlpcm08186kqppzqv,C:\LeDucLuong\HK VII\LuanCuNhan\DeepLearning\Test_Mau\archive\Kvasir-SEG\Kvasir-SEG\images\cju42m60jlpcm08186kqppzqv.jpg,C:\LeDucLuong\HK VII\LuanCuNhan\DeepLearning\Test_Mau\archive\Kvasir-SEG\Kvasir-SEG\masks\cju42m60jlpcm08186kqppzqv.jpg,train/images/cju42m60jlpcm08186kqppzqv.jpg,train/masks_original/cju42m60jlpcm08186kqppzqv.jpg,train/masks_binary/cju42m60jlpcm08186kqppzqv.png,93d68ec8850b106d1284192c34c551bf9f400ceb95e527f8949218e5d67bed70,b7c7074d8f2bbbace93be22cf6fd1dd854634f6d7059756ef2ec2cdbcda0f64c
train,cju42nm68lpyo0818xvvqmupq,C:\LeDucLuong\HK VII\LuanCuNhan\DeepLearning\Test_Mau\archive\Kvasir-SEG\Kvasir-SEG\images\cju42nm68lpyo0818xvvqmupq.jpg,C:\LeDucLuong\HK VII\LuanCuNhan\DeepLearning\Test_Mau\archive\Kvasir-SEG\Kvasir-SEG\masks\cju42nm68lpyo0818xvvqmupq.jpg,train/images/cju42nm68lpyo0818xvvqmupq.jpg,train/masks_original/cju42nm68lpyo0818xvvqmupq.jpg,train/masks_binary/cju42nm68lpyo0818xvvqmupq.png,a97cf602a1ad237e4f6025858355506ef444a9d79e321791e2f72c11dc6c4bb0,e325bf6705bed9e66e49883817a81cd453e53f36dc498efb4db9aaaf0eb15246
train,cju42py9mlqyd0818u3d1d7ga,C:\LeDucLuong\HK VII\LuanCuNhan\DeepLearning\Test_Mau\archive\Kvasir-SEG\Kvasir-SEG\images\cju42py9mlqyd0818u3d1d7ga.jpg,C:\LeDucLuong\HK VII\LuanCuNhan\DeepLearning\Test_Mau\archive\Kvasir-SEG\Kvasir-SEG\masks\cju42py9mlqyd0818u3d1d7ga.jpg,train/images/cju42py9mlqyd0818u3d1d7ga.jpg,train/masks_original/cju42py9mlqyd0818u3d1d7ga.jpg,train/masks_binary/cju42py9mlqyd0818u3d1d7ga.png,cebcc41d0825f791cec479b6de0c9d9a405653328c5cabf65d498ab61e2b124f,33767f0b3a1b1d14b300c77c12c0045153d9d14cc1734a203301ffca803fd89a
train,cju42qet0lsq90871e50xbnuv,C:\LeDucLuong\HK VII\LuanCuNhan\DeepLearning\Test_Mau\archive\Kvasir-SEG\Kvasir-SEG\images\cju42qet0lsq90871e50xbnuv.jpg,C:\LeDucLuong\HK VII\LuanCuNhan\DeepLearning\Test_Mau\archive\Kvasir-SEG\Kvasir-SEG\masks\cju42qet0lsq90871e50xbnuv.jpg,train/images/cju42qet0lsq90871e50xbnuv.jpg,train/masks_original/cju42qet0lsq90871e50xbnuv.jpg,train/masks_binary/cju42qet0lsq90871e50xbnuv.png,8818f2ae81e3cca9adcce08e286156ed02fd89f514424758c8f3cec4c82ea3c1,2c67c89ca59d82082ba9e141d298999aba0ce23ec0db5a29597d90c53500699d
train,cju42romflni20817etb9a0fl,C:\LeDucLuong\HK VII\LuanCuNhan\DeepLearning\Test_Mau\archive\Kvasir-SEG\Kvasir-SEG\images\cju42romflni20817etb9a0fl.jpg,C:\LeDucLuong\HK VII\LuanCuNhan\DeepLearning\Test_Mau\archive\Kvasir-SEG\Kvasir-SEG\masks\cju42romflni20817etb9a0fl.jpg,train/images/cju42romflni20817etb9a0fl.jpg,train/masks_original/cju42romflni20817etb9a0fl.jpg,train/masks_binary/cju42romflni20817etb9a0fl.png,cc762e899a30ecd5a3bd1e559c51c855adcf3476c16cc1c1a5f37f2b61031ad2,70ea20d81d1f0fbc9d276a99e54f46bb08dd3a2a03bff6102887e7cfdeff12c4
train,cju42tauqlo5p08171l3cuo4b,C:\LeDucLuong\HK VII\LuanCuNhan\DeepLearning\Test_Mau\archive\Kvasir-SEG\Kvasir-SEG\images\cju42tauqlo5p08171l3cuo4b.jpg,C:\LeDucLuong\HK VII\LuanCuNhan\DeepLearning\Test_Mau\archive\Kvasir-SEG\Kvasir-SEG\masks\cju42tauqlo5p08171l3cuo4b.jpg,train/images/cju42tauqlo5p08171l3cuo4b.jpg,train/masks_original/cju42tauqlo5p08171l3cuo4b.jpg,train/masks_binary/cju42tauqlo5p08171l3cuo4b.png,5db542a357b89372956a3e36a1205bc217a80dc9825da751edf905d6af6d0774,f6fbae1e6a80fcec55795e06e847e598901332e0bd23a658a522db0887515246
train,cju42u5bjlvi10801dc13sskp,C:\LeDucLuong\HK VII\LuanCuNhan\DeepLearning\Test_Mau\archive\Kvasir-SEG\Kvasir-SEG\images\cju42u5bjlvi10801dc13sskp.jpg,C:\LeDucLuong\HK VII\LuanCuNhan\DeepLearning\Test_Mau\archive\Kvasir-SEG\Kvasir-SEG\masks\cju42u5bjlvi10801dc13sskp.jpg,train/images/cju42u5bjlvi10801dc13sskp.jpg,train/masks_original/cju42u5bjlvi10801dc13sskp.jpg,train/masks_binary/cju42u5bjlvi10801dc13sskp.png,53ba4becb4853f4d51126933a72abc8e5b0f28c90d340d54881adbdfc14ac3c1,cdf20efb89be3b94f82e72d99f00d005ac58352ceb3819229c1fcf5af58638c4
train,cju42wamblrqn098798r2yyok,C:\LeDucLuong\HK VII\LuanCuNhan\DeepLearning\Test_Mau\archive\Kvasir-SEG\Kvasir-SEG\images\cju42wamblrqn098798r2yyok.jpg,C:\LeDucLuong\HK VII\LuanCuNhan\DeepLearning\Test_Mau\archive\Kvasir-SEG\Kvasir-SEG\masks\cju42wamblrqn098798r2yyok.jpg,train/images/cju42wamblrqn098798r2yyok.jpg,train/masks_original/cju42wamblrqn098798r2yyok.jpg,train/masks_binary/cju42wamblrqn098798r2yyok.png,86ef45b2a75e7ca70be241388649e45a0bc64a21533958ac522ff7ad5fb01eef,6d5333974b92f8c83a68c23ef43ad5750268ad51fc6727c87977dd61f31cf0c8
train,cju42xpi8lw4w0871ve317a1p,C:\LeDucLuong\HK VII\LuanCuNhan\DeepLearning\Test_Mau\archive\Kvasir-SEG\Kvasir-SEG\images\cju42xpi8lw4w0871ve317a1p.jpg,C:\LeDucLuong\HK VII\LuanCuNhan\DeepLearning\Test_Mau\archive\Kvasir-SEG\Kvasir-SEG\masks\cju42xpi8lw4w0871ve317a1p.jpg,train/images/cju42xpi8lw4w0871ve317a1p.jpg,train/masks_original/cju42xpi8lw4w0871ve317a1p.jpg,train/masks_binary/cju42xpi8lw4w0871ve317a1p.png,1be1d30729fec0ba30bf94bbafb990b6e21ab7ec388e9c57ab0c80798a168a2b,c97d14e36bc5db28094e8b2937046b63cc7035cfb018721b671e6fc5fa4a6bc4
train,cju430pm2lz0y0755jkhcc3d1,C:\LeDucLuong\HK VII\LuanCuNhan\DeepLearning\Test_Mau\archive\Kvasir-SEG\Kvasir-SEG\images\cju430pm2lz0y0755jkhcc3d1.jpg,C:\LeDucLuong\HK VII\LuanCuNhan\DeepLearning\Test_Mau\archive\Kvasir-SEG\Kvasir-SEG\masks\cju430pm2lz0y0755jkhcc3d1.jpg,train/images/cju430pm2lz0y0755jkhcc3d1.jpg,train/masks_original/cju430pm2lz0y0755jkhcc3d1.jpg,train/masks_binary/cju430pm2lz0y0755jkhcc3d1.png,cc9a5cbc6587ddb44e8ef75902687b40e2a617b1b56dd568d2f4184913c9ab4c,5776d684b1fa044d4d3376b0611eabbb8d5bf39865dc8655fec9b84fffe892d5
train,cju439oazm2fu0871ma0vvrft,C:\LeDucLuong\HK VII\LuanCuNhan\DeepLearning\Test_Mau\archive\Kvasir-SEG\Kvasir-SEG\images\cju439oazm2fu0871ma0vvrft.jpg,C:\LeDucLuong\HK VII\LuanCuNhan\DeepLearning\Test_Mau\archive\Kvasir-SEG\Kvasir-SEG\masks\cju439oazm2fu0871ma0vvrft.jpg,train/images/cju439oazm2fu0871ma0vvrft.jpg,train/masks_original/cju439oazm2fu0871ma0vvrft.jpg,train/masks_binary/cju439oazm2fu0871ma0vvrft.png,4bc56da478a2df703474c3fa2a92177eb40f371a0e613fed1e64123b652a795b,64aecf39193c3870652d1f4637a0c3fdf584c56c64a3c56f326623863638635e
train,cju43b8daly4408170e5ev06g,C:\LeDucLuong\HK VII\LuanCuNhan\DeepLearning\Test_Mau\archive\Kvasir-SEG\Kvasir-SEG\images\cju43b8daly4408170e5ev06g.jpg,C:\LeDucLuong\HK VII\LuanCuNhan\DeepLearning\Test_Mau\archive\Kvasir-SEG\Kvasir-SEG\masks\cju43b8daly4408170e5ev06g.jpg,train/images/cju43b8daly4408170e5ev06g.jpg,train/masks_original/cju43b8daly4408170e5ev06g.jpg,train/masks_binary/cju43b8daly4408170e5ev06g.png,2905696adf3637831c710c8a962842b0a3ede84b40cda4c6ff0841dad2c2b379,2f9929359d5e8bf549df969e082fc416c61708139607cf0351f21b6c49092df8
train,cju43c92lm5cj0755lorsorfg,C:\LeDucLuong\HK VII\LuanCuNhan\DeepLearning\Test_Mau\archive\Kvasir-SEG\Kvasir-SEG\images\cju43c92lm5cj0755lorsorfg.jpg,C:\LeDucLuong\HK VII\LuanCuNhan\DeepLearning\Test_Mau\archive\Kvasir-SEG\Kvasir-SEG\masks\cju43c92lm5cj0755lorsorfg.jpg,train/images/cju43c92lm5cj0755lorsorfg.jpg,train/masks_original/cju43c92lm5cj0755lorsorfg.jpg,train/masks_binary/cju43c92lm5cj0755lorsorfg.png,bcdd0f320b5ee301c9551023f39cbe6cae753c3273efc53101bf0088b6c0f2e2,c7399d6d3e199474b7620528d4a8dcefa78bebca4be5fa46745b62021b62a5c2
train,cju43eigtm6ev0801mv0m96t1,C:\LeDucLuong\HK VII\LuanCuNhan\DeepLearning\Test_Mau\archive\Kvasir-SEG\Kvasir-SEG\images\cju43eigtm6ev0801mv0m96t1.jpg,C:\LeDucLuong\HK VII\LuanCuNhan\DeepLearning\Test_Mau\archive\Kvasir-SEG\Kvasir-SEG\masks\cju43eigtm6ev0801mv0m96t1.jpg,train/images/cju43eigtm6ev0801mv0m96t1.jpg,train/masks_original/cju43eigtm6ev0801mv0m96t1.jpg,train/masks_binary/cju43eigtm6ev0801mv0m96t1.png,f57b93ff47223083ed1571af05fa22c7cddc276462210993296d2ce36d44800c,29a9b4e0253270f5f41deeeabaeb40610b242eadf3d0f834d32557c0be5fa066
train,cju43gfosm63n08714rpih8pe,C:\LeDucLuong\HK VII\LuanCuNhan\DeepLearning\Test_Mau\archive\Kvasir-SEG\Kvasir-SEG\images\cju43gfosm63n08714rpih8pe.jpg,C:\LeDucLuong\HK VII\LuanCuNhan\DeepLearning\Test_Mau\archive\Kvasir-SEG\Kvasir-SEG\masks\cju43gfosm63n08714rpih8pe.jpg,train/images/cju43gfosm63n08714rpih8pe.jpg,train/masks_original/cju43gfosm63n08714rpih8pe.jpg,train/masks_binary/cju43gfosm63n08714rpih8pe.png,3b3a00efa64493b77df013ee0ff5816748bc4df6c516e38abeedae435994a9c1,a76882f723748c6912dabbfbf6cda4462aadcb378a671897920f3c116e534137
train,cju43h43am1dy08176gwfhmnt,C:\LeDucLuong\HK VII\LuanCuNhan\DeepLearning\Test_Mau\archive\Kvasir-SEG\Kvasir-SEG\images\cju43h43am1dy08176gwfhmnt.jpg,C:\LeDucLuong\HK VII\LuanCuNhan\DeepLearning\Test_Mau\archive\Kvasir-SEG\Kvasir-SEG\masks\cju43h43am1dy08176gwfhmnt.jpg,train/images/cju43h43am1dy08176gwfhmnt.jpg,train/masks_original/cju43h43am1dy08176gwfhmnt.jpg,train/masks_binary/cju43h43am1dy08176gwfhmnt.png,b7a612ed9469ba83182371df297a8650c799c5283f8381f9fecae25a9660207c,25d8e71c8c8c07df073a409481609e030e37d31279eee8bcdff93a2652c21f03
train,cju43in5fm22c08175rxziqrk,C:\LeDucLuong\HK VII\LuanCuNhan\DeepLearning\Test_Mau\archive\Kvasir-SEG\Kvasir-SEG\images\cju43in5fm22c08175rxziqrk.jpg,C:\LeDucLuong\HK VII\LuanCuNhan\DeepLearning\Test_Mau\archive\Kvasir-SEG\Kvasir-SEG\masks\cju43in5fm22c08175rxziqrk.jpg,train/images/cju43in5fm22c08175rxziqrk.jpg,train/masks_original/cju43in5fm22c08175rxziqrk.jpg,train/masks_binary/cju43in5fm22c08175rxziqrk.png,c1c003346fd61a694abcc56f930c620617da577082903acd83ad28e3eab8971a,328092e65a56ebe6c9e8ebffcaaa6695d12a2e14da67944573282c604cce9e38
train,cju43jcqim2cp08172dvjvyui,C:\LeDucLuong\HK VII\LuanCuNhan\DeepLearning\Test_Mau\archive\Kvasir-SEG\Kvasir-SEG\images\cju43jcqim2cp08172dvjvyui.jpg,C:\LeDucLuong\HK VII\LuanCuNhan\DeepLearning\Test_Mau\archive\Kvasir-SEG\Kvasir-SEG\masks\cju43jcqim2cp08172dvjvyui.jpg,train/images/cju43jcqim2cp08172dvjvyui.jpg,train/masks_original/cju43jcqim2cp08172dvjvyui.jpg,train/masks_binary/cju43jcqim2cp08172dvjvyui.png,4193772f6e55846a504af102e209c60beba8ceb93a48e1216dddb4766094211e,8f457053a9707be8b8c4bf85773a588899b16e5ea60afc386a0b6db96150c00f
train,cju43kj2pm34f0850l28ahpni,C:\LeDucLuong\HK VII\LuanCuNhan\DeepLearning\Test_Mau\archive\Kvasir-SEG\Kvasir-SEG\images\cju43kj2pm34f0850l28ahpni.jpg,C:\LeDucLuong\HK VII\LuanCuNhan\DeepLearning\Test_Mau\archive\Kvasir-SEG\Kvasir-SEG\masks\cju43kj2pm34f0850l28ahpni.jpg,train/images/cju43kj2pm34f0850l28ahpni.jpg,train/masks_original/cju43kj2pm34f0850l28ahpni.jpg,train/masks_binary/cju43kj2pm34f0850l28ahpni.png,c3c0553fa3a1478c8dd82bd560c99a621dc64bc8acb9b6b62beca450db746db8,7aac39dad9ff28c8dafb4450b043fccf4835588a159c8cbbaf28592a090568e8
train,cju43lcnum9y10755bjs7z87f,C:\LeDucLuong\HK VII\LuanCuNhan\DeepLearning\Test_Mau\archive\Kvasir-SEG\Kvasir-SEG\images\cju43lcnum9y10755bjs7z87f.jpg,C:\LeDucLuong\HK VII\LuanCuNhan\DeepLearning\Test_Mau\archive\Kvasir-SEG\Kvasir-SEG\masks\cju43lcnum9y10755bjs7z87f.jpg,train/images/cju43lcnum9y10755bjs7z87f.jpg,train/masks_original/cju43lcnum9y10755bjs7z87f.jpg,train/masks_binary/cju43lcnum9y10755bjs7z87f.png,ab0b4f990e6952e2c0a53b56533889ac5a24d1a5c19e9554c2d36edde09528c4,66d6c317cf06cc147719e63576c647dae8c492344fcefc0cabcaf00ae58e73e2
train,cju43mkj9m8wb0871qiadahub,C:\LeDucLuong\HK VII\LuanCuNhan\DeepLearning\Test_Mau\archive\Kvasir-SEG\Kvasir-SEG\images\cju43mkj9m8wb0871qiadahub.jpg,C:\LeDucLuong\HK VII\LuanCuNhan\DeepLearning\Test_Mau\archive\Kvasir-SEG\Kvasir-SEG\masks\cju43mkj9m8wb0871qiadahub.jpg,train/images/cju43mkj9m8wb0871qiadahub.jpg,train/masks_original/cju43mkj9m8wb0871qiadahub.jpg,train/masks_binary/cju43mkj9m8wb0871qiadahub.png,f3d533c849c3e9c7e48789f1349386a0a9427035cbea61ab9c77d031f1aa9a6a,58b0cc22b7d16b15a67e82258977fbb298e4391cdc1dd265ec4bb51e62b0d489
train,cju43o6n7m9nk087191ijwqq9,C:\LeDucLuong\HK VII\LuanCuNhan\DeepLearning\Test_Mau\archive\Kvasir-SEG\Kvasir-SEG\images\cju43o6n7m9nk087191ijwqq9.jpg,C:\LeDucLuong\HK VII\LuanCuNhan\DeepLearning\Test_Mau\archive\Kvasir-SEG\Kvasir-SEG\masks\cju43o6n7m9nk087191ijwqq9.jpg,train/images/cju43o6n7m9nk087191ijwqq9.jpg,train/masks_original/cju43o6n7m9nk087191ijwqq9.jpg,train/masks_binary/cju43o6n7m9nk087191ijwqq9.png,2e5709f4e81f1b7e04c68da06236aee1dc7bdc57204274f1404eb61b1786348f,12547e5709a2a4d85e5c0f2d723dbb78e3a29fa1f6de620784ed783dd66252d6
train,cju45jpvfn6c809873pv1i34s,C:\LeDucLuong\HK VII\LuanCuNhan\DeepLearning\Test_Mau\archive\Kvasir-SEG\Kvasir-SEG\images\cju45jpvfn6c809873pv1i34s.jpg,C:\LeDucLuong\HK VII\LuanCuNhan\DeepLearning\Test_Mau\archive\Kvasir-SEG\Kvasir-SEG\masks\cju45jpvfn6c809873pv1i34s.jpg,train/images/cju45jpvfn6c809873pv1i34s.jpg,train/masks_original/cju45jpvfn6c809873pv1i34s.jpg,train/masks_binary/cju45jpvfn6c809873pv1i34s.png,dba4ce1cec3bd7855bce55b97f79e403402d12524bf66baca9d7139345ff3e8c,61b89f1fcb72b9d9e40f310c9e07a75c22fbc2a2dd4c69c70e4c36e83ebb243c
train,cju45lbgznahl08180xz1h7u6,C:\LeDucLuong\HK VII\LuanCuNhan\DeepLearning\Test_Mau\archive\Kvasir-SEG\Kvasir-SEG\images\cju45lbgznahl08180xz1h7u6.jpg,C:\LeDucLuong\HK VII\LuanCuNhan\DeepLearning\Test_Mau\archive\Kvasir-SEG\Kvasir-SEG\masks\cju45lbgznahl08180xz1h7u6.jpg,train/images/cju45lbgznahl08180xz1h7u6.jpg,train/masks_original/cju45lbgznahl08180xz1h7u6.jpg,train/masks_binary/cju45lbgznahl08180xz1h7u6.png,a3a60c20e55490b869ef1d4fd4b88111c47d47dcbbba0ad6bc3eea3fbfe8b2cc,9dea25430d27bed766c9fd1bab61df6311ab712e2e7a9ad0b94eab7934e75ae5
train,cju45n0oxn5vu08500yfrt9jn,C:\LeDucLuong\HK VII\LuanCuNhan\DeepLearning\Test_Mau\archive\Kvasir-SEG\Kvasir-SEG\images\cju45n0oxn5vu08500yfrt9jn.jpg,C:\LeDucLuong\HK VII\LuanCuNhan\DeepLearning\Test_Mau\archive\Kvasir-SEG\Kvasir-SEG\masks\cju45n0oxn5vu08500yfrt9jn.jpg,train/images/cju45n0oxn5vu08500yfrt9jn.jpg,train/masks_original/cju45n0oxn5vu08500yfrt9jn.jpg,train/masks_binary/cju45n0oxn5vu08500yfrt9jn.png,8926938d0aa2357ce032e61285f9454191e070de4298b2870f70e4f52293764e,629a6eef2b465bebeda19843e6e527be1b4953ca14a051af64f1df541bfe2211
train,cju45ofd9ne1j0801ri8dup7t,C:\LeDucLuong\HK VII\LuanCuNhan\DeepLearning\Test_Mau\archive\Kvasir-SEG\Kvasir-SEG\images\cju45ofd9ne1j0801ri8dup7t.jpg,C:\LeDucLuong\HK VII\LuanCuNhan\DeepLearning\Test_Mau\archive\Kvasir-SEG\Kvasir-SEG\masks\cju45ofd9ne1j0801ri8dup7t.jpg,train/images/cju45ofd9ne1j0801ri8dup7t.jpg,train/masks_original/cju45ofd9ne1j0801ri8dup7t.jpg,train/masks_binary/cju45ofd9ne1j0801ri8dup7t.png,64ff33b4d6820cc3f90d05f80e08b58be76391cda2a0a92d8ec1ab4fd836c856,323f71e6823e0795da6937ce710a20bca8715ad94d1436eff115e87c02ab8082
train,cju45pm27n80u08174kyow1gj,C:\LeDucLuong\HK VII\LuanCuNhan\DeepLearning\Test_Mau\archive\Kvasir-SEG\Kvasir-SEG\images\cju45pm27n80u08174kyow1gj.jpg,C:\LeDucLuong\HK VII\LuanCuNhan\DeepLearning\Test_Mau\archive\Kvasir-SEG\Kvasir-SEG\masks\cju45pm27n80u08174kyow1gj.jpg,train/images/cju45pm27n80u08174kyow1gj.jpg,train/masks_original/cju45pm27n80u08174kyow1gj.jpg,train/masks_binary/cju45pm27n80u08174kyow1gj.png,1b16f557f4f34cf54eecfe45db420fbe4cf4ef564231d5502f36f0301cd7af3c,0fdd686a3f74743674a097281165b0ff2dc6613423fcdb9c4c5c71b4fa3e64d5
train,cju45qbf3n9sa0987oonbkly9,C:\LeDucLuong\HK VII\LuanCuNhan\DeepLearning\Test_Mau\archive\Kvasir-SEG\Kvasir-SEG\images\cju45qbf3n9sa0987oonbkly9.jpg,C:\LeDucLuong\HK VII\LuanCuNhan\DeepLearning\Test_Mau\archive\Kvasir-SEG\Kvasir-SEG\masks\cju45qbf3n9sa0987oonbkly9.jpg,train/images/cju45qbf3n9sa0987oonbkly9.jpg,train/masks_original/cju45qbf3n9sa0987oonbkly9.jpg,train/masks_binary/cju45qbf3n9sa0987oonbkly9.png,bfff078c3f327997d3498a21d96fefd592f9129d388c693637f04ff47af98906,ff69706d9e08e5c4850f0a5f180925ac920a132554f726e34d8801195e8ea3fb
train,cju45rj7ln8980850a7821fov,C:\LeDucLuong\HK VII\LuanCuNhan\DeepLearning\Test_Mau\archive\Kvasir-SEG\Kvasir-SEG\images\cju45rj7ln8980850a7821fov.jpg,C:\LeDucLuong\HK VII\LuanCuNhan\DeepLearning\Test_Mau\archive\Kvasir-SEG\Kvasir-SEG\masks\cju45rj7ln8980850a7821fov.jpg,train/images/cju45rj7ln8980850a7821fov.jpg,train/masks_original/cju45rj7ln8980850a7821fov.jpg,train/masks_binary/cju45rj7ln8980850a7821fov.png,54b77e3ffa4b2a6e5f98c339de9f783bbf5d0375594ecbf6c54799d8f3c36c48,bd6127ac5fddd33730235e2c731910e4b4fcc1a677b4de0f93da41cf64c5ac7f
train,cju45t5ddnbio0987qtqzx762,C:\LeDucLuong\HK VII\LuanCuNhan\DeepLearning\Test_Mau\archive\Kvasir-SEG\Kvasir-SEG\images\cju45t5ddnbio0987qtqzx762.jpg,C:\LeDucLuong\HK VII\LuanCuNhan\DeepLearning\Test_Mau\archive\Kvasir-SEG\Kvasir-SEG\masks\cju45t5ddnbio0987qtqzx762.jpg,train/images/cju45t5ddnbio0987qtqzx762.jpg,train/masks_original/cju45t5ddnbio0987qtqzx762.jpg,train/masks_binary/cju45t5ddnbio0987qtqzx762.png,c34cabd2f598e7af7ee1edaeefe9adc1d04340801d33702268fa50cb34a76dd1,1a0cafc570209a38067deb70d67d37349d020c1a284b2a037eadc9973c13bd46
train,cju45ty6zn9oz0850qy4qnck1,C:\LeDucLuong\HK VII\LuanCuNhan\DeepLearning\Test_Mau\archive\Kvasir-SEG\Kvasir-SEG\images\cju45ty6zn9oz0850qy4qnck1.jpg,C:\LeDucLuong\HK VII\LuanCuNhan\DeepLearning\Test_Mau\archive\Kvasir-SEG\Kvasir-SEG\masks\cju45ty6zn9oz0850qy4qnck1.jpg,train/images/cju45ty6zn9oz0850qy4qnck1.jpg,train/masks_original/cju45ty6zn9oz0850qy4qnck1.jpg,train/masks_binary/cju45ty6zn9oz0850qy4qnck1.png,297f70481ee3f9f1e52f12a85da17a597b715b7c346173a125e7cc06a3b806df,a447bf90d6c499b7e977e4608867187ac47ee69e145614ca1c2bcf93601961d3
train,cju45v0pungu40871acnwtmu5,C:\LeDucLuong\HK VII\LuanCuNhan\DeepLearning\Test_Mau\archive\Kvasir-SEG\Kvasir-SEG\images\cju45v0pungu40871acnwtmu5.jpg,C:\LeDucLuong\HK VII\LuanCuNhan\DeepLearning\Test_Mau\archive\Kvasir-SEG\Kvasir-SEG\masks\cju45v0pungu40871acnwtmu5.jpg,train/images/cju45v0pungu40871acnwtmu5.jpg,train/masks_original/cju45v0pungu40871acnwtmu5.jpg,train/masks_binary/cju45v0pungu40871acnwtmu5.png,02b3c044e9f39d4dbe92505129a3aae40b0e1ff788dc7bf02b46765ea4ddb85d,c0c3dce08e965e73bdc07e042d85e708ac80304599b0dd28d6e5da6f4a31f51f
train,cju5b9oyda4yr0850g9viziyv,C:\LeDucLuong\HK VII\LuanCuNhan\DeepLearning\Test_Mau\archive\Kvasir-SEG\Kvasir-SEG\images\cju5b9oyda4yr0850g9viziyv.jpg,C:\LeDucLuong\HK VII\LuanCuNhan\DeepLearning\Test_Mau\archive\Kvasir-SEG\Kvasir-SEG\masks\cju5b9oyda4yr0850g9viziyv.jpg,train/images/cju5b9oyda4yr0850g9viziyv.jpg,train/masks_original/cju5b9oyda4yr0850g9viziyv.jpg,train/masks_binary/cju5b9oyda4yr0850g9viziyv.png,34c44871b8e7ad6dda58f7a073222e1288cacb946f1a7e15ad854171a3561915,4f2e491c29aedaf77683fb02a2b4d2493568fef049d1f37423d804042c55ca43
train,cju5bbtwsa8cl0987wgfsqpao,C:\LeDucLuong\HK VII\LuanCuNhan\DeepLearning\Test_Mau\archive\Kvasir-SEG\Kvasir-SEG\images\cju5bbtwsa8cl0987wgfsqpao.jpg,C:\LeDucLuong\HK VII\LuanCuNhan\DeepLearning\Test_Mau\archive\Kvasir-SEG\Kvasir-SEG\masks\cju5bbtwsa8cl0987wgfsqpao.jpg,train/images/cju5bbtwsa8cl0987wgfsqpao.jpg,train/masks_original/cju5bbtwsa8cl0987wgfsqpao.jpg,train/masks_binary/cju5bbtwsa8cl0987wgfsqpao.png,7f7b9dd97e664b21f4cf9e5cc6dea9e925d95c01459ef29a83561ece1a23aa23,8b3f58b7af54a81d944b001c048aed30402ed7dd90ac08a5e7866a826e2057ba
train,cju5bdwa3aatx0818b79i18zf,C:\LeDucLuong\HK VII\LuanCuNhan\DeepLearning\Test_Mau\archive\Kvasir-SEG\Kvasir-SEG\images\cju5bdwa3aatx0818b79i18zf.jpg,C:\LeDucLuong\HK VII\LuanCuNhan\DeepLearning\Test_Mau\archive\Kvasir-SEG\Kvasir-SEG\masks\cju5bdwa3aatx0818b79i18zf.jpg,train/images/cju5bdwa3aatx0818b79i18zf.jpg,train/masks_original/cju5bdwa3aatx0818b79i18zf.jpg,train/masks_binary/cju5bdwa3aatx0818b79i18zf.png,31d3dd442fd75487df842a756fa477fd2264f6dd8991d2e0ebe4ea6d1e1ffb95,85dd594107019bfcacac1bff328580174de74545dc5d83fee7ffa5e00840a667
train,cju5bf6hxa6m50817rbwettgu,C:\LeDucLuong\HK VII\LuanCuNhan\DeepLearning\Test_Mau\archive\Kvasir-SEG\Kvasir-SEG\images\cju5bf6hxa6m50817rbwettgu.jpg,C:\LeDucLuong\HK VII\LuanCuNhan\DeepLearning\Test_Mau\archive\Kvasir-SEG\Kvasir-SEG\masks\cju5bf6hxa6m50817rbwettgu.jpg,train/images/cju5bf6hxa6m50817rbwettgu.jpg,train/masks_original/cju5bf6hxa6m50817rbwettgu.jpg,train/masks_binary/cju5bf6hxa6m50817rbwettgu.png,b91840e6c6cd99dd096fea25967adb07e6e185e3d4a37e730de6415a7eef3110,a461f84aa3dd601f7ad322eb0ff2f4a1d1ec86a9b2ee7f96ad50d850d9e26faa
train,cju5bhv81abur0850ean02atv,C:\LeDucLuong\HK VII\LuanCuNhan\DeepLearning\Test_Mau\archive\Kvasir-SEG\Kvasir-SEG\images\cju5bhv81abur0850ean02atv.jpg,C:\LeDucLuong\HK VII\LuanCuNhan\DeepLearning\Test_Mau\archive\Kvasir-SEG\Kvasir-SEG\masks\cju5bhv81abur0850ean02atv.jpg,train/images/cju5bhv81abur0850ean02atv.jpg,train/masks_original/cju5bhv81abur0850ean02atv.jpg,train/masks_binary/cju5bhv81abur0850ean02atv.png,4991b0883c6aea2cbae0bd5aebb3a622e2960e7ca1da6ec4f0f76fd4cddfd5cf,713a01129e6df77cbd9c84c320c7e6985eb55a6b395999521532d26434d43d1d
train,cju5bj926aiec07559rshy4wa,C:\LeDucLuong\HK VII\LuanCuNhan\DeepLearning\Test_Mau\archive\Kvasir-SEG\Kvasir-SEG\images\cju5bj926aiec07559rshy4wa.jpg,C:\LeDucLuong\HK VII\LuanCuNhan\DeepLearning\Test_Mau\archive\Kvasir-SEG\Kvasir-SEG\masks\cju5bj926aiec07559rshy4wa.jpg,train/images/cju5bj926aiec07559rshy4wa.jpg,train/masks_original/cju5bj926aiec07559rshy4wa.jpg,train/masks_binary/cju5bj926aiec07559rshy4wa.png,13fef20703a1e550cb9315baa35a432b01979fe784e813a0a24e52c2d4adbf4c,0899babfe30e49eda9c4d3e86b69dbbe0c70ba94ea35e92f65fa4414bc276669
train,cju5bmhdcafs909878qfzrqzi,C:\LeDucLuong\HK VII\LuanCuNhan\DeepLearning\Test_Mau\archive\Kvasir-SEG\Kvasir-SEG\images\cju5bmhdcafs909878qfzrqzi.jpg,C:\LeDucLuong\HK VII\LuanCuNhan\DeepLearning\Test_Mau\archive\Kvasir-SEG\Kvasir-SEG\masks\cju5bmhdcafs909878qfzrqzi.jpg,train/images/cju5bmhdcafs909878qfzrqzi.jpg,train/masks_original/cju5bmhdcafs909878qfzrqzi.jpg,train/masks_binary/cju5bmhdcafs909878qfzrqzi.png,c02d28892f6c6a0efe7a4b40b7607fe949c0db620e54d4ffa197844731e1e85e,be05ebee0810614f818624d04f58c278531144420b167ad4e4c8e0ac7d6fd411
train,cju5boicjagt20871b1fotkh4,C:\LeDucLuong\HK VII\LuanCuNhan\DeepLearning\Test_Mau\archive\Kvasir-SEG\Kvasir-SEG\images\cju5boicjagt20871b1fotkh4.jpg,C:\LeDucLuong\HK VII\LuanCuNhan\DeepLearning\Test_Mau\archive\Kvasir-SEG\Kvasir-SEG\masks\cju5boicjagt20871b1fotkh4.jpg,train/images/cju5boicjagt20871b1fotkh4.jpg,train/masks_original/cju5boicjagt20871b1fotkh4.jpg,train/masks_binary/cju5boicjagt20871b1fotkh4.png,0f794137415ddbd85a2db8b84252a60f0ae7c34160bde2485fe5a73a2557c348,3a499758555d99a50a88f8143a48c91c24ea8d2b66b16e9b8fe9784996fae406
train,cju5buy2bal250818ipl6fqwv,C:\LeDucLuong\HK VII\LuanCuNhan\DeepLearning\Test_Mau\archive\Kvasir-SEG\Kvasir-SEG\images\cju5buy2bal250818ipl6fqwv.jpg,C:\LeDucLuong\HK VII\LuanCuNhan\DeepLearning\Test_Mau\archive\Kvasir-SEG\Kvasir-SEG\masks\cju5buy2bal250818ipl6fqwv.jpg,train/images/cju5buy2bal250818ipl6fqwv.jpg,train/masks_original/cju5buy2bal250818ipl6fqwv.jpg,train/masks_binary/cju5buy2bal250818ipl6fqwv.png,7a7a956e9c2416862b0806d9d86bc7743de18b658def1e1e73b633489b5eb9ce,ec790d45f7a826fb21b645c1f9a6bb113c901ca4ac512a90a8689012cf5e8342
train,cju5bwhapakm90987c1v4z46a,C:\LeDucLuong\HK VII\LuanCuNhan\DeepLearning\Test_Mau\archive\Kvasir-SEG\Kvasir-SEG\images\cju5bwhapakm90987c1v4z46a.jpg,C:\LeDucLuong\HK VII\LuanCuNhan\DeepLearning\Test_Mau\archive\Kvasir-SEG\Kvasir-SEG\masks\cju5bwhapakm90987c1v4z46a.jpg,train/images/cju5bwhapakm90987c1v4z46a.jpg,train/masks_original/cju5bwhapakm90987c1v4z46a.jpg,train/masks_binary/cju5bwhapakm90987c1v4z46a.png,70bb5b3379030377d26d156e3e0eb738cd1b2f4253ff119609f98ff76cd7b8d3,f3d7421506276495536fea03c2b2b7a2537d63f60e776b602d12ce0999a6ccac
train,cju5bycdkalkb09875f7bfrvx,C:\LeDucLuong\HK VII\LuanCuNhan\DeepLearning\Test_Mau\archive\Kvasir-SEG\Kvasir-SEG\images\cju5bycdkalkb09875f7bfrvx.jpg,C:\LeDucLuong\HK VII\LuanCuNhan\DeepLearning\Test_Mau\archive\Kvasir-SEG\Kvasir-SEG\masks\cju5bycdkalkb09875f7bfrvx.jpg,train/images/cju5bycdkalkb09875f7bfrvx.jpg,train/masks_original/cju5bycdkalkb09875f7bfrvx.jpg,train/masks_binary/cju5bycdkalkb09875f7bfrvx.png,ddda3950c61b63b926b5f506755158e22697ca620d0b58b117ba7e026e9af61b,c16e69dc0a288158dbcef41a5ddaf91b70c4e261dd3290c785e31303d2b2c3d6
train,cju5c5xc7algd0817pb1ej5yo,C:\LeDucLuong\HK VII\LuanCuNhan\DeepLearning\Test_Mau\archive\Kvasir-SEG\Kvasir-SEG\images\cju5c5xc7algd0817pb1ej5yo.jpg,C:\LeDucLuong\HK VII\LuanCuNhan\DeepLearning\Test_Mau\archive\Kvasir-SEG\Kvasir-SEG\masks\cju5c5xc7algd0817pb1ej5yo.jpg,train/images/cju5c5xc7algd0817pb1ej5yo.jpg,train/masks_original/cju5c5xc7algd0817pb1ej5yo.jpg,train/masks_binary/cju5c5xc7algd0817pb1ej5yo.png,cf279d943a6647ef96a736df0500c82db924878b0012f07387462a291982ba52,4a5a82c87a191a2b01aad51cc2a62dcde7962df1eee5e54c4f728d3c6284a651
train,cju5c7oijaqmq09878qwgqv8n,C:\LeDucLuong\HK VII\LuanCuNhan\DeepLearning\Test_Mau\archive\Kvasir-SEG\Kvasir-SEG\images\cju5c7oijaqmq09878qwgqv8n.jpg,C:\LeDucLuong\HK VII\LuanCuNhan\DeepLearning\Test_Mau\archive\Kvasir-SEG\Kvasir-SEG\masks\cju5c7oijaqmq09878qwgqv8n.jpg,train/images/cju5c7oijaqmq09878qwgqv8n.jpg,train/masks_original/cju5c7oijaqmq09878qwgqv8n.jpg,train/masks_binary/cju5c7oijaqmq09878qwgqv8n.png,62b4be4fadd8521da7b6d218b0e0db8981b20b263e7375a0aba13e6714576f89,b06add6b4293d41bd09036ef380763a7c693b9d5c661ca8c5b68cabf5483c45c
train,cju5ca9hcatkc0801jzwe7tfx,C:\LeDucLuong\HK VII\LuanCuNhan\DeepLearning\Test_Mau\archive\Kvasir-SEG\Kvasir-SEG\images\cju5ca9hcatkc0801jzwe7tfx.jpg,C:\LeDucLuong\HK VII\LuanCuNhan\DeepLearning\Test_Mau\archive\Kvasir-SEG\Kvasir-SEG\masks\cju5ca9hcatkc0801jzwe7tfx.jpg,train/images/cju5ca9hcatkc0801jzwe7tfx.jpg,train/masks_original/cju5ca9hcatkc0801jzwe7tfx.jpg,train/masks_binary/cju5ca9hcatkc0801jzwe7tfx.png,a3765cbe8c99473a89787078c82aaabe88a120dd3b7ad669c5bd079cf0ba8a82,5ff0b2617dc1aafb994be3fb9d81db156fab3b84deda20adadf48a77270e1f1b
train,cju5ccpvqash50850kb4bs22k,C:\LeDucLuong\HK VII\LuanCuNhan\DeepLearning\Test_Mau\archive\Kvasir-SEG\Kvasir-SEG\images\cju5ccpvqash50850kb4bs22k.jpg,C:\LeDucLuong\HK VII\LuanCuNhan\DeepLearning\Test_Mau\archive\Kvasir-SEG\Kvasir-SEG\masks\cju5ccpvqash50850kb4bs22k.jpg,train/images/cju5ccpvqash50850kb4bs22k.jpg,train/masks_original/cju5ccpvqash50850kb4bs22k.jpg,train/masks_binary/cju5ccpvqash50850kb4bs22k.png,739621334475becc6739b448a8b2829e57f45e54eb7b98503bbeb63e6199bd26,80506021dd6f48fa83932921f64210e77ef25ec01314379cce4317fafe50db49
train,cju5cetivauok0987ok3e5bre,C:\LeDucLuong\HK VII\LuanCuNhan\DeepLearning\Test_Mau\archive\Kvasir-SEG\Kvasir-SEG\images\cju5cetivauok0987ok3e5bre.jpg,C:\LeDucLuong\HK VII\LuanCuNhan\DeepLearning\Test_Mau\archive\Kvasir-SEG\Kvasir-SEG\masks\cju5cetivauok0987ok3e5bre.jpg,train/images/cju5cetivauok0987ok3e5bre.jpg,train/masks_original/cju5cetivauok0987ok3e5bre.jpg,train/masks_binary/cju5cetivauok0987ok3e5bre.png,73ccf23dc5d6f2f2bf39ddd6234dda3cd95b21bed22c84a39e525a12ad613fba,e89229531f4afe84207c86a679eff482590e20ae7cb81d4b88023dedca683c5a
train,cju5chrxxawka0871qcj171yz,C:\LeDucLuong\HK VII\LuanCuNhan\DeepLearning\Test_Mau\archive\Kvasir-SEG\Kvasir-SEG\images\cju5chrxxawka0871qcj171yz.jpg,C:\LeDucLuong\HK VII\LuanCuNhan\DeepLearning\Test_Mau\archive\Kvasir-SEG\Kvasir-SEG\masks\cju5chrxxawka0871qcj171yz.jpg,train/images/cju5chrxxawka0871qcj171yz.jpg,train/masks_original/cju5chrxxawka0871qcj171yz.jpg,train/masks_binary/cju5chrxxawka0871qcj171yz.png,8078f4eec8bb0fdab67713d62bc36dfb19207f22d9c0878cb28a24acb4c4fd41,0419026833985a0248652319adf779c7a872f55ec05f48f966da811e78ea7eb2
train,cju5cjh3xattc0817j2vbulzi,C:\LeDucLuong\HK VII\LuanCuNhan\DeepLearning\Test_Mau\archive\Kvasir-SEG\Kvasir-SEG\images\cju5cjh3xattc0817j2vbulzi.jpg,C:\LeDucLuong\HK VII\LuanCuNhan\DeepLearning\Test_Mau\archive\Kvasir-SEG\Kvasir-SEG\masks\cju5cjh3xattc0817j2vbulzi.jpg,train/images/cju5cjh3xattc0817j2vbulzi.jpg,train/masks_original/cju5cjh3xattc0817j2vbulzi.jpg,train/masks_binary/cju5cjh3xattc0817j2vbulzi.png,970a7ef2233acad05e663e72e8856030a86729db286645fd7a64c0fba1387906,de4b176b291bbd1d128c23fb6cacbac1c10ec0c15b05b2abc16f561f38e3848d
train,cju5cky5xb0ay0801oxet697t,C:\LeDucLuong\HK VII\LuanCuNhan\DeepLearning\Test_Mau\archive\Kvasir-SEG\Kvasir-SEG\images\cju5cky5xb0ay0801oxet697t.jpg,C:\LeDucLuong\HK VII\LuanCuNhan\DeepLearning\Test_Mau\archive\Kvasir-SEG\Kvasir-SEG\masks\cju5cky5xb0ay0801oxet697t.jpg,train/images/cju5cky5xb0ay0801oxet697t.jpg,train/masks_original/cju5cky5xb0ay0801oxet697t.jpg,train/masks_binary/cju5cky5xb0ay0801oxet697t.png,0f6d03b2a95ea2bdfcb3a718d6b2e3e94949135a75be1e899350cc94656ec146,327f2e8f960a1564d94d0f0f0f0d1eaa2e7014bf7c3cbeb434080c7c3528ddc5
train,cju5clr68b48r0755cmuvponm,C:\LeDucLuong\HK VII\LuanCuNhan\DeepLearning\Test_Mau\archive\Kvasir-SEG\Kvasir-SEG\images\cju5clr68b48r0755cmuvponm.jpg,C:\LeDucLuong\HK VII\LuanCuNhan\DeepLearning\Test_Mau\archive\Kvasir-SEG\Kvasir-SEG\masks\cju5clr68b48r0755cmuvponm.jpg,train/images/cju5clr68b48r0755cmuvponm.jpg,train/masks_original/cju5clr68b48r0755cmuvponm.jpg,train/masks_binary/cju5clr68b48r0755cmuvponm.png,867285cee42c13c97e763924be5422f5a9c18f0a4e1277025d26ecfd33e0cdbf,1126a5f06c5f816353d91ea3e33e207d6b869425a247df9b2b012c2413ec5a7d
train,cju5cu8qkb84x08186jwo8yin,C:\LeDucLuong\HK VII\LuanCuNhan\DeepLearning\Test_Mau\archive\Kvasir-SEG\Kvasir-SEG\images\cju5cu8qkb84x08186jwo8yin.jpg,C:\LeDucLuong\HK VII\LuanCuNhan\DeepLearning\Test_Mau\archive\Kvasir-SEG\Kvasir-SEG\masks\cju5cu8qkb84x08186jwo8yin.jpg,train/images/cju5cu8qkb84x08186jwo8yin.jpg,train/masks_original/cju5cu8qkb84x08186jwo8yin.jpg,train/masks_binary/cju5cu8qkb84x08186jwo8yin.png,9d325ce2f22d5013c86d9fd7953da11ad4912b517d2ca03d4423ec5ee6d62c47,f2223ae8e698a9c2d017b973a4afb4904b0300f961eebf382ef5c7766c5c3342
train,cju5ddda9bkkt0850enzwatb1,C:\LeDucLuong\HK VII\LuanCuNhan\DeepLearning\Test_Mau\archive\Kvasir-SEG\Kvasir-SEG\images\cju5ddda9bkkt0850enzwatb1.jpg,C:\LeDucLuong\HK VII\LuanCuNhan\DeepLearning\Test_Mau\archive\Kvasir-SEG\Kvasir-SEG\masks\cju5ddda9bkkt0850enzwatb1.jpg,train/images/cju5ddda9bkkt0850enzwatb1.jpg,train/masks_original/cju5ddda9bkkt0850enzwatb1.jpg,train/masks_binary/cju5ddda9bkkt0850enzwatb1.png,b97e9a8fa064322aa0cc2a7ce7cd1d5e6176c8e1462910be378c04443ccbfb64,b25377b5302b824c9d7de4ec4995d95f3b31e91bcd1cc64abb12ca821d8fcbe6
train,cju5eftctcdbj08712gdp989f,C:\LeDucLuong\HK VII\LuanCuNhan\DeepLearning\Test_Mau\archive\Kvasir-SEG\Kvasir-SEG\images\cju5eftctcdbj08712gdp989f.jpg,C:\LeDucLuong\HK VII\LuanCuNhan\DeepLearning\Test_Mau\archive\Kvasir-SEG\Kvasir-SEG\masks\cju5eftctcdbj08712gdp989f.jpg,train/images/cju5eftctcdbj08712gdp989f.jpg,train/masks_original/cju5eftctcdbj08712gdp989f.jpg,train/masks_binary/cju5eftctcdbj08712gdp989f.png,5220bdec297701f0d9c2e69af10fdddb79b91f63d5f2e4cf52736875a9bf1241,a55994c6bb6c2365d78753ff1dd02cbfa8aeb667bffb12a94ee15f3b3a8da046
train,cju5ekty5ckzf07550c9u3ckk,C:\LeDucLuong\HK VII\LuanCuNhan\DeepLearning\Test_Mau\archive\Kvasir-SEG\Kvasir-SEG\images\cju5ekty5ckzf07550c9u3ckk.jpg,C:\LeDucLuong\HK VII\LuanCuNhan\DeepLearning\Test_Mau\archive\Kvasir-SEG\Kvasir-SEG\masks\cju5ekty5ckzf07550c9u3ckk.jpg,train/images/cju5ekty5ckzf07550c9u3ckk.jpg,train/masks_original/cju5ekty5ckzf07550c9u3ckk.jpg,train/masks_binary/cju5ekty5ckzf07550c9u3ckk.png,b1165e2d9addf26857256b6bd1c85041ec891bb947e8c6d3574d3ee12de5b8b3,3ce6e81aa3be0c814788fe809db0be98e1863fbe3b7eb6f8f83de74ec1a4e4b8
train,cju5enq1tcn1i0755hnkon787,C:\LeDucLuong\HK VII\LuanCuNhan\DeepLearning\Test_Mau\archive\Kvasir-SEG\Kvasir-SEG\images\cju5enq1tcn1i0755hnkon787.jpg,C:\LeDucLuong\HK VII\LuanCuNhan\DeepLearning\Test_Mau\archive\Kvasir-SEG\Kvasir-SEG\masks\cju5enq1tcn1i0755hnkon787.jpg,train/images/cju5enq1tcn1i0755hnkon787.jpg,train/masks_original/cju5enq1tcn1i0755hnkon787.jpg,train/masks_binary/cju5enq1tcn1i0755hnkon787.png,ea430d9a62fb423df5701d8b1751fdfbd9a4cb2b1551811f92fb341ae3c12f88,7c0793586f4ba104706ab35c1dbe0d0b053d572fbc2afc482f192c01a32dbff7
train,cju5eq8c8ck690850vix98hv3,C:\LeDucLuong\HK VII\LuanCuNhan\DeepLearning\Test_Mau\archive\Kvasir-SEG\Kvasir-SEG\images\cju5eq8c8ck690850vix98hv3.jpg,C:\LeDucLuong\HK VII\LuanCuNhan\DeepLearning\Test_Mau\archive\Kvasir-SEG\Kvasir-SEG\masks\cju5eq8c8ck690850vix98hv3.jpg,train/images/cju5eq8c8ck690850vix98hv3.jpg,train/masks_original/cju5eq8c8ck690850vix98hv3.jpg,train/masks_binary/cju5eq8c8ck690850vix98hv3.png,20f20207f80a054781b9c479d68e83d6d0b4cdf6e0d32054bc83bcc3ff3a872b,3830f75b14711fbf46662e006ed456f275c36d22d253cdf39d7a2d607a98ce17
train,cju5es375cnzy0801nkq35ffs,C:\LeDucLuong\HK VII\LuanCuNhan\DeepLearning\Test_Mau\archive\Kvasir-SEG\Kvasir-SEG\images\cju5es375cnzy0801nkq35ffs.jpg,C:\LeDucLuong\HK VII\LuanCuNhan\DeepLearning\Test_Mau\archive\Kvasir-SEG\Kvasir-SEG\masks\cju5es375cnzy0801nkq35ffs.jpg,train/images/cju5es375cnzy0801nkq35ffs.jpg,train/masks_original/cju5es375cnzy0801nkq35ffs.jpg,train/masks_binary/cju5es375cnzy0801nkq35ffs.png,69437d4aa6c80f461969220be94527991669e968955b834cb60972aaca7e24f7,4c9e4c27b0091709fc967d0d2d3272a71933d50382d56d4cecc794328d756629
train,cju5ew4h9cqaf0818rrczkmqh,C:\LeDucLuong\HK VII\LuanCuNhan\DeepLearning\Test_Mau\archive\Kvasir-SEG\Kvasir-SEG\images\cju5ew4h9cqaf0818rrczkmqh.jpg,C:\LeDucLuong\HK VII\LuanCuNhan\DeepLearning\Test_Mau\archive\Kvasir-SEG\Kvasir-SEG\masks\cju5ew4h9cqaf0818rrczkmqh.jpg,train/images/cju5ew4h9cqaf0818rrczkmqh.jpg,train/masks_original/cju5ew4h9cqaf0818rrczkmqh.jpg,train/masks_binary/cju5ew4h9cqaf0818rrczkmqh.png,6faf03a8478a69ffe17953c24e1d0fd9d6698004d449f84deaf92fcb3ce80e4f,47fcd6429afc6dabcd388b7677d4bc06418f083c39a18732d14391ff5d05eac7
train,cju5eyfe9cpk90987laa7tsl3,C:\LeDucLuong\HK VII\LuanCuNhan\DeepLearning\Test_Mau\archive\Kvasir-SEG\Kvasir-SEG\images\cju5eyfe9cpk90987laa7tsl3.jpg,C:\LeDucLuong\HK VII\LuanCuNhan\DeepLearning\Test_Mau\archive\Kvasir-SEG\Kvasir-SEG\masks\cju5eyfe9cpk90987laa7tsl3.jpg,train/images/cju5eyfe9cpk90987laa7tsl3.jpg,train/masks_original/cju5eyfe9cpk90987laa7tsl3.jpg,train/masks_binary/cju5eyfe9cpk90987laa7tsl3.png,58c5d8af5bb33b39975bf260740f0a186d003dee8bac5f7646ed747e6828d221,f4a9d427fa628c34286ea2dab26c04499d902800f93e6744e1b5b663f5808e14
train,cju5f0dezct4q08183ydw11dx,C:\LeDucLuong\HK VII\LuanCuNhan\DeepLearning\Test_Mau\archive\Kvasir-SEG\Kvasir-SEG\images\cju5f0dezct4q08183ydw11dx.jpg,C:\LeDucLuong\HK VII\LuanCuNhan\DeepLearning\Test_Mau\archive\Kvasir-SEG\Kvasir-SEG\masks\cju5f0dezct4q08183ydw11dx.jpg,train/images/cju5f0dezct4q08183ydw11dx.jpg,train/masks_original/cju5f0dezct4q08183ydw11dx.jpg,train/masks_binary/cju5f0dezct4q08183ydw11dx.png,80362be4e3bdb4e403204fa2281bbc638cdf5f09c547f9dd0aede2c9ac60fbc2,7c727bc6fdf7bedc2befcf788cd853b848fd2aeee7a8babaaa7a611466203ae0
train,cju5f26ebcuai0818xlwh6116,C:\LeDucLuong\HK VII\LuanCuNhan\DeepLearning\Test_Mau\archive\Kvasir-SEG\Kvasir-SEG\images\cju5f26ebcuai0818xlwh6116.jpg,C:\LeDucLuong\HK VII\LuanCuNhan\DeepLearning\Test_Mau\archive\Kvasir-SEG\Kvasir-SEG\masks\cju5f26ebcuai0818xlwh6116.jpg,train/images/cju5f26ebcuai0818xlwh6116.jpg,train/masks_original/cju5f26ebcuai0818xlwh6116.jpg,train/masks_binary/cju5f26ebcuai0818xlwh6116.png,7a16709a0dfb6207431a083054e3819c5c798425e9007f8c6d18741c8fb408f3,1825d49c00c6dd74c5a4fb906655ae5d6f45cc106db69202ae62aec98841231c
train,cju5f8hxdcxxn08188obby0ea,C:\LeDucLuong\HK VII\LuanCuNhan\DeepLearning\Test_Mau\archive\Kvasir-SEG\Kvasir-SEG\images\cju5f8hxdcxxn08188obby0ea.jpg,C:\LeDucLuong\HK VII\LuanCuNhan\DeepLearning\Test_Mau\archive\Kvasir-SEG\Kvasir-SEG\masks\cju5f8hxdcxxn08188obby0ea.jpg,train/images/cju5f8hxdcxxn08188obby0ea.jpg,train/masks_original/cju5f8hxdcxxn08188obby0ea.jpg,train/masks_binary/cju5f8hxdcxxn08188obby0ea.png,c842bd02a68f17b4267a1e5bf8b2da02767181ab409d7becda61140563b6fe04,cfe9dd4f0180a14759c3b711ede8b98af04038c3525f589cb7d55bb67acc2bd5
train,cju5fb86jd1jp0755b1ukbhq5,C:\LeDucLuong\HK VII\LuanCuNhan\DeepLearning\Test_Mau\archive\Kvasir-SEG\Kvasir-SEG\images\cju5fb86jd1jp0755b1ukbhq5.jpg,C:\LeDucLuong\HK VII\LuanCuNhan\DeepLearning\Test_Mau\archive\Kvasir-SEG\Kvasir-SEG\masks\cju5fb86jd1jp0755b1ukbhq5.jpg,train/images/cju5fb86jd1jp0755b1ukbhq5.jpg,train/masks_original/cju5fb86jd1jp0755b1ukbhq5.jpg,train/masks_binary/cju5fb86jd1jp0755b1ukbhq5.png,ab9dbea9499f1f1a5864b1f85c8a2560d731206efcb049f300266d7fc191d55b,9725d9c530221097bddd9fcdbe3359b0d26b4f5d32302fa9ac233f8a65c5f08a
train,cju5fi0yxd3ei0801v7u0yudn,C:\LeDucLuong\HK VII\LuanCuNhan\DeepLearning\Test_Mau\archive\Kvasir-SEG\Kvasir-SEG\images\cju5fi0yxd3ei0801v7u0yudn.jpg,C:\LeDucLuong\HK VII\LuanCuNhan\DeepLearning\Test_Mau\archive\Kvasir-SEG\Kvasir-SEG\masks\cju5fi0yxd3ei0801v7u0yudn.jpg,train/images/cju5fi0yxd3ei0801v7u0yudn.jpg,train/masks_original/cju5fi0yxd3ei0801v7u0yudn.jpg,train/masks_binary/cju5fi0yxd3ei0801v7u0yudn.png,7064751be55ea6fff04cb6d82d6d83666426143c80f2636e5783cf5e6879c8c5,9bbaff6c38f58d97cd1e7d5a0f3d28d22ab4ec0f4c099237c9a3519e5f8a9eb2
train,cju5fs6j6d8350801vglraq4u,C:\LeDucLuong\HK VII\LuanCuNhan\DeepLearning\Test_Mau\archive\Kvasir-SEG\Kvasir-SEG\images\cju5fs6j6d8350801vglraq4u.jpg,C:\LeDucLuong\HK VII\LuanCuNhan\DeepLearning\Test_Mau\archive\Kvasir-SEG\Kvasir-SEG\masks\cju5fs6j6d8350801vglraq4u.jpg,train/images/cju5fs6j6d8350801vglraq4u.jpg,train/masks_original/cju5fs6j6d8350801vglraq4u.jpg,train/masks_binary/cju5fs6j6d8350801vglraq4u.png,6e427566598c0849f73a5da250560081dfb5bb6220797d3a7ab5bae0e26db682,047b426210883f527a008c1b4bec2e6a2d0f6097018034deae124179ad010fad
train,cju5ft6mcd5q40987rhjgbrr6,C:\LeDucLuong\HK VII\LuanCuNhan\DeepLearning\Test_Mau\archive\Kvasir-SEG\Kvasir-SEG\images\cju5ft6mcd5q40987rhjgbrr6.jpg,C:\LeDucLuong\HK VII\LuanCuNhan\DeepLearning\Test_Mau\archive\Kvasir-SEG\Kvasir-SEG\masks\cju5ft6mcd5q40987rhjgbrr6.jpg,train/images/cju5ft6mcd5q40987rhjgbrr6.jpg,train/masks_original/cju5ft6mcd5q40987rhjgbrr6.jpg,train/masks_binary/cju5ft6mcd5q40987rhjgbrr6.png,cde3a6a8bc1ff3449d899906b09283f994b1ece3e7c1b7ea8a31b2ae4e041a9f,15994ee07c3f3f0d4ab50d848b1a56a9b0e406eb340371e53596e3f9389f60e6
train,cju5fu081d8gc0818l3yylujk,C:\LeDucLuong\HK VII\LuanCuNhan\DeepLearning\Test_Mau\archive\Kvasir-SEG\Kvasir-SEG\images\cju5fu081d8gc0818l3yylujk.jpg,C:\LeDucLuong\HK VII\LuanCuNhan\DeepLearning\Test_Mau\archive\Kvasir-SEG\Kvasir-SEG\masks\cju5fu081d8gc0818l3yylujk.jpg,train/images/cju5fu081d8gc0818l3yylujk.jpg,train/masks_original/cju5fu081d8gc0818l3yylujk.jpg,train/masks_binary/cju5fu081d8gc0818l3yylujk.png,0617e0398b9403b9de6c8062b2bbbb060058b0de858f9d978badbf3f2c6c197b,a4ac8d46fa65ec8d80c659c6685753712527c4889cf67490bb1637048b624fdd
train,cju5fw37edaae0801vkwvocn7,C:\LeDucLuong\HK VII\LuanCuNhan\DeepLearning\Test_Mau\archive\Kvasir-SEG\Kvasir-SEG\images\cju5fw37edaae0801vkwvocn7.jpg,C:\LeDucLuong\HK VII\LuanCuNhan\DeepLearning\Test_Mau\archive\Kvasir-SEG\Kvasir-SEG\masks\cju5fw37edaae0801vkwvocn7.jpg,train/images/cju5fw37edaae0801vkwvocn7.jpg,train/masks_original/cju5fw37edaae0801vkwvocn7.jpg,train/masks_binary/cju5fw37edaae0801vkwvocn7.png,7839365837687c50c35a9b65ab161eb16db2bfc75fc39641a91f25f9bb09d03f,807d0b5c9f44d2e36be43f1724d9029d2c92a01c506541a1da974809b24efa2f
train,cju5fydrud94708507vo6oy21,C:\LeDucLuong\HK VII\LuanCuNhan\DeepLearning\Test_Mau\archive\Kvasir-SEG\Kvasir-SEG\images\cju5fydrud94708507vo6oy21.jpg,C:\LeDucLuong\HK VII\LuanCuNhan\DeepLearning\Test_Mau\archive\Kvasir-SEG\Kvasir-SEG\masks\cju5fydrud94708507vo6oy21.jpg,train/images/cju5fydrud94708507vo6oy21.jpg,train/masks_original/cju5fydrud94708507vo6oy21.jpg,train/masks_binary/cju5fydrud94708507vo6oy21.png,b12069cd892d68ecb08bf6372ae2ad0d5c97c483634c6f3d802206113f0c346f,dd0f5c58f643c060784a4cdb5c62dc7a50b9e641424444d8f73ca65061c53eeb
train,cju5g163vd6mt0817uccuga6u,C:\LeDucLuong\HK VII\LuanCuNhan\DeepLearning\Test_Mau\archive\Kvasir-SEG\Kvasir-SEG\images\cju5g163vd6mt0817uccuga6u.jpg,C:\LeDucLuong\HK VII\LuanCuNhan\DeepLearning\Test_Mau\archive\Kvasir-SEG\Kvasir-SEG\masks\cju5g163vd6mt0817uccuga6u.jpg,train/images/cju5g163vd6mt0817uccuga6u.jpg,train/masks_original/cju5g163vd6mt0817uccuga6u.jpg,train/masks_binary/cju5g163vd6mt0817uccuga6u.png,a3aaff02693e6bd896e2d8efda1eecd9e3be12e065540086ce2a79466ea54f23,f7a3d6358f352419aacb12fe4f7a0c9d4c31e4c1c65eb3a705bd53306988b1ac
train,cju5gucasds9d0801019axylx,C:\LeDucLuong\HK VII\LuanCuNhan\DeepLearning\Test_Mau\archive\Kvasir-SEG\Kvasir-SEG\images\cju5gucasds9d0801019axylx.jpg,C:\LeDucLuong\HK VII\LuanCuNhan\DeepLearning\Test_Mau\archive\Kvasir-SEG\Kvasir-SEG\masks\cju5gucasds9d0801019axylx.jpg,train/images/cju5gucasds9d0801019axylx.jpg,train/masks_original/cju5gucasds9d0801019axylx.jpg,train/masks_binary/cju5gucasds9d0801019axylx.png,cb121f3af91d759a9dad0e897dbcba90ca75f925e684bf6b3ab52755da24b8ea,f4345285f0bd205e7e01bdb8ac168de70f17f798bebaf98365e8e5362f1f5a63
train,cju5h57xedz5h0755mjpc8694,C:\LeDucLuong\HK VII\LuanCuNhan\DeepLearning\Test_Mau\archive\Kvasir-SEG\Kvasir-SEG\images\cju5h57xedz5h0755mjpc8694.jpg,C:\LeDucLuong\HK VII\LuanCuNhan\DeepLearning\Test_Mau\archive\Kvasir-SEG\Kvasir-SEG\masks\cju5h57xedz5h0755mjpc8694.jpg,train/images/cju5h57xedz5h0755mjpc8694.jpg,train/masks_original/cju5h57xedz5h0755mjpc8694.jpg,train/masks_binary/cju5h57xedz5h0755mjpc8694.png,1dac1dbeb1494d4a22d56f9bb9a252da370cc31ff639f855ba89de3a3e85e0ae,cb7550c4b0c1e869b30707deda6f07b6791f40c591b96db73581e2ebd258d6de
train,cju5hi52odyf90817prvcwg45,C:\LeDucLuong\HK VII\LuanCuNhan\DeepLearning\Test_Mau\archive\Kvasir-SEG\Kvasir-SEG\images\cju5hi52odyf90817prvcwg45.jpg,C:\LeDucLuong\HK VII\LuanCuNhan\DeepLearning\Test_Mau\archive\Kvasir-SEG\Kvasir-SEG\masks\cju5hi52odyf90817prvcwg45.jpg,train/images/cju5hi52odyf90817prvcwg45.jpg,train/masks_original/cju5hi52odyf90817prvcwg45.jpg,train/masks_binary/cju5hi52odyf90817prvcwg45.png,a1a8aaf8a12080bfa1da6e597ee2fadb4ba4edb20b4d8e9bf00c5900e8bb4687,90bfcd92b15340d94a08f7f6195d3c62d89fe57a73006c424b5c39b7a90de4bf
train,cju5hjxaae3i40850h5z2laf5,C:\LeDucLuong\HK VII\LuanCuNhan\DeepLearning\Test_Mau\archive\Kvasir-SEG\Kvasir-SEG\images\cju5hjxaae3i40850h5z2laf5.jpg,C:\LeDucLuong\HK VII\LuanCuNhan\DeepLearning\Test_Mau\archive\Kvasir-SEG\Kvasir-SEG\masks\cju5hjxaae3i40850h5z2laf5.jpg,train/images/cju5hjxaae3i40850h5z2laf5.jpg,train/masks_original/cju5hjxaae3i40850h5z2laf5.jpg,train/masks_binary/cju5hjxaae3i40850h5z2laf5.png,f2012eaeb1db45dfa0e7d0adbb445c1fa3dc682c714f5e8fe0c1a1fe2fb3c20f,dc9602440f6b561a4ff0ea00f665f70a20e9c85059d7d3f370994243d49d12ee
train,cju5hl8nee8a40755fm8qjj0o,C:\LeDucLuong\HK VII\LuanCuNhan\DeepLearning\Test_Mau\archive\Kvasir-SEG\Kvasir-SEG\images\cju5hl8nee8a40755fm8qjj0o.jpg,C:\LeDucLuong\HK VII\LuanCuNhan\DeepLearning\Test_Mau\archive\Kvasir-SEG\Kvasir-SEG\masks\cju5hl8nee8a40755fm8qjj0o.jpg,train/images/cju5hl8nee8a40755fm8qjj0o.jpg,train/masks_original/cju5hl8nee8a40755fm8qjj0o.jpg,train/masks_binary/cju5hl8nee8a40755fm8qjj0o.png,76c9fd6dfd922810e054176ae8ae0d517c13c9ae22fe0aa96e3e9f6ac100f1a5,74d7c7bebe9adcb0f805367b5cb94c1cfa75c7c2ed7b0b293de22290b0dce29e
train,cju5hqz50e7o90850e0prlpa0,C:\LeDucLuong\HK VII\LuanCuNhan\DeepLearning\Test_Mau\archive\Kvasir-SEG\Kvasir-SEG\images\cju5hqz50e7o90850e0prlpa0.jpg,C:\LeDucLuong\HK VII\LuanCuNhan\DeepLearning\Test_Mau\archive\Kvasir-SEG\Kvasir-SEG\masks\cju5hqz50e7o90850e0prlpa0.jpg,train/images/cju5hqz50e7o90850e0prlpa0.jpg,train/masks_original/cju5hqz50e7o90850e0prlpa0.jpg,train/masks_binary/cju5hqz50e7o90850e0prlpa0.png,d64ff9c4a94a51e93225bb5418ecdeebe7e7726638efcd525cebb0a6325bc01a,5f67a3ccc4198257d0f2eabf5dc62506c2e9f600df8f2e8912129238344e9336
train,cju5ht88gedbu0755xrcuddcx,C:\LeDucLuong\HK VII\LuanCuNhan\DeepLearning\Test_Mau\archive\Kvasir-SEG\Kvasir-SEG\images\cju5ht88gedbu0755xrcuddcx.jpg,C:\LeDucLuong\HK VII\LuanCuNhan\DeepLearning\Test_Mau\archive\Kvasir-SEG\Kvasir-SEG\masks\cju5ht88gedbu0755xrcuddcx.jpg,train/images/cju5ht88gedbu0755xrcuddcx.jpg,train/masks_original/cju5ht88gedbu0755xrcuddcx.jpg,train/masks_binary/cju5ht88gedbu0755xrcuddcx.png,5fd3585d5dd95ae81986e77f7c4086dd433267c8707b05d7a1bf65cd4ec1f900,4ba8557a13626207dfe4cc930a9a501422f347ac8d1f81ee4f8fe542a31ddc5a
train,cju5huurrecm70801y680y13m,C:\LeDucLuong\HK VII\LuanCuNhan\DeepLearning\Test_Mau\archive\Kvasir-SEG\Kvasir-SEG\images\cju5huurrecm70801y680y13m.jpg,C:\LeDucLuong\HK VII\LuanCuNhan\DeepLearning\Test_Mau\archive\Kvasir-SEG\Kvasir-SEG\masks\cju5huurrecm70801y680y13m.jpg,train/images/cju5huurrecm70801y680y13m.jpg,train/masks_original/cju5huurrecm70801y680y13m.jpg,train/masks_binary/cju5huurrecm70801y680y13m.png,bc9a6f55bf7f5ce04673cff82d27bfdc01f1e8c41b6031039190ab1eea8107fb,8292f8997c091e47e81972105e50401b11a9585f0b47a246503df58cbcc579d6
train,cju5hwonqedw10801vsd3w6kk,C:\LeDucLuong\HK VII\LuanCuNhan\DeepLearning\Test_Mau\archive\Kvasir-SEG\Kvasir-SEG\images\cju5hwonqedw10801vsd3w6kk.jpg,C:\LeDucLuong\HK VII\LuanCuNhan\DeepLearning\Test_Mau\archive\Kvasir-SEG\Kvasir-SEG\masks\cju5hwonqedw10801vsd3w6kk.jpg,train/images/cju5hwonqedw10801vsd3w6kk.jpg,train/masks_original/cju5hwonqedw10801vsd3w6kk.jpg,train/masks_binary/cju5hwonqedw10801vsd3w6kk.png,2b1833d43e41c50f2f3ad465a9c31d6852914db246bf5dc81cf7c5e144da3e5d,91782ea25164af08c4ba840a16b09b6ac3b480b003b79fc34604dbc4c0ec1fc3
train,cju5hyi9yegob0755ho3do8en,C:\LeDucLuong\HK VII\LuanCuNhan\DeepLearning\Test_Mau\archive\Kvasir-SEG\Kvasir-SEG\images\cju5hyi9yegob0755ho3do8en.jpg,C:\LeDucLuong\HK VII\LuanCuNhan\DeepLearning\Test_Mau\archive\Kvasir-SEG\Kvasir-SEG\masks\cju5hyi9yegob0755ho3do8en.jpg,train/images/cju5hyi9yegob0755ho3do8en.jpg,train/masks_original/cju5hyi9yegob0755ho3do8en.jpg,train/masks_binary/cju5hyi9yegob0755ho3do8en.png,82226c2fc8bc7c6c9bf99329f41d197be69676f0a098af90c9ea2038f5abf5a0,68edb976429f1247891d0e467b23207d3092e009552d4f0515e21ea8f407fb9d
train,cju5i39mreass0817au8p22zy,C:\LeDucLuong\HK VII\LuanCuNhan\DeepLearning\Test_Mau\archive\Kvasir-SEG\Kvasir-SEG\images\cju5i39mreass0817au8p22zy.jpg,C:\LeDucLuong\HK VII\LuanCuNhan\DeepLearning\Test_Mau\archive\Kvasir-SEG\Kvasir-SEG\masks\cju5i39mreass0817au8p22zy.jpg,train/images/cju5i39mreass0817au8p22zy.jpg,train/masks_original/cju5i39mreass0817au8p22zy.jpg,train/masks_binary/cju5i39mreass0817au8p22zy.png,5fc61502d16a190e9d9676e7537758b17c90da98d49f256dba505a7c388259c8,4bc4f7ce653ab1a553983184abcaec7d8cd2324a2f40cc92ba0c2974731a4b4c
train,cju5i5oh2efg60987ez6cpf72,C:\LeDucLuong\HK VII\LuanCuNhan\DeepLearning\Test_Mau\archive\Kvasir-SEG\Kvasir-SEG\images\cju5i5oh2efg60987ez6cpf72.jpg,C:\LeDucLuong\HK VII\LuanCuNhan\DeepLearning\Test_Mau\archive\Kvasir-SEG\Kvasir-SEG\masks\cju5i5oh2efg60987ez6cpf72.jpg,train/images/cju5i5oh2efg60987ez6cpf72.jpg,train/masks_original/cju5i5oh2efg60987ez6cpf72.jpg,train/masks_binary/cju5i5oh2efg60987ez6cpf72.png,8fe3eb4e7b8c0a9b4c314be21f155343d3502dda049300166e9c084a85258b7f,29d1521a43e3d6c937a3c89b874bb8052d5d8e4b278465d26dc559e28ce5d69b
train,cju5jx7jzf7c90871c2i9aiov,C:\LeDucLuong\HK VII\LuanCuNhan\DeepLearning\Test_Mau\archive\Kvasir-SEG\Kvasir-SEG\images\cju5jx7jzf7c90871c2i9aiov.jpg,C:\LeDucLuong\HK VII\LuanCuNhan\DeepLearning\Test_Mau\archive\Kvasir-SEG\Kvasir-SEG\masks\cju5jx7jzf7c90871c2i9aiov.jpg,train/images/cju5jx7jzf7c90871c2i9aiov.jpg,train/masks_original/cju5jx7jzf7c90871c2i9aiov.jpg,train/masks_binary/cju5jx7jzf7c90871c2i9aiov.png,34eea4a32567047540c160d8b94922515d9ae7cb31ff148c692d92ca926e0a13,f53ab1c48c101701b2e76d4e1ec5c357b3775ebac1a537266de39e786ae7a35a
train,cju5jz5fff8c50871hbe6108f,C:\LeDucLuong\HK VII\LuanCuNhan\DeepLearning\Test_Mau\archive\Kvasir-SEG\Kvasir-SEG\images\cju5jz5fff8c50871hbe6108f.jpg,C:\LeDucLuong\HK VII\LuanCuNhan\DeepLearning\Test_Mau\archive\Kvasir-SEG\Kvasir-SEG\masks\cju5jz5fff8c50871hbe6108f.jpg,train/images/cju5jz5fff8c50871hbe6108f.jpg,train/masks_original/cju5jz5fff8c50871hbe6108f.jpg,train/masks_binary/cju5jz5fff8c50871hbe6108f.png,b26c0b97842b015daae00321517ecbb195aca8008eba5c357883655b36d40410,5662f5c77c6d8bc88aeb9a5aee9376d31039ea2c4430fb2c956723313b1cdf29
train,cju5k3j3uf6de0817hszzfr7n,C:\LeDucLuong\HK VII\LuanCuNhan\DeepLearning\Test_Mau\archive\Kvasir-SEG\Kvasir-SEG\images\cju5k3j3uf6de0817hszzfr7n.jpg,C:\LeDucLuong\HK VII\LuanCuNhan\DeepLearning\Test_Mau\archive\Kvasir-SEG\Kvasir-SEG\masks\cju5k3j3uf6de0817hszzfr7n.jpg,train/images/cju5k3j3uf6de0817hszzfr7n.jpg,train/masks_original/cju5k3j3uf6de0817hszzfr7n.jpg,train/masks_binary/cju5k3j3uf6de0817hszzfr7n.png,aa7d0695706f7de7703daef12c37aa3e77a94187706358b25602514034ec8202,79914a54bbd8a82a89118447fcd8ffa4ed6471613a1657809a3fa820a0f94bcc
train,cju5k503sfa5f0871lx0rpu5y,C:\LeDucLuong\HK VII\LuanCuNhan\DeepLearning\Test_Mau\archive\Kvasir-SEG\Kvasir-SEG\images\cju5k503sfa5f0871lx0rpu5y.jpg,C:\LeDucLuong\HK VII\LuanCuNhan\DeepLearning\Test_Mau\archive\Kvasir-SEG\Kvasir-SEG\masks\cju5k503sfa5f0871lx0rpu5y.jpg,train/images/cju5k503sfa5f0871lx0rpu5y.jpg,train/masks_original/cju5k503sfa5f0871lx0rpu5y.jpg,train/masks_binary/cju5k503sfa5f0871lx0rpu5y.png,1e3bc220a7985ad18d43c85f784ba12495dbaa1affa1349f1c21ce3887e05177,d2d6d5e3ed53a2810e3ebd0f290f3f636141ea5fd2599590d5cdba7573208ae7
train,cju5k7r0yf98c09878csbxb4d,C:\LeDucLuong\HK VII\LuanCuNhan\DeepLearning\Test_Mau\archive\Kvasir-SEG\Kvasir-SEG\images\cju5k7r0yf98c09878csbxb4d.jpg,C:\LeDucLuong\HK VII\LuanCuNhan\DeepLearning\Test_Mau\archive\Kvasir-SEG\Kvasir-SEG\masks\cju5k7r0yf98c09878csbxb4d.jpg,train/images/cju5k7r0yf98c09878csbxb4d.jpg,train/masks_original/cju5k7r0yf98c09878csbxb4d.jpg,train/masks_binary/cju5k7r0yf98c09878csbxb4d.png,a8949902c988ec6bd4ea540feed56a0ad65dca5a78d56f0c4d90b0b903d38040,3d22fb4597c37956310220e54866c3fdb977cd9ff8e6ec5cdc5bbf7ab4e541a1
train,cju5klveuff6w0871wbibgh3m,C:\LeDucLuong\HK VII\LuanCuNhan\DeepLearning\Test_Mau\archive\Kvasir-SEG\Kvasir-SEG\images\cju5klveuff6w0871wbibgh3m.jpg,C:\LeDucLuong\HK VII\LuanCuNhan\DeepLearning\Test_Mau\archive\Kvasir-SEG\Kvasir-SEG\masks\cju5klveuff6w0871wbibgh3m.jpg,train/images/cju5klveuff6w0871wbibgh3m.jpg,train/masks_original/cju5klveuff6w0871wbibgh3m.jpg,train/masks_binary/cju5klveuff6w0871wbibgh3m.png,ed60ff3d3a0a9e5641dd21ebf009fda5892d7f6b318526f13d7125b8d1a396f1,581124578e088e8fa635e9399ef221ffbc12c3a9afce34ea47b3434baf706f71
train,cju5knbbqfipk080128cggukq,C:\LeDucLuong\HK VII\LuanCuNhan\DeepLearning\Test_Mau\archive\Kvasir-SEG\Kvasir-SEG\images\cju5knbbqfipk080128cggukq.jpg,C:\LeDucLuong\HK VII\LuanCuNhan\DeepLearning\Test_Mau\archive\Kvasir-SEG\Kvasir-SEG\masks\cju5knbbqfipk080128cggukq.jpg,train/images/cju5knbbqfipk080128cggukq.jpg,train/masks_original/cju5knbbqfipk080128cggukq.jpg,train/masks_binary/cju5knbbqfipk080128cggukq.png,d08679b19a697d52732f74890e7c09086c735778b31cee7f9690b5e0766f0719,664ed5c64dfb735fcc8960ed12d9dc12225999cf601969cfa412daa0c3834ecf
train,cju5kre09fhka0850h7b1898j,C:\LeDucLuong\HK VII\LuanCuNhan\DeepLearning\Test_Mau\archive\Kvasir-SEG\Kvasir-SEG\images\cju5kre09fhka0850h7b1898j.jpg,C:\LeDucLuong\HK VII\LuanCuNhan\DeepLearning\Test_Mau\archive\Kvasir-SEG\Kvasir-SEG\masks\cju5kre09fhka0850h7b1898j.jpg,train/images/cju5kre09fhka0850h7b1898j.jpg,train/masks_original/cju5kre09fhka0850h7b1898j.jpg,train/masks_binary/cju5kre09fhka0850h7b1898j.png,47e4b713a5930d3837d76ecf78ee8e1e82dbec45c8fd27b963e4b9ab5ec9a21f,c4e72c2b000ff0a832178035e6563e1f41b3f1daa3a6cff70f68d58e0d23cd9a
train,cju5ktjwofed70817eg58ef7u,C:\LeDucLuong\HK VII\LuanCuNhan\DeepLearning\Test_Mau\archive\Kvasir-SEG\Kvasir-SEG\images\cju5ktjwofed70817eg58ef7u.jpg,C:\LeDucLuong\HK VII\LuanCuNhan\DeepLearning\Test_Mau\archive\Kvasir-SEG\Kvasir-SEG\masks\cju5ktjwofed70817eg58ef7u.jpg,train/images/cju5ktjwofed70817eg58ef7u.jpg,train/masks_original/cju5ktjwofed70817eg58ef7u.jpg,train/masks_binary/cju5ktjwofed70817eg58ef7u.png,99227a1b2e88abb1daf20cda3c921d17003ee11c4c601b3ccdd5561cdd35673b,b5006a1ddfaa36e636150f96bf859a2bd43ac035575a894d57d791f2051353fe
train,cju5nxkujgscq0817l9gss626,C:\LeDucLuong\HK VII\LuanCuNhan\DeepLearning\Test_Mau\archive\Kvasir-SEG\Kvasir-SEG\images\cju5nxkujgscq0817l9gss626.jpg,C:\LeDucLuong\HK VII\LuanCuNhan\DeepLearning\Test_Mau\archive\Kvasir-SEG\Kvasir-SEG\masks\cju5nxkujgscq0817l9gss626.jpg,train/images/cju5nxkujgscq0817l9gss626.jpg,train/masks_original/cju5nxkujgscq0817l9gss626.jpg,train/masks_binary/cju5nxkujgscq0817l9gss626.png,8fd3ed56102b931740a5ad1e30e45e8d1a006bc2a8cccd57bd10adf967f10a9f,32782841e52aeb9976aa5bfbc96f6c0ed8a77e30cff9f5fa663882ad21d26a9b
train,cju5nyu31gv8e0871zpk74a2n,C:\LeDucLuong\HK VII\LuanCuNhan\DeepLearning\Test_Mau\archive\Kvasir-SEG\Kvasir-SEG\images\cju5nyu31gv8e0871zpk74a2n.jpg,C:\LeDucLuong\HK VII\LuanCuNhan\DeepLearning\Test_Mau\archive\Kvasir-SEG\Kvasir-SEG\masks\cju5nyu31gv8e0871zpk74a2n.jpg,train/images/cju5nyu31gv8e0871zpk74a2n.jpg,train/masks_original/cju5nyu31gv8e0871zpk74a2n.jpg,train/masks_binary/cju5nyu31gv8e0871zpk74a2n.png,5958e62b6f1a38f1635b81d00b6df0f31be6075396ebe1c5564b9dd6a7d7df04,6c241d7b5503cfcccfb4e0d26b1c5929b05e30c1348f9b6d90926b4f69bc06ee
train,cju5o1vu9gz8a0818eyy92bns,C:\LeDucLuong\HK VII\LuanCuNhan\DeepLearning\Test_Mau\archive\Kvasir-SEG\Kvasir-SEG\images\cju5o1vu9gz8a0818eyy92bns.jpg,C:\LeDucLuong\HK VII\LuanCuNhan\DeepLearning\Test_Mau\archive\Kvasir-SEG\Kvasir-SEG\masks\cju5o1vu9gz8a0818eyy92bns.jpg,train/images/cju5o1vu9gz8a0818eyy92bns.jpg,train/masks_original/cju5o1vu9gz8a0818eyy92bns.jpg,train/masks_binary/cju5o1vu9gz8a0818eyy92bns.png,fbe06975e97bdf9a51edc82355f5063817e8f752360b6e74ef94b281c25edb15,8e3e8e68e75620a0f0b7fd7ada284aa0b4f7159d53fcee0fe6a303e453cb2ddb
train,cju5o4pk9h0720755lgp9jq8m,C:\LeDucLuong\HK VII\LuanCuNhan\DeepLearning\Test_Mau\archive\Kvasir-SEG\Kvasir-SEG\images\cju5o4pk9h0720755lgp9jq8m.jpg,C:\LeDucLuong\HK VII\LuanCuNhan\DeepLearning\Test_Mau\archive\Kvasir-SEG\Kvasir-SEG\masks\cju5o4pk9h0720755lgp9jq8m.jpg,train/images/cju5o4pk9h0720755lgp9jq8m.jpg,train/masks_original/cju5o4pk9h0720755lgp9jq8m.jpg,train/masks_binary/cju5o4pk9h0720755lgp9jq8m.png,fb4cc56d3c8cfe5a72570e2f99fc1a89156fc1d2f2661d3f5c783f30b83ec976,f2ea7057cdb09712a23e096004614240958cacfe40c6f91ba2821a514b74b314
train,cju5tenjojp1j0755ms4949h2,C:\LeDucLuong\HK VII\LuanCuNhan\DeepLearning\Test_Mau\archive\Kvasir-SEG\Kvasir-SEG\images\cju5tenjojp1j0755ms4949h2.jpg,C:\LeDucLuong\HK VII\LuanCuNhan\DeepLearning\Test_Mau\archive\Kvasir-SEG\Kvasir-SEG\masks\cju5tenjojp1j0755ms4949h2.jpg,train/images/cju5tenjojp1j0755ms4949h2.jpg,train/masks_original/cju5tenjojp1j0755ms4949h2.jpg,train/masks_binary/cju5tenjojp1j0755ms4949h2.png,056a4e83f25103efe687ce09118816c85dd120d5a79be687ce9af903c90114e7,8af482719a3f16baeb8b94e5a7396a2ff0e3b8da64d887e24ef7baa6fa8efab8
train,cju5tgbzhjllu08174ca41eus,C:\LeDucLuong\HK VII\LuanCuNhan\DeepLearning\Test_Mau\archive\Kvasir-SEG\Kvasir-SEG\images\cju5tgbzhjllu08174ca41eus.jpg,C:\LeDucLuong\HK VII\LuanCuNhan\DeepLearning\Test_Mau\archive\Kvasir-SEG\Kvasir-SEG\masks\cju5tgbzhjllu08174ca41eus.jpg,train/images/cju5tgbzhjllu08174ca41eus.jpg,train/masks_original/cju5tgbzhjllu08174ca41eus.jpg,train/masks_binary/cju5tgbzhjllu08174ca41eus.png,4b10540bdb4e14c059e97feb123c4fd440a4d036e7fc98d8f62f39543680b89a,b4a747a2a9b6ee4c989d3003191a6006e86d7213932e572c91a15d7c8134240c
train,cju5thdbrjp1108715xdfx356,C:\LeDucLuong\HK VII\LuanCuNhan\DeepLearning\Test_Mau\archive\Kvasir-SEG\Kvasir-SEG\images\cju5thdbrjp1108715xdfx356.jpg,C:\LeDucLuong\HK VII\LuanCuNhan\DeepLearning\Test_Mau\archive\Kvasir-SEG\Kvasir-SEG\masks\cju5thdbrjp1108715xdfx356.jpg,train/images/cju5thdbrjp1108715xdfx356.jpg,train/masks_original/cju5thdbrjp1108715xdfx356.jpg,train/masks_binary/cju5thdbrjp1108715xdfx356.png,6bb8c1378ef3769721fc14564455083483774f0a37f70c643ec92750ad61b96f,b5ee7a08c33afbc0275dfb3aab7cf2d92f75c4718422778b3c4fa426c7a98221
train,cju5u4pywk81x0817vn9pe14z,C:\LeDucLuong\HK VII\LuanCuNhan\DeepLearning\Test_Mau\archive\Kvasir-SEG\Kvasir-SEG\images\cju5u4pywk81x0817vn9pe14z.jpg,C:\LeDucLuong\HK VII\LuanCuNhan\DeepLearning\Test_Mau\archive\Kvasir-SEG\Kvasir-SEG\masks\cju5u4pywk81x0817vn9pe14z.jpg,train/images/cju5u4pywk81x0817vn9pe14z.jpg,train/masks_original/cju5u4pywk81x0817vn9pe14z.jpg,train/masks_binary/cju5u4pywk81x0817vn9pe14z.png,3229079112c99853c5e0145500cadf86a29de538202ca553c65356eb0add75c6,22ecb401a091e2984630ce5d350e97715f46b3e8e4cc9b051e79a5925e3ebd9a
train,cju5u6wf0kh1t0755bg1ssixv,C:\LeDucLuong\HK VII\LuanCuNhan\DeepLearning\Test_Mau\archive\Kvasir-SEG\Kvasir-SEG\images\cju5u6wf0kh1t0755bg1ssixv.jpg,C:\LeDucLuong\HK VII\LuanCuNhan\DeepLearning\Test_Mau\archive\Kvasir-SEG\Kvasir-SEG\masks\cju5u6wf0kh1t0755bg1ssixv.jpg,train/images/cju5u6wf0kh1t0755bg1ssixv.jpg,train/masks_original/cju5u6wf0kh1t0755bg1ssixv.jpg,train/masks_binary/cju5u6wf0kh1t0755bg1ssixv.png,957027f700048fdeacb5f9578d57d23e15ecd134814daa9c417a8d98e87622bf,b0735e56eeb0c1f9bdf5dbf97ae89d594ffc3cda59045d5e03af3fbbdcf1f2ef
train,cju5u8gz4kj5b07552e2wpkwp,C:\LeDucLuong\HK VII\LuanCuNhan\DeepLearning\Test_Mau\archive\Kvasir-SEG\Kvasir-SEG\images\cju5u8gz4kj5b07552e2wpkwp.jpg,C:\LeDucLuong\HK VII\LuanCuNhan\DeepLearning\Test_Mau\archive\Kvasir-SEG\Kvasir-SEG\masks\cju5u8gz4kj5b07552e2wpkwp.jpg,train/images/cju5u8gz4kj5b07552e2wpkwp.jpg,train/masks_original/cju5u8gz4kj5b07552e2wpkwp.jpg,train/masks_binary/cju5u8gz4kj5b07552e2wpkwp.png,f0825f9a2bf6eb61b25d3607541076e329db68c74055226befc2932b97b53d46,868a7867a01bba4b8e3969e211bbed3b57283f13b0c118d2d854131f750c28f3
train,cju5udcufki0s09874ll1dbr5,C:\LeDucLuong\HK VII\LuanCuNhan\DeepLearning\Test_Mau\archive\Kvasir-SEG\Kvasir-SEG\images\cju5udcufki0s09874ll1dbr5.jpg,C:\LeDucLuong\HK VII\LuanCuNhan\DeepLearning\Test_Mau\archive\Kvasir-SEG\Kvasir-SEG\masks\cju5udcufki0s09874ll1dbr5.jpg,train/images/cju5udcufki0s09874ll1dbr5.jpg,train/masks_original/cju5udcufki0s09874ll1dbr5.jpg,train/masks_binary/cju5udcufki0s09874ll1dbr5.png,e1126c703bfa706b566e77d0e3b955fb91843e09c37b165aa67862fec2be23b6,041ddb250b3b71d67ca612e4e8ed2f401e4c783e02cff033c3312a093369cf2e
train,cju5ufn3skquf0818dhapnhba,C:\LeDucLuong\HK VII\LuanCuNhan\DeepLearning\Test_Mau\archive\Kvasir-SEG\Kvasir-SEG\images\cju5ufn3skquf0818dhapnhba.jpg,C:\LeDucLuong\HK VII\LuanCuNhan\DeepLearning\Test_Mau\archive\Kvasir-SEG\Kvasir-SEG\masks\cju5ufn3skquf0818dhapnhba.jpg,train/images/cju5ufn3skquf0818dhapnhba.jpg,train/masks_original/cju5ufn3skquf0818dhapnhba.jpg,train/masks_binary/cju5ufn3skquf0818dhapnhba.png,a8270417ba8b0184b408a7a7401e474c2543ccb02e6331ce72481ec0ee744957,dd68106387cab7724e5ee0b65b13bac80cd21d5b8cdba3dd3bc847f0304b7215
train,cju5uget8krjy0818kvywd0zu,C:\LeDucLuong\HK VII\LuanCuNhan\DeepLearning\Test_Mau\archive\Kvasir-SEG\Kvasir-SEG\images\cju5uget8krjy0818kvywd0zu.jpg,C:\LeDucLuong\HK VII\LuanCuNhan\DeepLearning\Test_Mau\archive\Kvasir-SEG\Kvasir-SEG\masks\cju5uget8krjy0818kvywd0zu.jpg,train/images/cju5uget8krjy0818kvywd0zu.jpg,train/masks_original/cju5uget8krjy0818kvywd0zu.jpg,train/masks_binary/cju5uget8krjy0818kvywd0zu.png,daf5777da808e6c596255155168c184d59b820fa1f8bff0638050489e4d5fa1b,8cb38c8c4f69243cf3071faa30ace5fb14f606f81fd3020de6f85e12bb7b4aed
train,cju5uhrdwkmsu0817ervv91l8,C:\LeDucLuong\HK VII\LuanCuNhan\DeepLearning\Test_Mau\archive\Kvasir-SEG\Kvasir-SEG\images\cju5uhrdwkmsu0817ervv91l8.jpg,C:\LeDucLuong\HK VII\LuanCuNhan\DeepLearning\Test_Mau\archive\Kvasir-SEG\Kvasir-SEG\masks\cju5uhrdwkmsu0817ervv91l8.jpg,train/images/cju5uhrdwkmsu0817ervv91l8.jpg,train/masks_original/cju5uhrdwkmsu0817ervv91l8.jpg,train/masks_binary/cju5uhrdwkmsu0817ervv91l8.png,c12a4ffe5aa42c83e65f3025800011907e0c210b9dd34df21d68c0effbb6c85d,b86c7df9432bf6eada20eedc7992c7bfedc33f579fdebb6fd5cc5fe09ff6c04c
train,cju5ukkg6kv7u08011x2b6zl5,C:\LeDucLuong\HK VII\LuanCuNhan\DeepLearning\Test_Mau\archive\Kvasir-SEG\Kvasir-SEG\images\cju5ukkg6kv7u08011x2b6zl5.jpg,C:\LeDucLuong\HK VII\LuanCuNhan\DeepLearning\Test_Mau\archive\Kvasir-SEG\Kvasir-SEG\masks\cju5ukkg6kv7u08011x2b6zl5.jpg,train/images/cju5ukkg6kv7u08011x2b6zl5.jpg,train/masks_original/cju5ukkg6kv7u08011x2b6zl5.jpg,train/masks_binary/cju5ukkg6kv7u08011x2b6zl5.png,baf092863616713026edbf4bee238beaee8e128b11313dd25790113911ed3033,858eeee571a99b3d105665dc2738f1d566174518d3d36a182c4cc1e1c69b54e7
train,cju5uxjnol2r509871qv2yeia,C:\LeDucLuong\HK VII\LuanCuNhan\DeepLearning\Test_Mau\archive\Kvasir-SEG\Kvasir-SEG\images\cju5uxjnol2r509871qv2yeia.jpg,C:\LeDucLuong\HK VII\LuanCuNhan\DeepLearning\Test_Mau\archive\Kvasir-SEG\Kvasir-SEG\masks\cju5uxjnol2r509871qv2yeia.jpg,train/images/cju5uxjnol2r509871qv2yeia.jpg,train/masks_original/cju5uxjnol2r509871qv2yeia.jpg,train/masks_binary/cju5uxjnol2r509871qv2yeia.png,261da850add8cab77dd4d973ad7995c1b9717c179333bd867c4fb9408946b101,e47a94d0c741156302f99f3960d4112d9c2eca7fbdccf2061862b765ad8d2dfb
train,cju5uzmaol56l0817flxh4w9p,C:\LeDucLuong\HK VII\LuanCuNhan\DeepLearning\Test_Mau\archive\Kvasir-SEG\Kvasir-SEG\images\cju5uzmaol56l0817flxh4w9p.jpg,C:\LeDucLuong\HK VII\LuanCuNhan\DeepLearning\Test_Mau\archive\Kvasir-SEG\Kvasir-SEG\masks\cju5uzmaol56l0817flxh4w9p.jpg,train/images/cju5uzmaol56l0817flxh4w9p.jpg,train/masks_original/cju5uzmaol56l0817flxh4w9p.jpg,train/masks_binary/cju5uzmaol56l0817flxh4w9p.png,b40b2cc1f039ed5d05c687c6b433e164ceb303f85a1b1f9ebf82acdceed2d3db,c2fa04884e978e9d4bbc9a3292251d7a4b6919d9db4da77ea1b81e1215b2492d
train,cju5v8pgplg6k0755rvi2t63h,C:\LeDucLuong\HK VII\LuanCuNhan\DeepLearning\Test_Mau\archive\Kvasir-SEG\Kvasir-SEG\images\cju5v8pgplg6k0755rvi2t63h.jpg,C:\LeDucLuong\HK VII\LuanCuNhan\DeepLearning\Test_Mau\archive\Kvasir-SEG\Kvasir-SEG\masks\cju5v8pgplg6k0755rvi2t63h.jpg,train/images/cju5v8pgplg6k0755rvi2t63h.jpg,train/masks_original/cju5v8pgplg6k0755rvi2t63h.jpg,train/masks_binary/cju5v8pgplg6k0755rvi2t63h.png,4f0fd54dd9798cdb5ebe04e3e8a5f179ad97fd74c51013ba4be2a4f881a523e2,60341209d196cd64e9bf8ed7483d9e7dd05101fc9f1fd740761b2734899c4c84
train,cju5vbo6jldrt0871jf6f1700,C:\LeDucLuong\HK VII\LuanCuNhan\DeepLearning\Test_Mau\archive\Kvasir-SEG\Kvasir-SEG\images\cju5vbo6jldrt0871jf6f1700.jpg,C:\LeDucLuong\HK VII\LuanCuNhan\DeepLearning\Test_Mau\archive\Kvasir-SEG\Kvasir-SEG\masks\cju5vbo6jldrt0871jf6f1700.jpg,train/images/cju5vbo6jldrt0871jf6f1700.jpg,train/masks_original/cju5vbo6jldrt0871jf6f1700.jpg,train/masks_binary/cju5vbo6jldrt0871jf6f1700.png,acb3a003bbedc466a54eb1b2987dfac33f82228cc2c98c5f0079e89e95f15d16,5c2b797cbc20fa194d269d153471ff63444fea2517ea68d3808cb10818810a23
train,cju5vcmrqla7i0817x4sp4pqw,C:\LeDucLuong\HK VII\LuanCuNhan\DeepLearning\Test_Mau\archive\Kvasir-SEG\Kvasir-SEG\images\cju5vcmrqla7i0817x4sp4pqw.jpg,C:\LeDucLuong\HK VII\LuanCuNhan\DeepLearning\Test_Mau\archive\Kvasir-SEG\Kvasir-SEG\masks\cju5vcmrqla7i0817x4sp4pqw.jpg,train/images/cju5vcmrqla7i0817x4sp4pqw.jpg,train/masks_original/cju5vcmrqla7i0817x4sp4pqw.jpg,train/masks_binary/cju5vcmrqla7i0817x4sp4pqw.png,9958d57e6da9d9483824a35c3c314dd4eab448e10f7f204dca95a3f87a226215,d77493039abd3c946dab826186428e3303dc9458ad43fc256d669977b84bd239
train,cju5vgawslbe30987ndeepc1b,C:\LeDucLuong\HK VII\LuanCuNhan\DeepLearning\Test_Mau\archive\Kvasir-SEG\Kvasir-SEG\images\cju5vgawslbe30987ndeepc1b.jpg,C:\LeDucLuong\HK VII\LuanCuNhan\DeepLearning\Test_Mau\archive\Kvasir-SEG\Kvasir-SEG\masks\cju5vgawslbe30987ndeepc1b.jpg,train/images/cju5vgawslbe30987ndeepc1b.jpg,train/masks_original/cju5vgawslbe30987ndeepc1b.jpg,train/masks_binary/cju5vgawslbe30987ndeepc1b.png,baa09ebbf86e31a82bebf075be680bf2068c473798d97e4fb38b9c8a61b1b6bd,dbe3e07bb73f34a4f2e7ffb681ef2a6980932d2a5682dfc9004d58334e273025
train,cju5vi4nxlc530817uoqm2m7a,C:\LeDucLuong\HK VII\LuanCuNhan\DeepLearning\Test_Mau\archive\Kvasir-SEG\Kvasir-SEG\images\cju5vi4nxlc530817uoqm2m7a.jpg,C:\LeDucLuong\HK VII\LuanCuNhan\DeepLearning\Test_Mau\archive\Kvasir-SEG\Kvasir-SEG\masks\cju5vi4nxlc530817uoqm2m7a.jpg,train/images/cju5vi4nxlc530817uoqm2m7a.jpg,train/masks_original/cju5vi4nxlc530817uoqm2m7a.jpg,train/masks_binary/cju5vi4nxlc530817uoqm2m7a.png,1764d281642007fab9af3e430da0f9e79c1a483729e12432aecf744204e2f70c,ea7c16526a4e50a8ed9cc4bf2b1be097a993fc287eda3a550695921e1338b5c5
train,cju5von04litr08718j8po40a,C:\LeDucLuong\HK VII\LuanCuNhan\DeepLearning\Test_Mau\archive\Kvasir-SEG\Kvasir-SEG\images\cju5von04litr08718j8po40a.jpg,C:\LeDucLuong\HK VII\LuanCuNhan\DeepLearning\Test_Mau\archive\Kvasir-SEG\Kvasir-SEG\masks\cju5von04litr08718j8po40a.jpg,train/images/cju5von04litr08718j8po40a.jpg,train/masks_original/cju5von04litr08718j8po40a.jpg,train/masks_binary/cju5von04litr08718j8po40a.png,accf7f74c661c0e85f5021b0b01917f54fb34e555289e3a1fa11b616cd6c91ed,1072169c2c09e5394489ec944f9607c2da123ff9dc51c30d6aa034419ede492d
train,cju5vutu7ll8w0871dfp92n9p,C:\LeDucLuong\HK VII\LuanCuNhan\DeepLearning\Test_Mau\archive\Kvasir-SEG\Kvasir-SEG\images\cju5vutu7ll8w0871dfp92n9p.jpg,C:\LeDucLuong\HK VII\LuanCuNhan\DeepLearning\Test_Mau\archive\Kvasir-SEG\Kvasir-SEG\masks\cju5vutu7ll8w0871dfp92n9p.jpg,train/images/cju5vutu7ll8w0871dfp92n9p.jpg,train/masks_original/cju5vutu7ll8w0871dfp92n9p.jpg,train/masks_binary/cju5vutu7ll8w0871dfp92n9p.png,53fe14daefa57e7ccf43b79c6eb8771ecf76e6e708bd4c1f98723eb4920c77fb,2da79cc84d6e0931db8636295a166742a0a8952cd6aac68fcf7a5c46b0aabe2e
train,cju5vwbr4lhqn0987a1pji0ux,C:\LeDucLuong\HK VII\LuanCuNhan\DeepLearning\Test_Mau\archive\Kvasir-SEG\Kvasir-SEG\images\cju5vwbr4lhqn0987a1pji0ux.jpg,C:\LeDucLuong\HK VII\LuanCuNhan\DeepLearning\Test_Mau\archive\Kvasir-SEG\Kvasir-SEG\masks\cju5vwbr4lhqn0987a1pji0ux.jpg,train/images/cju5vwbr4lhqn0987a1pji0ux.jpg,train/masks_original/cju5vwbr4lhqn0987a1pji0ux.jpg,train/masks_binary/cju5vwbr4lhqn0987a1pji0ux.png,d6703452f473cc2cf90a509863cce7b8a3e1ae4eb0ea0d0d5c4a3f63d57cd466,d7ac72462985615301cc98e4f90efd20cc3b8691c0196e56c0b10c5781240362
train,cju5vxuc5loxw0818u8xgf45p,C:\LeDucLuong\HK VII\LuanCuNhan\DeepLearning\Test_Mau\archive\Kvasir-SEG\Kvasir-SEG\images\cju5vxuc5loxw0818u8xgf45p.jpg,C:\LeDucLuong\HK VII\LuanCuNhan\DeepLearning\Test_Mau\archive\Kvasir-SEG\Kvasir-SEG\masks\cju5vxuc5loxw0818u8xgf45p.jpg,train/images/cju5vxuc5loxw0818u8xgf45p.jpg,train/masks_original/cju5vxuc5loxw0818u8xgf45p.jpg,train/masks_binary/cju5vxuc5loxw0818u8xgf45p.png,6b3e6b3ba21a6692758979a4fd967e04416437d62a8f9fb7a6b107098f11a2f7,c2d1fd119e0912602fd5e7292f4141e4a6ae5bddcf1b0b6947e45efd803d31cb
train,cju5vzjoslpj708186z2fusmz,C:\LeDucLuong\HK VII\LuanCuNhan\DeepLearning\Test_Mau\archive\Kvasir-SEG\Kvasir-SEG\images\cju5vzjoslpj708186z2fusmz.jpg,C:\LeDucLuong\HK VII\LuanCuNhan\DeepLearning\Test_Mau\archive\Kvasir-SEG\Kvasir-SEG\masks\cju5vzjoslpj708186z2fusmz.jpg,train/images/cju5vzjoslpj708186z2fusmz.jpg,train/masks_original/cju5vzjoslpj708186z2fusmz.jpg,train/masks_binary/cju5vzjoslpj708186z2fusmz.png,f04dbbb223238f253345cf22a4592acac579b21ea3610e9a6e762bc4f0a88e9d,a42964367d897339089d00259e338a300474dcb780e9fb22bfd16ff937def8f9
train,cju5w7xn0lrkq0801f9k0htgx,C:\LeDucLuong\HK VII\LuanCuNhan\DeepLearning\Test_Mau\archive\Kvasir-SEG\Kvasir-SEG\images\cju5w7xn0lrkq0801f9k0htgx.jpg,C:\LeDucLuong\HK VII\LuanCuNhan\DeepLearning\Test_Mau\archive\Kvasir-SEG\Kvasir-SEG\masks\cju5w7xn0lrkq0801f9k0htgx.jpg,train/images/cju5w7xn0lrkq0801f9k0htgx.jpg,train/masks_original/cju5w7xn0lrkq0801f9k0htgx.jpg,train/masks_binary/cju5w7xn0lrkq0801f9k0htgx.png,73a9ac549d8729cfe65a7d4da17b24c79b679312e496746e5be1b573555e3094,941ef0c24d3c97c2d01d26a581d1dbffeac221d9d932e2e282d16b43264f448d
train,cju5waeduln160817w0agirve,C:\LeDucLuong\HK VII\LuanCuNhan\DeepLearning\Test_Mau\archive\Kvasir-SEG\Kvasir-SEG\images\cju5waeduln160817w0agirve.jpg,C:\LeDucLuong\HK VII\LuanCuNhan\DeepLearning\Test_Mau\archive\Kvasir-SEG\Kvasir-SEG\masks\cju5waeduln160817w0agirve.jpg,train/images/cju5waeduln160817w0agirve.jpg,train/masks_original/cju5waeduln160817w0agirve.jpg,train/masks_binary/cju5waeduln160817w0agirve.png,b06f18f7a61e4e5388df36ba26b76616f22480c47ae36ca03e0efdad43a9be25,e1b1ef69f8adbe6c0e1998c406895cf035eedde766d7e7c64eb5994bd046091a
train,cju5wcc90lu020850mjrxppv6,C:\LeDucLuong\HK VII\LuanCuNhan\DeepLearning\Test_Mau\archive\Kvasir-SEG\Kvasir-SEG\images\cju5wcc90lu020850mjrxppv6.jpg,C:\LeDucLuong\HK VII\LuanCuNhan\DeepLearning\Test_Mau\archive\Kvasir-SEG\Kvasir-SEG\masks\cju5wcc90lu020850mjrxppv6.jpg,train/images/cju5wcc90lu020850mjrxppv6.jpg,train/masks_original/cju5wcc90lu020850mjrxppv6.jpg,train/masks_binary/cju5wcc90lu020850mjrxppv6.png,fa0729b0a446bc6773c001c4f623698380e41e3347ebf013cb3cc75bfabccd92,2ed18c9d1d00698091bcb7a7fae16df393d539fbbf32db2fd0f9cb2e73406acb
train,cju5wi6bqlxy90755bu227nvb,C:\LeDucLuong\HK VII\LuanCuNhan\DeepLearning\Test_Mau\archive\Kvasir-SEG\Kvasir-SEG\images\cju5wi6bqlxy90755bu227nvb.jpg,C:\LeDucLuong\HK VII\LuanCuNhan\DeepLearning\Test_Mau\archive\Kvasir-SEG\Kvasir-SEG\masks\cju5wi6bqlxy90755bu227nvb.jpg,train/images/cju5wi6bqlxy90755bu227nvb.jpg,train/masks_original/cju5wi6bqlxy90755bu227nvb.jpg,train/masks_binary/cju5wi6bqlxy90755bu227nvb.png,e33898c897dd064414b931623a8b624ed570fdff00270e44c2f3c3d6eeaa3e62,134c1707f1e4e189c579ceddf43e944f0cf60abb4b4eab93fd2b525d489fc071
train,cju5wj0faly5008187n6530af,C:\LeDucLuong\HK VII\LuanCuNhan\DeepLearning\Test_Mau\archive\Kvasir-SEG\Kvasir-SEG\images\cju5wj0faly5008187n6530af.jpg,C:\LeDucLuong\HK VII\LuanCuNhan\DeepLearning\Test_Mau\archive\Kvasir-SEG\Kvasir-SEG\masks\cju5wj0faly5008187n6530af.jpg,train/images/cju5wj0faly5008187n6530af.jpg,train/masks_original/cju5wj0faly5008187n6530af.jpg,train/masks_binary/cju5wj0faly5008187n6530af.png,3b3efd29b75d74ecb013fd8ca203e38820557c242ea730f4aadc8baf714d6680,2feaad8d8afdd92f6e34367aebe226acc1271e23cc6443549b705475e64744f0
train,cju5wkonqlrl409877y8zvnub,C:\LeDucLuong\HK VII\LuanCuNhan\DeepLearning\Test_Mau\archive\Kvasir-SEG\Kvasir-SEG\images\cju5wkonqlrl409877y8zvnub.jpg,C:\LeDucLuong\HK VII\LuanCuNhan\DeepLearning\Test_Mau\archive\Kvasir-SEG\Kvasir-SEG\masks\cju5wkonqlrl409877y8zvnub.jpg,train/images/cju5wkonqlrl409877y8zvnub.jpg,train/masks_original/cju5wkonqlrl409877y8zvnub.jpg,train/masks_binary/cju5wkonqlrl409877y8zvnub.png,f433b9d945e715dfac036f20f1d4e68da270775f5771f6443e96f024bb514667,ac22ed57ea8e2e7760086e4086e68fa000fccc08fda8f0c3ac1036e295b66309
train,cju5wmvsdlx1j0871npgj8j4b,C:\LeDucLuong\HK VII\LuanCuNhan\DeepLearning\Test_Mau\archive\Kvasir-SEG\Kvasir-SEG\images\cju5wmvsdlx1j0871npgj8j4b.jpg,C:\LeDucLuong\HK VII\LuanCuNhan\DeepLearning\Test_Mau\archive\Kvasir-SEG\Kvasir-SEG\masks\cju5wmvsdlx1j0871npgj8j4b.jpg,train/images/cju5wmvsdlx1j0871npgj8j4b.jpg,train/masks_original/cju5wmvsdlx1j0871npgj8j4b.jpg,train/masks_binary/cju5wmvsdlx1j0871npgj8j4b.png,dae52ff021e5b6c5103da4c020b19f847d3903e863f3ccc371839b98520f1429,52b3ee621850d969d8d83167e0b973b82b84d3b3316e74a1ad1d3f2be02b18d2
train,cju5woy82m07m08505dmjg7g1,C:\LeDucLuong\HK VII\LuanCuNhan\DeepLearning\Test_Mau\archive\Kvasir-SEG\Kvasir-SEG\images\cju5woy82m07m08505dmjg7g1.jpg,C:\LeDucLuong\HK VII\LuanCuNhan\DeepLearning\Test_Mau\archive\Kvasir-SEG\Kvasir-SEG\masks\cju5woy82m07m08505dmjg7g1.jpg,train/images/cju5woy82m07m08505dmjg7g1.jpg,train/masks_original/cju5woy82m07m08505dmjg7g1.jpg,train/masks_binary/cju5woy82m07m08505dmjg7g1.png,ef0354c443dde393c4fe8df9af56a6cbf3e7a6a851d20e02dc21abd9d25fb6a9,73cd2055d558c341e5a0a41078cddbcc6f987bc7549b564795167c67dd7f7b28
train,cju5wphwwlu3m0987hh3ltg88,C:\LeDucLuong\HK VII\LuanCuNhan\DeepLearning\Test_Mau\archive\Kvasir-SEG\Kvasir-SEG\images\cju5wphwwlu3m0987hh3ltg88.jpg,C:\LeDucLuong\HK VII\LuanCuNhan\DeepLearning\Test_Mau\archive\Kvasir-SEG\Kvasir-SEG\masks\cju5wphwwlu3m0987hh3ltg88.jpg,train/images/cju5wphwwlu3m0987hh3ltg88.jpg,train/masks_original/cju5wphwwlu3m0987hh3ltg88.jpg,train/masks_binary/cju5wphwwlu3m0987hh3ltg88.png,a8a5266eb6a16d53315c3ec8b41dbe985781b161146678225b886921dc6bd302,c173fa939fae6a5df468d61b0cb1523765358003606b642dbb4b262a03107f69
train,cju5wqonpm0e60801z88ewmy1,C:\LeDucLuong\HK VII\LuanCuNhan\DeepLearning\Test_Mau\archive\Kvasir-SEG\Kvasir-SEG\images\cju5wqonpm0e60801z88ewmy1.jpg,C:\LeDucLuong\HK VII\LuanCuNhan\DeepLearning\Test_Mau\archive\Kvasir-SEG\Kvasir-SEG\masks\cju5wqonpm0e60801z88ewmy1.jpg,train/images/cju5wqonpm0e60801z88ewmy1.jpg,train/masks_original/cju5wqonpm0e60801z88ewmy1.jpg,train/masks_binary/cju5wqonpm0e60801z88ewmy1.png,ca5c376288188ca678d8e526565e22970f6e5b790ffca18e87ea2ce8e92087bb,e044e2d1a07f2d90e91b424ed21037a3643af2e6ccace4447b586bb1167327ae
train,cju5wrapcm2290818jsh26ppb,C:\LeDucLuong\HK VII\LuanCuNhan\DeepLearning\Test_Mau\archive\Kvasir-SEG\Kvasir-SEG\images\cju5wrapcm2290818jsh26ppb.jpg,C:\LeDucLuong\HK VII\LuanCuNhan\DeepLearning\Test_Mau\archive\Kvasir-SEG\Kvasir-SEG\masks\cju5wrapcm2290818jsh26ppb.jpg,train/images/cju5wrapcm2290818jsh26ppb.jpg,train/masks_original/cju5wrapcm2290818jsh26ppb.jpg,train/masks_binary/cju5wrapcm2290818jsh26ppb.png,b6bbbb0ff21ecd419ff57baae790a85562a8daa3b7596662b8ab61dda7bdf73e,aace18b967d509341abb9caab4452afa0f76c07ce0c2c504cbbe456c2302fdc6
train,cju5wrrs0m2af0818vmnajbtw,C:\LeDucLuong\HK VII\LuanCuNhan\DeepLearning\Test_Mau\archive\Kvasir-SEG\Kvasir-SEG\images\cju5wrrs0m2af0818vmnajbtw.jpg,C:\LeDucLuong\HK VII\LuanCuNhan\DeepLearning\Test_Mau\archive\Kvasir-SEG\Kvasir-SEG\masks\cju5wrrs0m2af0818vmnajbtw.jpg,train/images/cju5wrrs0m2af0818vmnajbtw.jpg,train/masks_original/cju5wrrs0m2af0818vmnajbtw.jpg,train/masks_binary/cju5wrrs0m2af0818vmnajbtw.png,12366c9c932b5989bebca852323ed578d94faff89f291799c9f080fa30272591,417ddf8ec313e09d942d9f9aa332bece7b23180813083074a42f1657cb726e07
train,cju5wtdu4m0im0871mix0yvc0,C:\LeDucLuong\HK VII\LuanCuNhan\DeepLearning\Test_Mau\archive\Kvasir-SEG\Kvasir-SEG\images\cju5wtdu4m0im0871mix0yvc0.jpg,C:\LeDucLuong\HK VII\LuanCuNhan\DeepLearning\Test_Mau\archive\Kvasir-SEG\Kvasir-SEG\masks\cju5wtdu4m0im0871mix0yvc0.jpg,train/images/cju5wtdu4m0im0871mix0yvc0.jpg,train/masks_original/cju5wtdu4m0im0871mix0yvc0.jpg,train/masks_binary/cju5wtdu4m0im0871mix0yvc0.png,6cf6dd6235806388ea2dd2785ae8a598fd90844bd927738b45b8aed1ef688672,86a573e18b61c3e74cd2fbd65e9dd596c2c2e4050e948d4f9e95a0456523578a
train,cju5wuhm1lwm40987vugqn3vv,C:\LeDucLuong\HK VII\LuanCuNhan\DeepLearning\Test_Mau\archive\Kvasir-SEG\Kvasir-SEG\images\cju5wuhm1lwm40987vugqn3vv.jpg,C:\LeDucLuong\HK VII\LuanCuNhan\DeepLearning\Test_Mau\archive\Kvasir-SEG\Kvasir-SEG\masks\cju5wuhm1lwm40987vugqn3vv.jpg,train/images/cju5wuhm1lwm40987vugqn3vv.jpg,train/masks_original/cju5wuhm1lwm40987vugqn3vv.jpg,train/masks_binary/cju5wuhm1lwm40987vugqn3vv.png,45828bfff713faa2a40f1e62e1296df0bc39a0e1ae6d93edd45b77d2dfea05d8,a110a4674301a7ded38894edee91634ef62987f14a9f081d228381461aeb18a7
train,cju5x00l6m5j608503k78ptee,C:\LeDucLuong\HK VII\LuanCuNhan\DeepLearning\Test_Mau\archive\Kvasir-SEG\Kvasir-SEG\images\cju5x00l6m5j608503k78ptee.jpg,C:\LeDucLuong\HK VII\LuanCuNhan\DeepLearning\Test_Mau\archive\Kvasir-SEG\Kvasir-SEG\masks\cju5x00l6m5j608503k78ptee.jpg,train/images/cju5x00l6m5j608503k78ptee.jpg,train/masks_original/cju5x00l6m5j608503k78ptee.jpg,train/masks_binary/cju5x00l6m5j608503k78ptee.png,2a3e013add9b20f3b7c8f1cdb41f9702c5db127e84957900be3698494baaf448,dfbf97e516dfe7cc2c2bbc8fddbce943f63f284aab8b109069f419b491189b5f
train,cju5x15djm7ae0755h8czf6nt,C:\LeDucLuong\HK VII\LuanCuNhan\DeepLearning\Test_Mau\archive\Kvasir-SEG\Kvasir-SEG\images\cju5x15djm7ae0755h8czf6nt.jpg,C:\LeDucLuong\HK VII\LuanCuNhan\DeepLearning\Test_Mau\archive\Kvasir-SEG\Kvasir-SEG\masks\cju5x15djm7ae0755h8czf6nt.jpg,train/images/cju5x15djm7ae0755h8czf6nt.jpg,train/masks_original/cju5x15djm7ae0755h8czf6nt.jpg,train/masks_binary/cju5x15djm7ae0755h8czf6nt.png,da343ab942f46ff35233619b83464bdb0348a89c5d247e7a328fc61555de0de7,35bc9001eeb10b93cfc82299ac8965a1517cfb08e135c0abae891a4466f864d1
train,cju5x28nzm7t907558ocq4bt7,C:\LeDucLuong\HK VII\LuanCuNhan\DeepLearning\Test_Mau\archive\Kvasir-SEG\Kvasir-SEG\images\cju5x28nzm7t907558ocq4bt7.jpg,C:\LeDucLuong\HK VII\LuanCuNhan\DeepLearning\Test_Mau\archive\Kvasir-SEG\Kvasir-SEG\masks\cju5x28nzm7t907558ocq4bt7.jpg,train/images/cju5x28nzm7t907558ocq4bt7.jpg,train/masks_original/cju5x28nzm7t907558ocq4bt7.jpg,train/masks_binary/cju5x28nzm7t907558ocq4bt7.png,be6028e23888e45eecd4fcf67ce4b494d841b07b63581e85112c584f6c0460dc,0dbdce975edefd8d31a74eefd74d58241f0aff5fa98596777de12fd009445367
train,cju5x7iskmad90818frchyfwd,C:\LeDucLuong\HK VII\LuanCuNhan\DeepLearning\Test_Mau\archive\Kvasir-SEG\Kvasir-SEG\images\cju5x7iskmad90818frchyfwd.jpg,C:\LeDucLuong\HK VII\LuanCuNhan\DeepLearning\Test_Mau\archive\Kvasir-SEG\Kvasir-SEG\masks\cju5x7iskmad90818frchyfwd.jpg,train/images/cju5x7iskmad90818frchyfwd.jpg,train/masks_original/cju5x7iskmad90818frchyfwd.jpg,train/masks_binary/cju5x7iskmad90818frchyfwd.png,d1db31f78c73dae4ce4d26bb65489201e7a52fa65be9724b8df0f9b4bc9d1830,aa8aef13960d4c1cdef1f08be4ecd49ed4fc1b6de69358f827b2e7a9d1b8acd2
train,cju5xjn5mm78b09871spyqhhr,C:\LeDucLuong\HK VII\LuanCuNhan\DeepLearning\Test_Mau\archive\Kvasir-SEG\Kvasir-SEG\images\cju5xjn5mm78b09871spyqhhr.jpg,C:\LeDucLuong\HK VII\LuanCuNhan\DeepLearning\Test_Mau\archive\Kvasir-SEG\Kvasir-SEG\masks\cju5xjn5mm78b09871spyqhhr.jpg,train/images/cju5xjn5mm78b09871spyqhhr.jpg,train/masks_original/cju5xjn5mm78b09871spyqhhr.jpg,train/masks_binary/cju5xjn5mm78b09871spyqhhr.png,c018e334f6de4f7cfdba416c35e6580224e938109da44c0559f0375454632876,0c67f40b6646931959eacf5ca0493fff7e2ce35cb149df2fa1bed9edf84ecb13
train,cju5xkwzxmf0z0818gk4xabdm,C:\LeDucLuong\HK VII\LuanCuNhan\DeepLearning\Test_Mau\archive\Kvasir-SEG\Kvasir-SEG\images\cju5xkwzxmf0z0818gk4xabdm.jpg,C:\LeDucLuong\HK VII\LuanCuNhan\DeepLearning\Test_Mau\archive\Kvasir-SEG\Kvasir-SEG\masks\cju5xkwzxmf0z0818gk4xabdm.jpg,train/images/cju5xkwzxmf0z0818gk4xabdm.jpg,train/masks_original/cju5xkwzxmf0z0818gk4xabdm.jpg,train/masks_binary/cju5xkwzxmf0z0818gk4xabdm.png,1879037fd319abc58cbc95b25d2904922c3cb65efc87b199fb6f282c94badc05,a048d317bd5391165d37863c0c6e842dd2e228ea4547c730ece7046e740b7ae9
train,cju5xneamme2p0801qdf7fdwv,C:\LeDucLuong\HK VII\LuanCuNhan\DeepLearning\Test_Mau\archive\Kvasir-SEG\Kvasir-SEG\images\cju5xneamme2p0801qdf7fdwv.jpg,C:\LeDucLuong\HK VII\LuanCuNhan\DeepLearning\Test_Mau\archive\Kvasir-SEG\Kvasir-SEG\masks\cju5xneamme2p0801qdf7fdwv.jpg,train/images/cju5xneamme2p0801qdf7fdwv.jpg,train/masks_original/cju5xneamme2p0801qdf7fdwv.jpg,train/masks_binary/cju5xneamme2p0801qdf7fdwv.png,a60f51d1b075d3c055c5475cf0ec5af25341194d682840fe8f3b17e9cb25e407,bb5e5de10f9afc40d49757b2fa54342f08888859f7de99815442b12db8416b0f
train,cju5xopi0md7q0871r1sjc1av,C:\LeDucLuong\HK VII\LuanCuNhan\DeepLearning\Test_Mau\archive\Kvasir-SEG\Kvasir-SEG\images\cju5xopi0md7q0871r1sjc1av.jpg,C:\LeDucLuong\HK VII\LuanCuNhan\DeepLearning\Test_Mau\archive\Kvasir-SEG\Kvasir-SEG\masks\cju5xopi0md7q0871r1sjc1av.jpg,train/images/cju5xopi0md7q0871r1sjc1av.jpg,train/masks_original/cju5xopi0md7q0871r1sjc1av.jpg,train/masks_binary/cju5xopi0md7q0871r1sjc1av.png,207d85358abdf2d1b8637e477059ba049ec8f2e5d1132422a166e0f4fbb81b32,7e7836892e6af34d1004560f28f3ce3f3961d531093965664bd808ee5cd991df
train,cju5xq3tdm9fn0987pbedxdg5,C:\LeDucLuong\HK VII\LuanCuNhan\DeepLearning\Test_Mau\archive\Kvasir-SEG\Kvasir-SEG\images\cju5xq3tdm9fn0987pbedxdg5.jpg,C:\LeDucLuong\HK VII\LuanCuNhan\DeepLearning\Test_Mau\archive\Kvasir-SEG\Kvasir-SEG\masks\cju5xq3tdm9fn0987pbedxdg5.jpg,train/images/cju5xq3tdm9fn0987pbedxdg5.jpg,train/masks_original/cju5xq3tdm9fn0987pbedxdg5.jpg,train/masks_binary/cju5xq3tdm9fn0987pbedxdg5.png,c80708db59cbc041c45639f96a874b97cf6bb36b4f17f1619a95e57fa29ee012,9f9d096406fb96b5d56672d2261e0f80b37c5737d44c74d07032735ccc7d93b5
train,cju5y4hgqmk0i08180rjhbwvp,C:\LeDucLuong\HK VII\LuanCuNhan\DeepLearning\Test_Mau\archive\Kvasir-SEG\Kvasir-SEG\images\cju5y4hgqmk0i08180rjhbwvp.jpg,C:\LeDucLuong\HK VII\LuanCuNhan\DeepLearning\Test_Mau\archive\Kvasir-SEG\Kvasir-SEG\masks\cju5y4hgqmk0i08180rjhbwvp.jpg,train/images/cju5y4hgqmk0i08180rjhbwvp.jpg,train/masks_original/cju5y4hgqmk0i08180rjhbwvp.jpg,train/masks_binary/cju5y4hgqmk0i08180rjhbwvp.png,f960c330c6da99233d2b841b85baa92c017b2727249675aed758bfe09a21eeb0,0cc7b2c49d4d128ad81588faf4267c1a4bc5b0a1962d6257d7538bf09b37062f
train,cju5y7buemcw80987p0r30g9f,C:\LeDucLuong\HK VII\LuanCuNhan\DeepLearning\Test_Mau\archive\Kvasir-SEG\Kvasir-SEG\images\cju5y7buemcw80987p0r30g9f.jpg,C:\LeDucLuong\HK VII\LuanCuNhan\DeepLearning\Test_Mau\archive\Kvasir-SEG\Kvasir-SEG\masks\cju5y7buemcw80987p0r30g9f.jpg,train/images/cju5y7buemcw80987p0r30g9f.jpg,train/masks_original/cju5y7buemcw80987p0r30g9f.jpg,train/masks_binary/cju5y7buemcw80987p0r30g9f.png,d91e07b3b28065c804111cc31a73e29970481a78e97566f68c87215afe4cccbd,5fbcd6e47fd82761684c8f4df97ea6fc703921d95d6dfa7c2e4dcb91ce70c90d
train,cju5y84q3mdv50817eyp82xf3,C:\LeDucLuong\HK VII\LuanCuNhan\DeepLearning\Test_Mau\archive\Kvasir-SEG\Kvasir-SEG\images\cju5y84q3mdv50817eyp82xf3.jpg,C:\LeDucLuong\HK VII\LuanCuNhan\DeepLearning\Test_Mau\archive\Kvasir-SEG\Kvasir-SEG\masks\cju5y84q3mdv50817eyp82xf3.jpg,train/images/cju5y84q3mdv50817eyp82xf3.jpg,train/masks_original/cju5y84q3mdv50817eyp82xf3.jpg,train/masks_binary/cju5y84q3mdv50817eyp82xf3.png,d9010e8ea010347b71a105edafa562345ae90fce2cb620e5089d2320cbd37721,4019bc31f5dbe8ab4e3732aff00d14e3a88b42fa769ae9cb009c75fdc0a875eb
train,cju5yclrymlgj0818k426ud6z,C:\LeDucLuong\HK VII\LuanCuNhan\DeepLearning\Test_Mau\archive\Kvasir-SEG\Kvasir-SEG\images\cju5yclrymlgj0818k426ud6z.jpg,C:\LeDucLuong\HK VII\LuanCuNhan\DeepLearning\Test_Mau\archive\Kvasir-SEG\Kvasir-SEG\masks\cju5yclrymlgj0818k426ud6z.jpg,train/images/cju5yclrymlgj0818k426ud6z.jpg,train/masks_original/cju5yclrymlgj0818k426ud6z.jpg,train/masks_binary/cju5yclrymlgj0818k426ud6z.png,b8163ecc55d5dee1bc5cb04fc7a3695ca5cd1b5a55f192017f222d607be4b37f,d10b7be5bb5322b6e600d12669b4ac7aae979cf62b8b5bf2421c1a88e25b08db
train,cju5yeqiwmkgl0801fzv2douc,C:\LeDucLuong\HK VII\LuanCuNhan\DeepLearning\Test_Mau\archive\Kvasir-SEG\Kvasir-SEG\images\cju5yeqiwmkgl0801fzv2douc.jpg,C:\LeDucLuong\HK VII\LuanCuNhan\DeepLearning\Test_Mau\archive\Kvasir-SEG\Kvasir-SEG\masks\cju5yeqiwmkgl0801fzv2douc.jpg,train/images/cju5yeqiwmkgl0801fzv2douc.jpg,train/masks_original/cju5yeqiwmkgl0801fzv2douc.jpg,train/masks_binary/cju5yeqiwmkgl0801fzv2douc.png,a6e1f346726cd9234088a96c030216d4e8bf8fff880778a7689aa9584b2c89e4,c23eb77672f1154ba1cb0287b0cfedd034d65201d83df5b35fccd38af20d1b14
train,cju5ygh1zmmdi0755uod5e17i,C:\LeDucLuong\HK VII\LuanCuNhan\DeepLearning\Test_Mau\archive\Kvasir-SEG\Kvasir-SEG\images\cju5ygh1zmmdi0755uod5e17i.jpg,C:\LeDucLuong\HK VII\LuanCuNhan\DeepLearning\Test_Mau\archive\Kvasir-SEG\Kvasir-SEG\masks\cju5ygh1zmmdi0755uod5e17i.jpg,train/images/cju5ygh1zmmdi0755uod5e17i.jpg,train/masks_original/cju5ygh1zmmdi0755uod5e17i.jpg,train/masks_binary/cju5ygh1zmmdi0755uod5e17i.png,232a4e82a33308799865896a3401856b063ec4c94bbf780cabdccc071796d5c5,29ec4b6a8774cc68c7ac3a05702c151b8cf3c7565d9e6566992693a97e29e141
train,cju5yhgznmkzb0801cji2vi8j,C:\LeDucLuong\HK VII\LuanCuNhan\DeepLearning\Test_Mau\archive\Kvasir-SEG\Kvasir-SEG\images\cju5yhgznmkzb0801cji2vi8j.jpg,C:\LeDucLuong\HK VII\LuanCuNhan\DeepLearning\Test_Mau\archive\Kvasir-SEG\Kvasir-SEG\masks\cju5yhgznmkzb0801cji2vi8j.jpg,train/images/cju5yhgznmkzb0801cji2vi8j.jpg,train/masks_original/cju5yhgznmkzb0801cji2vi8j.jpg,train/masks_binary/cju5yhgznmkzb0801cji2vi8j.png,c457e241dbcb95c044da666845bfd48c2b5a0f59faefbcb143871df5e2f7d1d9,0e2b316426ba3e75f0f276cf9ea19b763d23bcde0f99bbe696b6308a3ae3b6ff
train,cju5yimthmlv80850zhoc90c2,C:\LeDucLuong\HK VII\LuanCuNhan\DeepLearning\Test_Mau\archive\Kvasir-SEG\Kvasir-SEG\images\cju5yimthmlv80850zhoc90c2.jpg,C:\LeDucLuong\HK VII\LuanCuNhan\DeepLearning\Test_Mau\archive\Kvasir-SEG\Kvasir-SEG\masks\cju5yimthmlv80850zhoc90c2.jpg,train/images/cju5yimthmlv80850zhoc90c2.jpg,train/masks_original/cju5yimthmlv80850zhoc90c2.jpg,train/masks_binary/cju5yimthmlv80850zhoc90c2.png,7b015b47085da18cc8ea41dadad62538a30d06d044320b46180add1b9e677eb8,df1179320cabbabe157c9c6f225ad751cbc204546c7709bed699727cc459baf3
train,cju5yjq1pmlgc0801z0t24bly,C:\LeDucLuong\HK VII\LuanCuNhan\DeepLearning\Test_Mau\archive\Kvasir-SEG\Kvasir-SEG\images\cju5yjq1pmlgc0801z0t24bly.jpg,C:\LeDucLuong\HK VII\LuanCuNhan\DeepLearning\Test_Mau\archive\Kvasir-SEG\Kvasir-SEG\masks\cju5yjq1pmlgc0801z0t24bly.jpg,train/images/cju5yjq1pmlgc0801z0t24bly.jpg,train/masks_original/cju5yjq1pmlgc0801z0t24bly.jpg,train/masks_binary/cju5yjq1pmlgc0801z0t24bly.png,b3fd4c3d550c148798704b6547f29ea4ea35769bfe0b06e3b3e33bd396ab9e3f,d0839259b3bd538f499ac83178193a5f972905fd7122ad5c9a4c3457eb73e576
train,cju5ymyd8mmdc0801ry3by1xr,C:\LeDucLuong\HK VII\LuanCuNhan\DeepLearning\Test_Mau\archive\Kvasir-SEG\Kvasir-SEG\images\cju5ymyd8mmdc0801ry3by1xr.jpg,C:\LeDucLuong\HK VII\LuanCuNhan\DeepLearning\Test_Mau\archive\Kvasir-SEG\Kvasir-SEG\masks\cju5ymyd8mmdc0801ry3by1xr.jpg,train/images/cju5ymyd8mmdc0801ry3by1xr.jpg,train/masks_original/cju5ymyd8mmdc0801ry3by1xr.jpg,train/masks_binary/cju5ymyd8mmdc0801ry3by1xr.png,fab8ef0b88a403c5bfe4efb2fa7db6a444a94382cb423a11a325283d85e09361,3a4315ea5af9d1545d1a2d9591a6ae32ae644b3f6cb8d12e671ea66e82afe01b
train,cju6ur9l9v9jq0755paud9uka,C:\LeDucLuong\HK VII\LuanCuNhan\DeepLearning\Test_Mau\archive\Kvasir-SEG\Kvasir-SEG\images\cju6ur9l9v9jq0755paud9uka.jpg,C:\LeDucLuong\HK VII\LuanCuNhan\DeepLearning\Test_Mau\archive\Kvasir-SEG\Kvasir-SEG\masks\cju6ur9l9v9jq0755paud9uka.jpg,train/images/cju6ur9l9v9jq0755paud9uka.jpg,train/masks_original/cju6ur9l9v9jq0755paud9uka.jpg,train/masks_binary/cju6ur9l9v9jq0755paud9uka.png,59a5ed57886655a8d4e75537a4e64c5d849e845e6c38c399225807265cf201da,f1295edfb25f683c686a7712657f4f8bdb5d2a89232a93dc555a54fba54a6cef
train,cju6us80mv1b50871ebyq2wxa,C:\LeDucLuong\HK VII\LuanCuNhan\DeepLearning\Test_Mau\archive\Kvasir-SEG\Kvasir-SEG\images\cju6us80mv1b50871ebyq2wxa.jpg,C:\LeDucLuong\HK VII\LuanCuNhan\DeepLearning\Test_Mau\archive\Kvasir-SEG\Kvasir-SEG\masks\cju6us80mv1b50871ebyq2wxa.jpg,train/images/cju6us80mv1b50871ebyq2wxa.jpg,train/masks_original/cju6us80mv1b50871ebyq2wxa.jpg,train/masks_binary/cju6us80mv1b50871ebyq2wxa.png,67185088d1b6f8ca95aab655c3d938f6a5465f3f50d1b0610e82429d84950efb,696012d3a9c0101e424b59767e0be8bbf34df96ada9a4e4909f6b7e05dbc9db8
train,cju6ut4l8va6y0755tyw3vfqq,C:\LeDucLuong\HK VII\LuanCuNhan\DeepLearning\Test_Mau\archive\Kvasir-SEG\Kvasir-SEG\images\cju6ut4l8va6y0755tyw3vfqq.jpg,C:\LeDucLuong\HK VII\LuanCuNhan\DeepLearning\Test_Mau\archive\Kvasir-SEG\Kvasir-SEG\masks\cju6ut4l8va6y0755tyw3vfqq.jpg,train/images/cju6ut4l8va6y0755tyw3vfqq.jpg,train/masks_original/cju6ut4l8va6y0755tyw3vfqq.jpg,train/masks_binary/cju6ut4l8va6y0755tyw3vfqq.png,da46391fb3c4d64ba1409432ddf17ab1eb449d6d9c6da127f0a377842c3815b9,f0656f74437c979c4ad3d3f902242124d60ace03e4ce8285ba33b0cf963a5c09
train,cju6uy20suzbl0987rzuhz7z9,C:\LeDucLuong\HK VII\LuanCuNhan\DeepLearning\Test_Mau\archive\Kvasir-SEG\Kvasir-SEG\images\cju6uy20suzbl0987rzuhz7z9.jpg,C:\LeDucLuong\HK VII\LuanCuNhan\DeepLearning\Test_Mau\archive\Kvasir-SEG\Kvasir-SEG\masks\cju6uy20suzbl0987rzuhz7z9.jpg,train/images/cju6uy20suzbl0987rzuhz7z9.jpg,train/masks_original/cju6uy20suzbl0987rzuhz7z9.jpg,train/masks_binary/cju6uy20suzbl0987rzuhz7z9.png,df6bf7390fc72df6ba7ef2bf650e0341d8a7fd1b51a9ec2a0a3fa1208574f531,47720f9a461a346f9c131d3f97d6864a33c88f18f94e35728bcc26919a1f7cfd
train,cju6uzxk0v83p0801rcwnexdu,C:\LeDucLuong\HK VII\LuanCuNhan\DeepLearning\Test_Mau\archive\Kvasir-SEG\Kvasir-SEG\images\cju6uzxk0v83p0801rcwnexdu.jpg,C:\LeDucLuong\HK VII\LuanCuNhan\DeepLearning\Test_Mau\archive\Kvasir-SEG\Kvasir-SEG\masks\cju6uzxk0v83p0801rcwnexdu.jpg,train/images/cju6uzxk0v83p0801rcwnexdu.jpg,train/masks_original/cju6uzxk0v83p0801rcwnexdu.jpg,train/masks_binary/cju6uzxk0v83p0801rcwnexdu.png,fcd1328af6dfc629f090e261864c624569fe6afb840e68f20570332a2e114ebc,feb6f94aea5ae491084b2ba50cbadbd4caca5caebdff0314725d184ddbf3af75
train,cju6v1m1xv07w09870ah3njy1,C:\LeDucLuong\HK VII\LuanCuNhan\DeepLearning\Test_Mau\archive\Kvasir-SEG\Kvasir-SEG\images\cju6v1m1xv07w09870ah3njy1.jpg,C:\LeDucLuong\HK VII\LuanCuNhan\DeepLearning\Test_Mau\archive\Kvasir-SEG\Kvasir-SEG\masks\cju6v1m1xv07w09870ah3njy1.jpg,train/images/cju6v1m1xv07w09870ah3njy1.jpg,train/masks_original/cju6v1m1xv07w09870ah3njy1.jpg,train/masks_binary/cju6v1m1xv07w09870ah3njy1.png,807578cb7dfee1798cc88ed459e685e76fc9e272d5f651599f5eb3d368947947,b3efd0e947cfc98f7a1f9e529df2a5337bb997b08c9fc65c32c6effc0954d3b1
train,cju6v3bb2v7xo085090blubyw,C:\LeDucLuong\HK VII\LuanCuNhan\DeepLearning\Test_Mau\archive\Kvasir-SEG\Kvasir-SEG\images\cju6v3bb2v7xo085090blubyw.jpg,C:\LeDucLuong\HK VII\LuanCuNhan\DeepLearning\Test_Mau\archive\Kvasir-SEG\Kvasir-SEG\masks\cju6v3bb2v7xo085090blubyw.jpg,train/images/cju6v3bb2v7xo085090blubyw.jpg,train/masks_original/cju6v3bb2v7xo085090blubyw.jpg,train/masks_binary/cju6v3bb2v7xo085090blubyw.png,4a6ad051a36f4609f2286b47903874bc3bba07cfd066f982fd10713c7615373b,42fe9537be7ea3261f207c14a9e2d6c4df4dab9d9f421d4c07aa4f0a4d6ebcfa
train,cju6v4szov55u0871qmqz3v8n,C:\LeDucLuong\HK VII\LuanCuNhan\DeepLearning\Test_Mau\archive\Kvasir-SEG\Kvasir-SEG\images\cju6v4szov55u0871qmqz3v8n.jpg,C:\LeDucLuong\HK VII\LuanCuNhan\DeepLearning\Test_Mau\archive\Kvasir-SEG\Kvasir-SEG\masks\cju6v4szov55u0871qmqz3v8n.jpg,train/images/cju6v4szov55u0871qmqz3v8n.jpg,train/masks_original/cju6v4szov55u0871qmqz3v8n.jpg,train/masks_binary/cju6v4szov55u0871qmqz3v8n.png,71ab1b1aa324b36c8da43a1f8c005e6097ce06e01b13ef505bed4030392c2f41,78f88ffa0bfbcd7e28ab4b99bf1b880e6d0cfdcf259ba080f137354c9cb36d47
train,cju6v5ilsv8hk0850rb5sgh6o,C:\LeDucLuong\HK VII\LuanCuNhan\DeepLearning\Test_Mau\archive\Kvasir-SEG\Kvasir-SEG\images\cju6v5ilsv8hk0850rb5sgh6o.jpg,C:\LeDucLuong\HK VII\LuanCuNhan\DeepLearning\Test_Mau\archive\Kvasir-SEG\Kvasir-SEG\masks\cju6v5ilsv8hk0850rb5sgh6o.jpg,train/images/cju6v5ilsv8hk0850rb5sgh6o.jpg,train/masks_original/cju6v5ilsv8hk0850rb5sgh6o.jpg,train/masks_binary/cju6v5ilsv8hk0850rb5sgh6o.png,d93d76e664001610af5625dec37e1c94fe4fbd50b6db4c0e58f407e3aeff14da,259f4412e62af59129a43934d421f56306f0ca9df6fa9e2f8ef04f1752b9985f
train,cju6v6g6kvdw007552x6mb0po,C:\LeDucLuong\HK VII\LuanCuNhan\DeepLearning\Test_Mau\archive\Kvasir-SEG\Kvasir-SEG\images\cju6v6g6kvdw007552x6mb0po.jpg,C:\LeDucLuong\HK VII\LuanCuNhan\DeepLearning\Test_Mau\archive\Kvasir-SEG\Kvasir-SEG\masks\cju6v6g6kvdw007552x6mb0po.jpg,train/images/cju6v6g6kvdw007552x6mb0po.jpg,train/masks_original/cju6v6g6kvdw007552x6mb0po.jpg,train/masks_binary/cju6v6g6kvdw007552x6mb0po.png,e161935c464594bd0fa57446363bf26bc585e01a12e46dadaa13e96f527b7cb9,e5e3d85147c04fd05a90e1349e872dc1649d24acac57b8eaf28632ca41906e51
train,cju6vgdmivcvb08018fra5lnv,C:\LeDucLuong\HK VII\LuanCuNhan\DeepLearning\Test_Mau\archive\Kvasir-SEG\Kvasir-SEG\images\cju6vgdmivcvb08018fra5lnv.jpg,C:\LeDucLuong\HK VII\LuanCuNhan\DeepLearning\Test_Mau\archive\Kvasir-SEG\Kvasir-SEG\masks\cju6vgdmivcvb08018fra5lnv.jpg,train/images/cju6vgdmivcvb08018fra5lnv.jpg,train/masks_original/cju6vgdmivcvb08018fra5lnv.jpg,train/masks_binary/cju6vgdmivcvb08018fra5lnv.png,9c18c69813290ca48a11cf4b8d129189657bc88bf1e2975d93265d241a467929,d5bccd4d2d12dab5a30fdba6285d9978a1f2f20e39444efc5b71ce1d8090da6d
train,cju6vifjlv55z0987un6y4zdo,C:\LeDucLuong\HK VII\LuanCuNhan\DeepLearning\Test_Mau\archive\Kvasir-SEG\Kvasir-SEG\images\cju6vifjlv55z0987un6y4zdo.jpg,C:\LeDucLuong\HK VII\LuanCuNhan\DeepLearning\Test_Mau\archive\Kvasir-SEG\Kvasir-SEG\masks\cju6vifjlv55z0987un6y4zdo.jpg,train/images/cju6vifjlv55z0987un6y4zdo.jpg,train/masks_original/cju6vifjlv55z0987un6y4zdo.jpg,train/masks_binary/cju6vifjlv55z0987un6y4zdo.png,3c141806a3948572084415f1f0ef05e82d02ce1867fd1ab52bf8bbfc90e2e3db,ed7a3cd409a401fcf28948506e3fc1a0b84c86a46e2cdda01ddbdce7c9d8d58e
train,cju6vqarjv7yo0987q4b1btk1,C:\LeDucLuong\HK VII\LuanCuNhan\DeepLearning\Test_Mau\archive\Kvasir-SEG\Kvasir-SEG\images\cju6vqarjv7yo0987q4b1btk1.jpg,C:\LeDucLuong\HK VII\LuanCuNhan\DeepLearning\Test_Mau\archive\Kvasir-SEG\Kvasir-SEG\masks\cju6vqarjv7yo0987q4b1btk1.jpg,train/images/cju6vqarjv7yo0987q4b1btk1.jpg,train/masks_original/cju6vqarjv7yo0987q4b1btk1.jpg,train/masks_binary/cju6vqarjv7yo0987q4b1btk1.png,6f94384e4d33425410de70cb2d862c8a754d85c2acbf14f6c37e36f75732df2f,a94105098cbf3451ef800097118d6bf2542df4a14b3aa9e3cb7329e2b1cfe798
train,cju6vrs1ov8cr098788h8gs6j,C:\LeDucLuong\HK VII\LuanCuNhan\DeepLearning\Test_Mau\archive\Kvasir-SEG\Kvasir-SEG\images\cju6vrs1ov8cr098788h8gs6j.jpg,C:\LeDucLuong\HK VII\LuanCuNhan\DeepLearning\Test_Mau\archive\Kvasir-SEG\Kvasir-SEG\masks\cju6vrs1ov8cr098788h8gs6j.jpg,train/images/cju6vrs1ov8cr098788h8gs6j.jpg,train/masks_original/cju6vrs1ov8cr098788h8gs6j.jpg,train/masks_binary/cju6vrs1ov8cr098788h8gs6j.png,a008037dad49908e101439ee1778e7e2ae20e59db402fc495a04776e72759d13,dca17633233a1b5c186121afae3396133f3dfc413050a9bb6c138c40413e32bc
train,cju6vta3kvazg0817qbeppjtm,C:\LeDucLuong\HK VII\LuanCuNhan\DeepLearning\Test_Mau\archive\Kvasir-SEG\Kvasir-SEG\images\cju6vta3kvazg0817qbeppjtm.jpg,C:\LeDucLuong\HK VII\LuanCuNhan\DeepLearning\Test_Mau\archive\Kvasir-SEG\Kvasir-SEG\masks\cju6vta3kvazg0817qbeppjtm.jpg,train/images/cju6vta3kvazg0817qbeppjtm.jpg,train/masks_original/cju6vta3kvazg0817qbeppjtm.jpg,train/masks_binary/cju6vta3kvazg0817qbeppjtm.png,abb709d5248e4aa36acc3b94ad669c015b8d5970a5c4a43ecb5ea5248083c8c4,00a1753bbd96f728a9ae7645d96da78b300fdad6d0deeb55ba745219ce698be9
train,cju6vucxvvlda0755j7msqnya,C:\LeDucLuong\HK VII\LuanCuNhan\DeepLearning\Test_Mau\archive\Kvasir-SEG\Kvasir-SEG\images\cju6vucxvvlda0755j7msqnya.jpg,C:\LeDucLuong\HK VII\LuanCuNhan\DeepLearning\Test_Mau\archive\Kvasir-SEG\Kvasir-SEG\masks\cju6vucxvvlda0755j7msqnya.jpg,train/images/cju6vucxvvlda0755j7msqnya.jpg,train/masks_original/cju6vucxvvlda0755j7msqnya.jpg,train/masks_binary/cju6vucxvvlda0755j7msqnya.png,4233e75dfebd7a4a4746a1e9189c5025e7b3364aa89f01bfcc05be17b129bbb3,d55298dafd96a16bd4716e2df2c3e5221fd80cdca156bf552114c90897e169d2
train,cju6vvb8svhed0801jjcquh5e,C:\LeDucLuong\HK VII\LuanCuNhan\DeepLearning\Test_Mau\archive\Kvasir-SEG\Kvasir-SEG\images\cju6vvb8svhed0801jjcquh5e.jpg,C:\LeDucLuong\HK VII\LuanCuNhan\DeepLearning\Test_Mau\archive\Kvasir-SEG\Kvasir-SEG\masks\cju6vvb8svhed0801jjcquh5e.jpg,train/images/cju6vvb8svhed0801jjcquh5e.jpg,train/masks_original/cju6vvb8svhed0801jjcquh5e.jpg,train/masks_binary/cju6vvb8svhed0801jjcquh5e.png,3c26539d16a77a9666ddda720f12e8a18d955b84fa734a21bc26104f2c5ab45a,fb8e97ef5e42281bd632f3d16ac63b4a10186f1d1904c4e9a15905186dafed6f
train,cju6vvxsev9y30987kespucdg,C:\LeDucLuong\HK VII\LuanCuNhan\DeepLearning\Test_Mau\archive\Kvasir-SEG\Kvasir-SEG\images\cju6vvxsev9y30987kespucdg.jpg,C:\LeDucLuong\HK VII\LuanCuNhan\DeepLearning\Test_Mau\archive\Kvasir-SEG\Kvasir-SEG\masks\cju6vvxsev9y30987kespucdg.jpg,train/images/cju6vvxsev9y30987kespucdg.jpg,train/masks_original/cju6vvxsev9y30987kespucdg.jpg,train/masks_binary/cju6vvxsev9y30987kespucdg.png,7393feef784efa88dea3fd9f9a76e8509735b095c30af728d9ce73017e7350a8,14baee4318e1b8f837294dfd666917a84f1c857262221bf887944bc7eef44e5e
train,cju6w733bveoz0817e600tw72,C:\LeDucLuong\HK VII\LuanCuNhan\DeepLearning\Test_Mau\archive\Kvasir-SEG\Kvasir-SEG\images\cju6w733bveoz0817e600tw72.jpg,C:\LeDucLuong\HK VII\LuanCuNhan\DeepLearning\Test_Mau\archive\Kvasir-SEG\Kvasir-SEG\masks\cju6w733bveoz0817e600tw72.jpg,train/images/cju6w733bveoz0817e600tw72.jpg,train/masks_original/cju6w733bveoz0817e600tw72.jpg,train/masks_binary/cju6w733bveoz0817e600tw72.png,fc7c50c2ee521a8c908d92620301291f74861c0da565c704cddeb245ca289edd,069dc369729375ea6f25b249f91027bcfc75033fac3fecde6983a57df2322ccc
train,cju6wi3akvn8r0801px8eligc,C:\LeDucLuong\HK VII\LuanCuNhan\DeepLearning\Test_Mau\archive\Kvasir-SEG\Kvasir-SEG\images\cju6wi3akvn8r0801px8eligc.jpg,C:\LeDucLuong\HK VII\LuanCuNhan\DeepLearning\Test_Mau\archive\Kvasir-SEG\Kvasir-SEG\masks\cju6wi3akvn8r0801px8eligc.jpg,train/images/cju6wi3akvn8r0801px8eligc.jpg,train/masks_original/cju6wi3akvn8r0801px8eligc.jpg,train/masks_binary/cju6wi3akvn8r0801px8eligc.png,f88b31ed49492fe8f41db1ed483b1a7647b901e65b69b4f3a5cd9c9d466126a2,6969f8d97ed0b0a486c26f216d8227e32764488de3889330ae6e78085254df13
train,cju6wjm81vgsc0987enk9n3pr,C:\LeDucLuong\HK VII\LuanCuNhan\DeepLearning\Test_Mau\archive\Kvasir-SEG\Kvasir-SEG\images\cju6wjm81vgsc0987enk9n3pr.jpg,C:\LeDucLuong\HK VII\LuanCuNhan\DeepLearning\Test_Mau\archive\Kvasir-SEG\Kvasir-SEG\masks\cju6wjm81vgsc0987enk9n3pr.jpg,train/images/cju6wjm81vgsc0987enk9n3pr.jpg,train/masks_original/cju6wjm81vgsc0987enk9n3pr.jpg,train/masks_binary/cju6wjm81vgsc0987enk9n3pr.png,398dcfce15cf594fe3486d870811ece741aef2ba0b81bb19b2175858a53e87a4,e2bdb5e1b0f9cf65149dae81f06e76607a73850075414c5ec6e007ac4922d658
train,cju6wll7wvo3y08502pagos8m,C:\LeDucLuong\HK VII\LuanCuNhan\DeepLearning\Test_Mau\archive\Kvasir-SEG\Kvasir-SEG\images\cju6wll7wvo3y08502pagos8m.jpg,C:\LeDucLuong\HK VII\LuanCuNhan\DeepLearning\Test_Mau\archive\Kvasir-SEG\Kvasir-SEG\masks\cju6wll7wvo3y08502pagos8m.jpg,train/images/cju6wll7wvo3y08502pagos8m.jpg,train/masks_original/cju6wll7wvo3y08502pagos8m.jpg,train/masks_binary/cju6wll7wvo3y08502pagos8m.png,1fb999095357549ecafaac4b9f71433ee5faaa679d6132fb29f02c595c85401b,fa0b1ac5351fc96dadc0b61c262a72b21b4908af562a870073540e86817dad6c
train,cju6wn57mvooj0850rp78hhy7,C:\LeDucLuong\HK VII\LuanCuNhan\DeepLearning\Test_Mau\archive\Kvasir-SEG\Kvasir-SEG\images\cju6wn57mvooj0850rp78hhy7.jpg,C:\LeDucLuong\HK VII\LuanCuNhan\DeepLearning\Test_Mau\archive\Kvasir-SEG\Kvasir-SEG\masks\cju6wn57mvooj0850rp78hhy7.jpg,train/images/cju6wn57mvooj0850rp78hhy7.jpg,train/masks_original/cju6wn57mvooj0850rp78hhy7.jpg,train/masks_binary/cju6wn57mvooj0850rp78hhy7.png,1d900d222343997167106b1e6a70104b36c8acaffd886abb33dfe902d9b449d3,e21f5233c063252a7d7ff99c77c43a8690c5dd14a94a86b113a1dec91408ba9c
train,cju6wt9jvvn500871hjn3t3g0,C:\LeDucLuong\HK VII\LuanCuNhan\DeepLearning\Test_Mau\archive\Kvasir-SEG\Kvasir-SEG\images\cju6wt9jvvn500871hjn3t3g0.jpg,C:\LeDucLuong\HK VII\LuanCuNhan\DeepLearning\Test_Mau\archive\Kvasir-SEG\Kvasir-SEG\masks\cju6wt9jvvn500871hjn3t3g0.jpg,train/images/cju6wt9jvvn500871hjn3t3g0.jpg,train/masks_original/cju6wt9jvvn500871hjn3t3g0.jpg,train/masks_binary/cju6wt9jvvn500871hjn3t3g0.png,a50c4febf09ac8b1aa2a2d085c02223d93eb2c0ffff13496ead9c16c56d0770c,495b7bd71e83fedee375e0e814cf93e0c2d749e0be00cd6257bd106d1969671a
train,cju6wuojavt740818b5qcv3iw,C:\LeDucLuong\HK VII\LuanCuNhan\DeepLearning\Test_Mau\archive\Kvasir-SEG\Kvasir-SEG\images\cju6wuojavt740818b5qcv3iw.jpg,C:\LeDucLuong\HK VII\LuanCuNhan\DeepLearning\Test_Mau\archive\Kvasir-SEG\Kvasir-SEG\masks\cju6wuojavt740818b5qcv3iw.jpg,train/images/cju6wuojavt740818b5qcv3iw.jpg,train/masks_original/cju6wuojavt740818b5qcv3iw.jpg,train/masks_binary/cju6wuojavt740818b5qcv3iw.png,58d8e6f0457a30460885840d2a07da73602a69afb60dbcff40836c98c187c443,75e906f997e942a584b8900807b844cc039406a6775a94f3a8b738ef89e83894
train,cju6x0yqbvxqt0755dhxislgb,C:\LeDucLuong\HK VII\LuanCuNhan\DeepLearning\Test_Mau\archive\Kvasir-SEG\Kvasir-SEG\images\cju6x0yqbvxqt0755dhxislgb.jpg,C:\LeDucLuong\HK VII\LuanCuNhan\DeepLearning\Test_Mau\archive\Kvasir-SEG\Kvasir-SEG\masks\cju6x0yqbvxqt0755dhxislgb.jpg,train/images/cju6x0yqbvxqt0755dhxislgb.jpg,train/masks_original/cju6x0yqbvxqt0755dhxislgb.jpg,train/masks_binary/cju6x0yqbvxqt0755dhxislgb.png,c1e98fadfba0bd3c64534cd15eb3751f8ca33d615ce60d43f12f8197d48cbfc1,63bfe6de6ff24b93a20177ae63cdfcd300428ac864b76452d88a2b724fa7d0b2
train,cju6x35ervu2808015c7eoqe4,C:\LeDucLuong\HK VII\LuanCuNhan\DeepLearning\Test_Mau\archive\Kvasir-SEG\Kvasir-SEG\images\cju6x35ervu2808015c7eoqe4.jpg,C:\LeDucLuong\HK VII\LuanCuNhan\DeepLearning\Test_Mau\archive\Kvasir-SEG\Kvasir-SEG\masks\cju6x35ervu2808015c7eoqe4.jpg,train/images/cju6x35ervu2808015c7eoqe4.jpg,train/masks_original/cju6x35ervu2808015c7eoqe4.jpg,train/masks_binary/cju6x35ervu2808015c7eoqe4.png,4f03879f5faf6ec64749adcac6e2b6b5ca6f089194689083d17f7a5add6e8bcb,b0098fe13dd6c7ede9d46ca50d4e1082fb99343e4d7e056fcb0b1a9f04b08a2b
train,cju6x4t13vyw60755gtcf9ndu,C:\LeDucLuong\HK VII\LuanCuNhan\DeepLearning\Test_Mau\archive\Kvasir-SEG\Kvasir-SEG\images\cju6x4t13vyw60755gtcf9ndu.jpg,C:\LeDucLuong\HK VII\LuanCuNhan\DeepLearning\Test_Mau\archive\Kvasir-SEG\Kvasir-SEG\masks\cju6x4t13vyw60755gtcf9ndu.jpg,train/images/cju6x4t13vyw60755gtcf9ndu.jpg,train/masks_original/cju6x4t13vyw60755gtcf9ndu.jpg,train/masks_binary/cju6x4t13vyw60755gtcf9ndu.png,d4a042ed8c88061021f54ceb7e6430b45e00915e7da3e89ee2ec11c385384ead,caced1090a56faf19d35fd96ecaaebef17cb6d1c5e62b458e8697f86aa7942ed
train,cju6x97w4vwua0850x0997r0a,C:\LeDucLuong\HK VII\LuanCuNhan\DeepLearning\Test_Mau\archive\Kvasir-SEG\Kvasir-SEG\images\cju6x97w4vwua0850x0997r0a.jpg,C:\LeDucLuong\HK VII\LuanCuNhan\DeepLearning\Test_Mau\archive\Kvasir-SEG\Kvasir-SEG\masks\cju6x97w4vwua0850x0997r0a.jpg,train/images/cju6x97w4vwua0850x0997r0a.jpg,train/masks_original/cju6x97w4vwua0850x0997r0a.jpg,train/masks_binary/cju6x97w4vwua0850x0997r0a.png,03c0e1711d892d9b527210e254e89b959ccf79e6d129b4010fcfea51e55b2a2e,2fdb06770fec32bff9e83012e1687d2f05255266b76c254b46b94b788b94b878
train,cju6xa0qmvzun0818xjukgncj,C:\LeDucLuong\HK VII\LuanCuNhan\DeepLearning\Test_Mau\archive\Kvasir-SEG\Kvasir-SEG\images\cju6xa0qmvzun0818xjukgncj.jpg,C:\LeDucLuong\HK VII\LuanCuNhan\DeepLearning\Test_Mau\archive\Kvasir-SEG\Kvasir-SEG\masks\cju6xa0qmvzun0818xjukgncj.jpg,train/images/cju6xa0qmvzun0818xjukgncj.jpg,train/masks_original/cju6xa0qmvzun0818xjukgncj.jpg,train/masks_binary/cju6xa0qmvzun0818xjukgncj.png,ba34373af5a58bfa70d33e740e6e01df60e6cfd3105f7ec8564e8dd6944e87a0,857395780580489b57f99aeb281476c3eec178ce9eaf9c618199a771478ca404
train,cju6xifswvwbo0987nibtdr50,C:\LeDucLuong\HK VII\LuanCuNhan\DeepLearning\Test_Mau\archive\Kvasir-SEG\Kvasir-SEG\images\cju6xifswvwbo0987nibtdr50.jpg,C:\LeDucLuong\HK VII\LuanCuNhan\DeepLearning\Test_Mau\archive\Kvasir-SEG\Kvasir-SEG\masks\cju6xifswvwbo0987nibtdr50.jpg,train/images/cju6xifswvwbo0987nibtdr50.jpg,train/masks_original/cju6xifswvwbo0987nibtdr50.jpg,train/masks_binary/cju6xifswvwbo0987nibtdr50.png,a9f1e2855e808ff0185d7239a3f95f10d6284b255cb6e625c72ed105ae9db324,bd7bb777a358e0a97723c5fbc441f64a86f71100223c3be7d0264aa648a07d0a
train,cju6xlygpw7bs0818n691jsq4,C:\LeDucLuong\HK VII\LuanCuNhan\DeepLearning\Test_Mau\archive\Kvasir-SEG\Kvasir-SEG\images\cju6xlygpw7bs0818n691jsq4.jpg,C:\LeDucLuong\HK VII\LuanCuNhan\DeepLearning\Test_Mau\archive\Kvasir-SEG\Kvasir-SEG\masks\cju6xlygpw7bs0818n691jsq4.jpg,train/images/cju6xlygpw7bs0818n691jsq4.jpg,train/masks_original/cju6xlygpw7bs0818n691jsq4.jpg,train/masks_binary/cju6xlygpw7bs0818n691jsq4.png,b1f7f012d43dcc3b7f1e10923d682cecbf60256b84dede662a2cdbaeccf48b46,be1ec50c767ddad742e9a92f4161295d84152a6517f347b845af85607d71d76a
train,cju6xmqd9w0250817l5kxfnsk,C:\LeDucLuong\HK VII\LuanCuNhan\DeepLearning\Test_Mau\archive\Kvasir-SEG\Kvasir-SEG\images\cju6xmqd9w0250817l5kxfnsk.jpg,C:\LeDucLuong\HK VII\LuanCuNhan\DeepLearning\Test_Mau\archive\Kvasir-SEG\Kvasir-SEG\masks\cju6xmqd9w0250817l5kxfnsk.jpg,train/images/cju6xmqd9w0250817l5kxfnsk.jpg,train/masks_original/cju6xmqd9w0250817l5kxfnsk.jpg,train/masks_binary/cju6xmqd9w0250817l5kxfnsk.png,8989c98d12ac9f6114eefbe0b61908dd995218280d017601d2b2e20cb04ef1f7,1302ee862d32ab83b942a2cc02b6610a432155a325b65f9687b6267a237020db
train,cju6ywm40wdbo0987pbftsvtg,C:\LeDucLuong\HK VII\LuanCuNhan\DeepLearning\Test_Mau\archive\Kvasir-SEG\Kvasir-SEG\images\cju6ywm40wdbo0987pbftsvtg.jpg,C:\LeDucLuong\HK VII\LuanCuNhan\DeepLearning\Test_Mau\archive\Kvasir-SEG\Kvasir-SEG\masks\cju6ywm40wdbo0987pbftsvtg.jpg,train/images/cju6ywm40wdbo0987pbftsvtg.jpg,train/masks_original/cju6ywm40wdbo0987pbftsvtg.jpg,train/masks_binary/cju6ywm40wdbo0987pbftsvtg.png,4f803038cbb0d1f955e33705900e13a18fdc7811d25d53fbd61d777bb060f309,a6220bbb46353a9fc7b7e286b1b71e04262689e5d97ad1ea96d17272a22fdef8
train,cju6yxyt0wh080871sqpepu47,C:\LeDucLuong\HK VII\LuanCuNhan\DeepLearning\Test_Mau\archive\Kvasir-SEG\Kvasir-SEG\images\cju6yxyt0wh080871sqpepu47.jpg,C:\LeDucLuong\HK VII\LuanCuNhan\DeepLearning\Test_Mau\archive\Kvasir-SEG\Kvasir-SEG\masks\cju6yxyt0wh080871sqpepu47.jpg,train/images/cju6yxyt0wh080871sqpepu47.jpg,train/masks_original/cju6yxyt0wh080871sqpepu47.jpg,train/masks_binary/cju6yxyt0wh080871sqpepu47.png,c532b7d0668ef47d76af7746499687db5a36ff3bfc83e1c101c708df8e90169d,231ae9e306f203f7cc41f329cdf1c970bc46d0e4fab8cf82be5634d0da7b5890
train,cju6yywx1whbb0871ksgfgf9f,C:\LeDucLuong\HK VII\LuanCuNhan\DeepLearning\Test_Mau\archive\Kvasir-SEG\Kvasir-SEG\images\cju6yywx1whbb0871ksgfgf9f.jpg,C:\LeDucLuong\HK VII\LuanCuNhan\DeepLearning\Test_Mau\archive\Kvasir-SEG\Kvasir-SEG\masks\cju6yywx1whbb0871ksgfgf9f.jpg,train/images/cju6yywx1whbb0871ksgfgf9f.jpg,train/masks_original/cju6yywx1whbb0871ksgfgf9f.jpg,train/masks_binary/cju6yywx1whbb0871ksgfgf9f.png,5345f572eabc07e9e3148bebc85c9f22fb05c0bbf7d0f58638e0cc2b740efca2,f2f6cdb8d61f8e5a1297f9f7b7f3ae8bf8c437525f43364c052fe3a91367467f
train,cju6z1bzbwfq50817b2alatvr,C:\LeDucLuong\HK VII\LuanCuNhan\DeepLearning\Test_Mau\archive\Kvasir-SEG\Kvasir-SEG\images\cju6z1bzbwfq50817b2alatvr.jpg,C:\LeDucLuong\HK VII\LuanCuNhan\DeepLearning\Test_Mau\archive\Kvasir-SEG\Kvasir-SEG\masks\cju6z1bzbwfq50817b2alatvr.jpg,train/images/cju6z1bzbwfq50817b2alatvr.jpg,train/masks_original/cju6z1bzbwfq50817b2alatvr.jpg,train/masks_binary/cju6z1bzbwfq50817b2alatvr.png,cb02dce3a1d2bedef95a26d54572eac97aefa0faac47d5a409aa9dbc5406ff60,40200069863a08d323aa7a2dc463a0a16781161bfc778c7d64ae9115eefa8fe8
train,cju6z2616wqbk07555bvnuyr1,C:\LeDucLuong\HK VII\LuanCuNhan\DeepLearning\Test_Mau\archive\Kvasir-SEG\Kvasir-SEG\images\cju6z2616wqbk07555bvnuyr1.jpg,C:\LeDucLuong\HK VII\LuanCuNhan\DeepLearning\Test_Mau\archive\Kvasir-SEG\Kvasir-SEG\masks\cju6z2616wqbk07555bvnuyr1.jpg,train/images/cju6z2616wqbk07555bvnuyr1.jpg,train/masks_original/cju6z2616wqbk07555bvnuyr1.jpg,train/masks_binary/cju6z2616wqbk07555bvnuyr1.png,bf8efbad0f2b41970dad1ef13366b25465fa3de9c59d8a820bfdea46490b9551,7c50d5089a12b350576c3821749c0bf39c19b70a93d3452f3926207e11664721
train,cju6z600qwh4z081700qimgl9,C:\LeDucLuong\HK VII\LuanCuNhan\DeepLearning\Test_Mau\archive\Kvasir-SEG\Kvasir-SEG\images\cju6z600qwh4z081700qimgl9.jpg,C:\LeDucLuong\HK VII\LuanCuNhan\DeepLearning\Test_Mau\archive\Kvasir-SEG\Kvasir-SEG\masks\cju6z600qwh4z081700qimgl9.jpg,train/images/cju6z600qwh4z081700qimgl9.jpg,train/masks_original/cju6z600qwh4z081700qimgl9.jpg,train/masks_binary/cju6z600qwh4z081700qimgl9.png,ea43ac02a08bde027583277c0fdfad066d049384e081eccf9b553472c2614860,44b20fc13e429324ea0001eb512c17e3a89b3c4942624f67b8ca9d4d71459843
train,cju6z7e4bwgdd0987ogkzq9kt,C:\LeDucLuong\HK VII\LuanCuNhan\DeepLearning\Test_Mau\archive\Kvasir-SEG\Kvasir-SEG\images\cju6z7e4bwgdd0987ogkzq9kt.jpg,C:\LeDucLuong\HK VII\LuanCuNhan\DeepLearning\Test_Mau\archive\Kvasir-SEG\Kvasir-SEG\masks\cju6z7e4bwgdd0987ogkzq9kt.jpg,train/images/cju6z7e4bwgdd0987ogkzq9kt.jpg,train/masks_original/cju6z7e4bwgdd0987ogkzq9kt.jpg,train/masks_binary/cju6z7e4bwgdd0987ogkzq9kt.png,3fa0ee51f8a5a0d22bf6f3c15c0fcbdcbed8297a8ecfba370e62a9278e7965f4,6c626bd57f30b0163112762665a54f3e943c3fa630158b7a3d7966bc734b2bde
train,cju6z9a9kwsl007552s49rx6i,C:\LeDucLuong\HK VII\LuanCuNhan\DeepLearning\Test_Mau\archive\Kvasir-SEG\Kvasir-SEG\images\cju6z9a9kwsl007552s49rx6i.jpg,C:\LeDucLuong\HK VII\LuanCuNhan\DeepLearning\Test_Mau\archive\Kvasir-SEG\Kvasir-SEG\masks\cju6z9a9kwsl007552s49rx6i.jpg,train/images/cju6z9a9kwsl007552s49rx6i.jpg,train/masks_original/cju6z9a9kwsl007552s49rx6i.jpg,train/masks_binary/cju6z9a9kwsl007552s49rx6i.png,572a77f78ca0cb06bbd1bc6f9c617b5f4680557a43b95899e25c43b7d86245c4,ff94effc1521aec0854cccf489c7cf517b9e4cc528ae06ca2a9083b86f4e30c1
train,cju76erapykj30871x5eaxh4q,C:\LeDucLuong\HK VII\LuanCuNhan\DeepLearning\Test_Mau\archive\Kvasir-SEG\Kvasir-SEG\images\cju76erapykj30871x5eaxh4q.jpg,C:\LeDucLuong\HK VII\LuanCuNhan\DeepLearning\Test_Mau\archive\Kvasir-SEG\Kvasir-SEG\masks\cju76erapykj30871x5eaxh4q.jpg,train/images/cju76erapykj30871x5eaxh4q.jpg,train/masks_original/cju76erapykj30871x5eaxh4q.jpg,train/masks_binary/cju76erapykj30871x5eaxh4q.png,752cd0f4b954cc9507861c9b06981b030413ca439c5e65d23c07f8596b04cd42,1000d2f4cbef5f7997d379e5654de0363aeaf256c0fe06155cae57be88cc9947
train,cju76l27oyrw907551ri2a7fl,C:\LeDucLuong\HK VII\LuanCuNhan\DeepLearning\Test_Mau\archive\Kvasir-SEG\Kvasir-SEG\images\cju76l27oyrw907551ri2a7fl.jpg,C:\LeDucLuong\HK VII\LuanCuNhan\DeepLearning\Test_Mau\archive\Kvasir-SEG\Kvasir-SEG\masks\cju76l27oyrw907551ri2a7fl.jpg,train/images/cju76l27oyrw907551ri2a7fl.jpg,train/masks_original/cju76l27oyrw907551ri2a7fl.jpg,train/masks_binary/cju76l27oyrw907551ri2a7fl.png,26769005ebdb699d1b54d387e767a78cda15bb78add1b1c6174d54436289877f,7603d2eb8b9db9d11e9dec05e7c993f1ca6744b914cd003b7409450610edd1a7
train,cju76lsehyia10987u54vn8rb,C:\LeDucLuong\HK VII\LuanCuNhan\DeepLearning\Test_Mau\archive\Kvasir-SEG\Kvasir-SEG\images\cju76lsehyia10987u54vn8rb.jpg,C:\LeDucLuong\HK VII\LuanCuNhan\DeepLearning\Test_Mau\archive\Kvasir-SEG\Kvasir-SEG\masks\cju76lsehyia10987u54vn8rb.jpg,train/images/cju76lsehyia10987u54vn8rb.jpg,train/masks_original/cju76lsehyia10987u54vn8rb.jpg,train/masks_binary/cju76lsehyia10987u54vn8rb.png,4a30810f5f7009a54a6023bc0f28601eb16f71f4b62a6ceef069a091b0a2e4d2,257cd65a7d3f74ec0c9411ab950477e1ef526f4fab0989672140d3eca0fe70ff
train,cju76o55nymqd0871h31sph9w,C:\LeDucLuong\HK VII\LuanCuNhan\DeepLearning\Test_Mau\archive\Kvasir-SEG\Kvasir-SEG\images\cju76o55nymqd0871h31sph9w.jpg,C:\LeDucLuong\HK VII\LuanCuNhan\DeepLearning\Test_Mau\archive\Kvasir-SEG\Kvasir-SEG\masks\cju76o55nymqd0871h31sph9w.jpg,train/images/cju76o55nymqd0871h31sph9w.jpg,train/masks_original/cju76o55nymqd0871h31sph9w.jpg,train/masks_binary/cju76o55nymqd0871h31sph9w.png,1c8cf4276ba75f123ff7e055c27144c6636f97d50d47f66d667e8210bec973d7,09f2cc90f85fb3b582770ad3f9f3bcb06ac6ce4776ff56e6c5bd4c013c14847b
train,cju77196iyshb0850ycbto50a,C:\LeDucLuong\HK VII\LuanCuNhan\DeepLearning\Test_Mau\archive\Kvasir-SEG\Kvasir-SEG\images\cju77196iyshb0850ycbto50a.jpg,C:\LeDucLuong\HK VII\LuanCuNhan\DeepLearning\Test_Mau\archive\Kvasir-SEG\Kvasir-SEG\masks\cju77196iyshb0850ycbto50a.jpg,train/images/cju77196iyshb0850ycbto50a.jpg,train/masks_original/cju77196iyshb0850ycbto50a.jpg,train/masks_binary/cju77196iyshb0850ycbto50a.png,971bd8f8e898fc29427e18d33a958e9170748c53680a09bd264599699eabaf11,3a30a18b67e063b54e9ae815c43e5f731026e64da0888b40d83177431f7047c0
train,cju772304yw5t0818vbw8kkjf,C:\LeDucLuong\HK VII\LuanCuNhan\DeepLearning\Test_Mau\archive\Kvasir-SEG\Kvasir-SEG\images\cju772304yw5t0818vbw8kkjf.jpg,C:\LeDucLuong\HK VII\LuanCuNhan\DeepLearning\Test_Mau\archive\Kvasir-SEG\Kvasir-SEG\masks\cju772304yw5t0818vbw8kkjf.jpg,train/images/cju772304yw5t0818vbw8kkjf.jpg,train/masks_original/cju772304yw5t0818vbw8kkjf.jpg,train/masks_binary/cju772304yw5t0818vbw8kkjf.png,6bca4183fe9e4db7ad0f09fcab458d7f7a1a24fb4b4e5ebd6a3cb6fee674db28,3def1b740a6790f4b3543c407f339bef1c7bcdf63362f19dbd7a11cd1550c34d
train,cju773hsyyosz0817pk1e7sjq,C:\LeDucLuong\HK VII\LuanCuNhan\DeepLearning\Test_Mau\archive\Kvasir-SEG\Kvasir-SEG\images\cju773hsyyosz0817pk1e7sjq.jpg,C:\LeDucLuong\HK VII\LuanCuNhan\DeepLearning\Test_Mau\archive\Kvasir-SEG\Kvasir-SEG\masks\cju773hsyyosz0817pk1e7sjq.jpg,train/images/cju773hsyyosz0817pk1e7sjq.jpg,train/masks_original/cju773hsyyosz0817pk1e7sjq.jpg,train/masks_binary/cju773hsyyosz0817pk1e7sjq.png,7bc0092c7c5060bb63987e82261a53f04edd58d168bba42faa1e26f00ea6c47e,15b98cffd7fa2bef21006224193b89c0d57aa9c831a321024625da6e4efb492e
train,cju774fmayxif0818u2g79usw,C:\LeDucLuong\HK VII\LuanCuNhan\DeepLearning\Test_Mau\archive\Kvasir-SEG\Kvasir-SEG\images\cju774fmayxif0818u2g79usw.jpg,C:\LeDucLuong\HK VII\LuanCuNhan\DeepLearning\Test_Mau\archive\Kvasir-SEG\Kvasir-SEG\masks\cju774fmayxif0818u2g79usw.jpg,train/images/cju774fmayxif0818u2g79usw.jpg,train/masks_original/cju774fmayxif0818u2g79usw.jpg,train/masks_binary/cju774fmayxif0818u2g79usw.png,e9efd909df2605047406819af48ee0ddcf1299e2cbbe1a6cffeeca5eda3222b2,b1d05653f16110299b9dfab7d3537435327b3f2c8802d6c993a85b717bf63b96
train,cju7787c5yy3l080159mwqsnj,C:\LeDucLuong\HK VII\LuanCuNhan\DeepLearning\Test_Mau\archive\Kvasir-SEG\Kvasir-SEG\images\cju7787c5yy3l080159mwqsnj.jpg,C:\LeDucLuong\HK VII\LuanCuNhan\DeepLearning\Test_Mau\archive\Kvasir-SEG\Kvasir-SEG\masks\cju7787c5yy3l080159mwqsnj.jpg,train/images/cju7787c5yy3l080159mwqsnj.jpg,train/masks_original/cju7787c5yy3l080159mwqsnj.jpg,train/masks_binary/cju7787c5yy3l080159mwqsnj.png,c4e4284df4ff879f17669d4109a7b4e3c7fa976baa3db595dff43d6b770f3064,f6b1ed10f6601dc692a4211434aa01577f631493da5de5b24d0805d15da468e4
train,cju77afzlz3kp07550x5nafzs,C:\LeDucLuong\HK VII\LuanCuNhan\DeepLearning\Test_Mau\archive\Kvasir-SEG\Kvasir-SEG\images\cju77afzlz3kp07550x5nafzs.jpg,C:\LeDucLuong\HK VII\LuanCuNhan\DeepLearning\Test_Mau\archive\Kvasir-SEG\Kvasir-SEG\masks\cju77afzlz3kp07550x5nafzs.jpg,train/images/cju77afzlz3kp07550x5nafzs.jpg,train/masks_original/cju77afzlz3kp07550x5nafzs.jpg,train/masks_binary/cju77afzlz3kp07550x5nafzs.png,83e7389ba19c6812bfab85836ffddf7c23a3bc8aced1e6ae83eea31e5c280334,d5cffc9ed7e673715cc44e8b14a53ebee372234e0de77dae792ec4a49771635d
train,cju77b3wyz4160755qis4ljsb,C:\LeDucLuong\HK VII\LuanCuNhan\DeepLearning\Test_Mau\archive\Kvasir-SEG\Kvasir-SEG\images\cju77b3wyz4160755qis4ljsb.jpg,C:\LeDucLuong\HK VII\LuanCuNhan\DeepLearning\Test_Mau\archive\Kvasir-SEG\Kvasir-SEG\masks\cju77b3wyz4160755qis4ljsb.jpg,train/images/cju77b3wyz4160755qis4ljsb.jpg,train/masks_original/cju77b3wyz4160755qis4ljsb.jpg,train/masks_binary/cju77b3wyz4160755qis4ljsb.png,8a00c1375f9eee11c7ce83cd3308ea2a340faa436a6e54edb14bebb4bfbf469f,9e21a331959182e11677260e3b82d61c728155d2c0333b6bc37885f0b3bd1749
train,cju77bvg0yv4r0987yh60xmjo,C:\LeDucLuong\HK VII\LuanCuNhan\DeepLearning\Test_Mau\archive\Kvasir-SEG\Kvasir-SEG\images\cju77bvg0yv4r0987yh60xmjo.jpg,C:\LeDucLuong\HK VII\LuanCuNhan\DeepLearning\Test_Mau\archive\Kvasir-SEG\Kvasir-SEG\masks\cju77bvg0yv4r0987yh60xmjo.jpg,train/images/cju77bvg0yv4r0987yh60xmjo.jpg,train/masks_original/cju77bvg0yv4r0987yh60xmjo.jpg,train/masks_binary/cju77bvg0yv4r0987yh60xmjo.png,b68b7cdb808802a6825b1f1a209639e189611f53d219b375e7e2e989cb567570,2598fd5777361f23a9b4f3423d891bb4399e4581f5ecbe7890eec79ab2c9b897
train,cju77g99iyxc00817zqi2ppor,C:\LeDucLuong\HK VII\LuanCuNhan\DeepLearning\Test_Mau\archive\Kvasir-SEG\Kvasir-SEG\images\cju77g99iyxc00817zqi2ppor.jpg,C:\LeDucLuong\HK VII\LuanCuNhan\DeepLearning\Test_Mau\archive\Kvasir-SEG\Kvasir-SEG\masks\cju77g99iyxc00817zqi2ppor.jpg,train/images/cju77g99iyxc00817zqi2ppor.jpg,train/masks_original/cju77g99iyxc00817zqi2ppor.jpg,train/masks_binary/cju77g99iyxc00817zqi2ppor.png,8dd7bdf2358fbfef0e1c3dd86f9ed8b10a283a23f1884dff346492fbbf7bb27e,7e05ffafdf0bed5636b1547006afc005de6793a31d6dc50ae1493b824c9b9ba4
train,cju77idwfz36d0871tzfzz51i,C:\LeDucLuong\HK VII\LuanCuNhan\DeepLearning\Test_Mau\archive\Kvasir-SEG\Kvasir-SEG\images\cju77idwfz36d0871tzfzz51i.jpg,C:\LeDucLuong\HK VII\LuanCuNhan\DeepLearning\Test_Mau\archive\Kvasir-SEG\Kvasir-SEG\masks\cju77idwfz36d0871tzfzz51i.jpg,train/images/cju77idwfz36d0871tzfzz51i.jpg,train/masks_original/cju77idwfz36d0871tzfzz51i.jpg,train/masks_binary/cju77idwfz36d0871tzfzz51i.png,a98579313fd57e32094240fad9ff711fd007f7c05d6366b01b1e361df7ad52ac,bc4c7b1316705abf039685bc6d17415ab0ee75843e1624e5c0b24e4b754df6cf
train,cju77j66ez52p08019xygi0co,C:\LeDucLuong\HK VII\LuanCuNhan\DeepLearning\Test_Mau\archive\Kvasir-SEG\Kvasir-SEG\images\cju77j66ez52p08019xygi0co.jpg,C:\LeDucLuong\HK VII\LuanCuNhan\DeepLearning\Test_Mau\archive\Kvasir-SEG\Kvasir-SEG\masks\cju77j66ez52p08019xygi0co.jpg,train/images/cju77j66ez52p08019xygi0co.jpg,train/masks_original/cju77j66ez52p08019xygi0co.jpg,train/masks_binary/cju77j66ez52p08019xygi0co.png,92ab789ae97734595d1727bd98dc8dfc25d37905707578d3d762592e84f3f245,7c90123fc264e6a54eb1ed2b13fc31bf92a1ef0e08d96d8f796454a5d78c70e5
train,cju77k828z46w0871r0avuoo9,C:\LeDucLuong\HK VII\LuanCuNhan\DeepLearning\Test_Mau\archive\Kvasir-SEG\Kvasir-SEG\images\cju77k828z46w0871r0avuoo9.jpg,C:\LeDucLuong\HK VII\LuanCuNhan\DeepLearning\Test_Mau\archive\Kvasir-SEG\Kvasir-SEG\masks\cju77k828z46w0871r0avuoo9.jpg,train/images/cju77k828z46w0871r0avuoo9.jpg,train/masks_original/cju77k828z46w0871r0avuoo9.jpg,train/masks_binary/cju77k828z46w0871r0avuoo9.png,3ec69405d14aa8255af00840b000a71b02f7b9d0f04d475edf2558c66dba1565,fc9f7ead0b6ab7c484c2781aff1e6331e9bbd0381491adcbe5a4d78d1296355e
train,cju77q10sz9ug0801449wu1nu,C:\LeDucLuong\HK VII\LuanCuNhan\DeepLearning\Test_Mau\archive\Kvasir-SEG\Kvasir-SEG\images\cju77q10sz9ug0801449wu1nu.jpg,C:\LeDucLuong\HK VII\LuanCuNhan\DeepLearning\Test_Mau\archive\Kvasir-SEG\Kvasir-SEG\masks\cju77q10sz9ug0801449wu1nu.jpg,train/images/cju77q10sz9ug0801449wu1nu.jpg,train/masks_original/cju77q10sz9ug0801449wu1nu.jpg,train/masks_binary/cju77q10sz9ug0801449wu1nu.png,77a4886e3fffc4b79e065d873621084ce7fc688e12ab105232236b7510331c1d,1378d3b7f6342b96a081bbf5c8d6bf391098b079eaccdd677e22a0190c7f3e97
train,cju77re6fz5bb0817vp9redjg,C:\LeDucLuong\HK VII\LuanCuNhan\DeepLearning\Test_Mau\archive\Kvasir-SEG\Kvasir-SEG\images\cju77re6fz5bb0817vp9redjg.jpg,C:\LeDucLuong\HK VII\LuanCuNhan\DeepLearning\Test_Mau\archive\Kvasir-SEG\Kvasir-SEG\masks\cju77re6fz5bb0817vp9redjg.jpg,train/images/cju77re6fz5bb0817vp9redjg.jpg,train/masks_original/cju77re6fz5bb0817vp9redjg.jpg,train/masks_binary/cju77re6fz5bb0817vp9redjg.png,ff6969e5d321e2168fccc36dfc8ef07619df8d0dda2bcfec3d9a7759368d5e25,1155e9bdea6d6cc78e87642fdcf69108bea293adf12f4a9edc7c2752b8cb66a5
train,cju77t0razbvm080106o56289,C:\LeDucLuong\HK VII\LuanCuNhan\DeepLearning\Test_Mau\archive\Kvasir-SEG\Kvasir-SEG\images\cju77t0razbvm080106o56289.jpg,C:\LeDucLuong\HK VII\LuanCuNhan\DeepLearning\Test_Mau\archive\Kvasir-SEG\Kvasir-SEG\masks\cju77t0razbvm080106o56289.jpg,train/images/cju77t0razbvm080106o56289.jpg,train/masks_original/cju77t0razbvm080106o56289.jpg,train/masks_binary/cju77t0razbvm080106o56289.png,c53602c5f918fd8a87f47654b1aef8080c82294f418ef5b073b153d03c3ba950,998f259a8a5a2dc72cdc6488c8be726eae7841b7da11f01f3084146963c98f0c
train,cju77u1sjz77b0817ft44r3fk,C:\LeDucLuong\HK VII\LuanCuNhan\DeepLearning\Test_Mau\archive\Kvasir-SEG\Kvasir-SEG\images\cju77u1sjz77b0817ft44r3fk.jpg,C:\LeDucLuong\HK VII\LuanCuNhan\DeepLearning\Test_Mau\archive\Kvasir-SEG\Kvasir-SEG\masks\cju77u1sjz77b0817ft44r3fk.jpg,train/images/cju77u1sjz77b0817ft44r3fk.jpg,train/masks_original/cju77u1sjz77b0817ft44r3fk.jpg,train/masks_binary/cju77u1sjz77b0817ft44r3fk.png,75c79824f01330e3229604e6c179cb4e898e194c620a48d8832bf7cf77703149,63b8d5646fdb741cde286eb6999b86843e27d8161393fa0588c61ce30dc094d8
train,cju77vvcwzcm50850lzoykuva,C:\LeDucLuong\HK VII\LuanCuNhan\DeepLearning\Test_Mau\archive\Kvasir-SEG\Kvasir-SEG\images\cju77vvcwzcm50850lzoykuva.jpg,C:\LeDucLuong\HK VII\LuanCuNhan\DeepLearning\Test_Mau\archive\Kvasir-SEG\Kvasir-SEG\masks\cju77vvcwzcm50850lzoykuva.jpg,train/images/cju77vvcwzcm50850lzoykuva.jpg,train/masks_original/cju77vvcwzcm50850lzoykuva.jpg,train/masks_binary/cju77vvcwzcm50850lzoykuva.png,e4e22d0827541d9ce1c104015031c1d9a88004dfae8211fa6e2f4f6945b15c66,a81f7a915188cd96a701e35c9066b4779179b660d2bf58703ed1375938b3a5f5
train,cju783tmkzkqu081803g7q5vk,C:\LeDucLuong\HK VII\LuanCuNhan\DeepLearning\Test_Mau\archive\Kvasir-SEG\Kvasir-SEG\images\cju783tmkzkqu081803g7q5vk.jpg,C:\LeDucLuong\HK VII\LuanCuNhan\DeepLearning\Test_Mau\archive\Kvasir-SEG\Kvasir-SEG\masks\cju783tmkzkqu081803g7q5vk.jpg,train/images/cju783tmkzkqu081803g7q5vk.jpg,train/masks_original/cju783tmkzkqu081803g7q5vk.jpg,train/masks_binary/cju783tmkzkqu081803g7q5vk.png,db87cb8c0d57b4ddd7975336047064edf9f65cebbac10c1391557e4250bf453c,9c043880caad2ed54ca07588e45d90d84e54d59eb550407f7aece7409391856f
train,cju784jpdzeae0987q5ypq883,C:\LeDucLuong\HK VII\LuanCuNhan\DeepLearning\Test_Mau\archive\Kvasir-SEG\Kvasir-SEG\images\cju784jpdzeae0987q5ypq883.jpg,C:\LeDucLuong\HK VII\LuanCuNhan\DeepLearning\Test_Mau\archive\Kvasir-SEG\Kvasir-SEG\masks\cju784jpdzeae0987q5ypq883.jpg,train/images/cju784jpdzeae0987q5ypq883.jpg,train/masks_original/cju784jpdzeae0987q5ypq883.jpg,train/masks_binary/cju784jpdzeae0987q5ypq883.png,072498a7f213df4acd8f43d5980a51f1b3987a64cdf74d192d73b0e496b6910d,80351ed94d98ccdb4eb1801ca800c51c0295b926a3fc9b9eb0c1a0b2fe63b48b
train,cju785htizjzo08017tvlhtg4,C:\LeDucLuong\HK VII\LuanCuNhan\DeepLearning\Test_Mau\archive\Kvasir-SEG\Kvasir-SEG\images\cju785htizjzo08017tvlhtg4.jpg,C:\LeDucLuong\HK VII\LuanCuNhan\DeepLearning\Test_Mau\archive\Kvasir-SEG\Kvasir-SEG\masks\cju785htizjzo08017tvlhtg4.jpg,train/images/cju785htizjzo08017tvlhtg4.jpg,train/masks_original/cju785htizjzo08017tvlhtg4.jpg,train/masks_binary/cju785htizjzo08017tvlhtg4.png,eb2c946197f501e9d76489b61009d4fd761e3493c0c0f9c7682e2287de058e26,d0c1223583846b21bef6dda614ec9a96522b0438b9fc4e9e048f5811bcac6958
train,cju787jnjzjuj0871p94nck9g,C:\LeDucLuong\HK VII\LuanCuNhan\DeepLearning\Test_Mau\archive\Kvasir-SEG\Kvasir-SEG\images\cju787jnjzjuj0871p94nck9g.jpg,C:\LeDucLuong\HK VII\LuanCuNhan\DeepLearning\Test_Mau\archive\Kvasir-SEG\Kvasir-SEG\masks\cju787jnjzjuj0871p94nck9g.jpg,train/images/cju787jnjzjuj0871p94nck9g.jpg,train/masks_original/cju787jnjzjuj0871p94nck9g.jpg,train/masks_binary/cju787jnjzjuj0871p94nck9g.png,496b13ba7b43d52317ef452b6bfb907c8f988266965b6cca0d64fcb863151d3d,018a1b29e691b9dc964d3eb47c1ab64fb571e261745f2d48e170377a65b65005
train,cju7adqyj1jcx08712r1ro5gx,C:\LeDucLuong\HK VII\LuanCuNhan\DeepLearning\Test_Mau\archive\Kvasir-SEG\Kvasir-SEG\images\cju7adqyj1jcx08712r1ro5gx.jpg,C:\LeDucLuong\HK VII\LuanCuNhan\DeepLearning\Test_Mau\archive\Kvasir-SEG\Kvasir-SEG\masks\cju7adqyj1jcx08712r1ro5gx.jpg,train/images/cju7adqyj1jcx08712r1ro5gx.jpg,train/masks_original/cju7adqyj1jcx08712r1ro5gx.jpg,train/masks_binary/cju7adqyj1jcx08712r1ro5gx.png,7a36db60658e8e07206235f675cfe634f08de3abd5bfb8bbf418216b58fabb7b,512664bc46a5ae3b9520563b67d7bd77d4c84b6fa6d35bd23c6406f10ec5ce3e
train,cju7ae7bq1f820987toc8si1d,C:\LeDucLuong\HK VII\LuanCuNhan\DeepLearning\Test_Mau\archive\Kvasir-SEG\Kvasir-SEG\images\cju7ae7bq1f820987toc8si1d.jpg,C:\LeDucLuong\HK VII\LuanCuNhan\DeepLearning\Test_Mau\archive\Kvasir-SEG\Kvasir-SEG\masks\cju7ae7bq1f820987toc8si1d.jpg,train/images/cju7ae7bq1f820987toc8si1d.jpg,train/masks_original/cju7ae7bq1f820987toc8si1d.jpg,train/masks_binary/cju7ae7bq1f820987toc8si1d.png,5a1abec3008c7c479f916edacdf52d7ad332b38eb6c713e54813ed39daef4869,0fee89b2290b4d06666f299de739c3f998c04f93c426a397a8812e3c6ac989db
train,cju7aez2x1jtj0871ztezs3oi,C:\LeDucLuong\HK VII\LuanCuNhan\DeepLearning\Test_Mau\archive\Kvasir-SEG\Kvasir-SEG\images\cju7aez2x1jtj0871ztezs3oi.jpg,C:\LeDucLuong\HK VII\LuanCuNhan\DeepLearning\Test_Mau\archive\Kvasir-SEG\Kvasir-SEG\masks\cju7aez2x1jtj0871ztezs3oi.jpg,train/images/cju7aez2x1jtj0871ztezs3oi.jpg,train/masks_original/cju7aez2x1jtj0871ztezs3oi.jpg,train/masks_binary/cju7aez2x1jtj0871ztezs3oi.png,af54d24e32c56fc35c3fe481858040b1a40e3722d7d5d52693413dd43b9e4b3d,92f967e0e0260d3bca1fc97e39f6c9307e20d53eb0bdde763769debe233a6f8d
train,cju7afqon1ip40850ue2308b6,C:\LeDucLuong\HK VII\LuanCuNhan\DeepLearning\Test_Mau\archive\Kvasir-SEG\Kvasir-SEG\images\cju7afqon1ip40850ue2308b6.jpg,C:\LeDucLuong\HK VII\LuanCuNhan\DeepLearning\Test_Mau\archive\Kvasir-SEG\Kvasir-SEG\masks\cju7afqon1ip40850ue2308b6.jpg,train/images/cju7afqon1ip40850ue2308b6.jpg,train/masks_original/cju7afqon1ip40850ue2308b6.jpg,train/masks_binary/cju7afqon1ip40850ue2308b6.png,e1f7f09ccb970042609b4266df6cb14c7740e8b4e5c74b124a4f7e047c174a12,74181a028591969f244ecbdb2c719fa8d6a9f35d1cfd1efd814c8aadaffcb74a
train,cju7agj961l2r0818z29iq8yn,C:\LeDucLuong\HK VII\LuanCuNhan\DeepLearning\Test_Mau\archive\Kvasir-SEG\Kvasir-SEG\images\cju7agj961l2r0818z29iq8yn.jpg,C:\LeDucLuong\HK VII\LuanCuNhan\DeepLearning\Test_Mau\archive\Kvasir-SEG\Kvasir-SEG\masks\cju7agj961l2r0818z29iq8yn.jpg,train/images/cju7agj961l2r0818z29iq8yn.jpg,train/masks_original/cju7agj961l2r0818z29iq8yn.jpg,train/masks_binary/cju7agj961l2r0818z29iq8yn.png,4f821d55a5b229562b0f75f17cc11ed7882cd3f84f2e96da19f4fb49451cc1b9,7cf16649c735f15a13df1c7b66153346add6396b151521c0c355aeb031b6eb10
train,cju7ahtkb1jr90801jck4kbds,C:\LeDucLuong\HK VII\LuanCuNhan\DeepLearning\Test_Mau\archive\Kvasir-SEG\Kvasir-SEG\images\cju7ahtkb1jr90801jck4kbds.jpg,C:\LeDucLuong\HK VII\LuanCuNhan\DeepLearning\Test_Mau\archive\Kvasir-SEG\Kvasir-SEG\masks\cju7ahtkb1jr90801jck4kbds.jpg,train/images/cju7ahtkb1jr90801jck4kbds.jpg,train/masks_original/cju7ahtkb1jr90801jck4kbds.jpg,train/masks_binary/cju7ahtkb1jr90801jck4kbds.png,12b70fe572d7eadda3dc9c928874f44bbfebf03b3024b7722802d53a26aaa782,e78c8ed0f45c23360bf6098543d9dc20fffc4bffed8b035f3300b953684a7240
train,cju7aifyo1p3n07552nxjx51f,C:\LeDucLuong\HK VII\LuanCuNhan\DeepLearning\Test_Mau\archive\Kvasir-SEG\Kvasir-SEG\images\cju7aifyo1p3n07552nxjx51f.jpg,C:\LeDucLuong\HK VII\LuanCuNhan\DeepLearning\Test_Mau\archive\Kvasir-SEG\Kvasir-SEG\masks\cju7aifyo1p3n07552nxjx51f.jpg,train/images/cju7aifyo1p3n07552nxjx51f.jpg,train/masks_original/cju7aifyo1p3n07552nxjx51f.jpg,train/masks_binary/cju7aifyo1p3n07552nxjx51f.png,9b522acaf628e7d85106ed6ffb21a05aacaf5ffcaa3a2504d3c165d692bb39dd,fc4d17af13dad1c2dd43eba84ec5482a0dd124ed154c468b6fbe8941ea972271
train,cju7ajnbo1gvm098749rdouk0,C:\LeDucLuong\HK VII\LuanCuNhan\DeepLearning\Test_Mau\archive\Kvasir-SEG\Kvasir-SEG\images\cju7ajnbo1gvm098749rdouk0.jpg,C:\LeDucLuong\HK VII\LuanCuNhan\DeepLearning\Test_Mau\archive\Kvasir-SEG\Kvasir-SEG\masks\cju7ajnbo1gvm098749rdouk0.jpg,train/images/cju7ajnbo1gvm098749rdouk0.jpg,train/masks_original/cju7ajnbo1gvm098749rdouk0.jpg,train/masks_binary/cju7ajnbo1gvm098749rdouk0.png,d5587c7b4e06546123dff96c40da8ac2d127adb4eeb20003e8b86b2755685937,421b94afe2219bfcbf9fbb1d157a7caa7164db9329809aa81719e1ceae9d0b9c
train,cju7aklv31h4309871m29l4e7,C:\LeDucLuong\HK VII\LuanCuNhan\DeepLearning\Test_Mau\archive\Kvasir-SEG\Kvasir-SEG\images\cju7aklv31h4309871m29l4e7.jpg,C:\LeDucLuong\HK VII\LuanCuNhan\DeepLearning\Test_Mau\archive\Kvasir-SEG\Kvasir-SEG\masks\cju7aklv31h4309871m29l4e7.jpg,train/images/cju7aklv31h4309871m29l4e7.jpg,train/masks_original/cju7aklv31h4309871m29l4e7.jpg,train/masks_binary/cju7aklv31h4309871m29l4e7.png,5f7cb0a2363f82934c17831e3e88625efdb6c3574d1b7cd0744bcc11dd82df0d,edc20ebddbc10946b1cd87639d57fc1895b951104f4d79499c1cf12ab84c9e42
train,cju7alcgr1lsr0871riqk84z7,C:\LeDucLuong\HK VII\LuanCuNhan\DeepLearning\Test_Mau\archive\Kvasir-SEG\Kvasir-SEG\images\cju7alcgr1lsr0871riqk84z7.jpg,C:\LeDucLuong\HK VII\LuanCuNhan\DeepLearning\Test_Mau\archive\Kvasir-SEG\Kvasir-SEG\masks\cju7alcgr1lsr0871riqk84z7.jpg,train/images/cju7alcgr1lsr0871riqk84z7.jpg,train/masks_original/cju7alcgr1lsr0871riqk84z7.jpg,train/masks_binary/cju7alcgr1lsr0871riqk84z7.png,4296ac2981115ec2d273304f7a217e4a7964cddcf9bdad7253c7b3603ff1792b,67ee2453546606fe48f0b8bb54e094e86dbae33e19018f8307c40e42dcd14875
train,cju7amjna1ly40871ugiokehb,C:\LeDucLuong\HK VII\LuanCuNhan\DeepLearning\Test_Mau\archive\Kvasir-SEG\Kvasir-SEG\images\cju7amjna1ly40871ugiokehb.jpg,C:\LeDucLuong\HK VII\LuanCuNhan\DeepLearning\Test_Mau\archive\Kvasir-SEG\Kvasir-SEG\masks\cju7amjna1ly40871ugiokehb.jpg,train/images/cju7amjna1ly40871ugiokehb.jpg,train/masks_original/cju7amjna1ly40871ugiokehb.jpg,train/masks_binary/cju7amjna1ly40871ugiokehb.png,6903fec70f2a826c0fcd750eab3bd0f78b4e90c86e74dcd8c6af6bdc10631095,01cb9f4cd58334a01b82197de5542ea2bdf6b99e56a451b0386c59c7e0ac0725
train,cju7ap09p1kz10850ldccjebj,C:\LeDucLuong\HK VII\LuanCuNhan\DeepLearning\Test_Mau\archive\Kvasir-SEG\Kvasir-SEG\images\cju7ap09p1kz10850ldccjebj.jpg,C:\LeDucLuong\HK VII\LuanCuNhan\DeepLearning\Test_Mau\archive\Kvasir-SEG\Kvasir-SEG\masks\cju7ap09p1kz10850ldccjebj.jpg,train/images/cju7ap09p1kz10850ldccjebj.jpg,train/masks_original/cju7ap09p1kz10850ldccjebj.jpg,train/masks_binary/cju7ap09p1kz10850ldccjebj.png,e7d74d87bd1bba466153c6a1163dddb865f752e13cfbbb53a454b2824656a08c,d26670f4eae0f1423aeeff68314505cc72ad9eb2e4a1b920b26de696a7143cf5
train,cju7apr0c1qqm0755s7msqot4,C:\LeDucLuong\HK VII\LuanCuNhan\DeepLearning\Test_Mau\archive\Kvasir-SEG\Kvasir-SEG\images\cju7apr0c1qqm0755s7msqot4.jpg,C:\LeDucLuong\HK VII\LuanCuNhan\DeepLearning\Test_Mau\archive\Kvasir-SEG\Kvasir-SEG\masks\cju7apr0c1qqm0755s7msqot4.jpg,train/images/cju7apr0c1qqm0755s7msqot4.jpg,train/masks_original/cju7apr0c1qqm0755s7msqot4.jpg,train/masks_binary/cju7apr0c1qqm0755s7msqot4.png,76019f6f03c7e3912b46d655af2b2b88aeeeae5a7658bac47fbea13ca6c624f0,727b2496ab1e4dd2553d6be5d3152a85b0bc09ddd57dcc46a4f946653df94b3d
train,cju7aqkue1i2k09879uzcpt8r,C:\LeDucLuong\HK VII\LuanCuNhan\DeepLearning\Test_Mau\archive\Kvasir-SEG\Kvasir-SEG\images\cju7aqkue1i2k09879uzcpt8r.jpg,C:\LeDucLuong\HK VII\LuanCuNhan\DeepLearning\Test_Mau\archive\Kvasir-SEG\Kvasir-SEG\masks\cju7aqkue1i2k09879uzcpt8r.jpg,train/images/cju7aqkue1i2k09879uzcpt8r.jpg,train/masks_original/cju7aqkue1i2k09879uzcpt8r.jpg,train/masks_binary/cju7aqkue1i2k09879uzcpt8r.png,d6b9be909fd754074b0fcb6831dc218b47046d656077f0502612a385328b53dc,91bce5de287fa8984706e3056258eec69d17a2f0cebfe63db251767a3efa38d7
train,cju7arvfe1ldu0850erdmphgj,C:\LeDucLuong\HK VII\LuanCuNhan\DeepLearning\Test_Mau\archive\Kvasir-SEG\Kvasir-SEG\images\cju7arvfe1ldu0850erdmphgj.jpg,C:\LeDucLuong\HK VII\LuanCuNhan\DeepLearning\Test_Mau\archive\Kvasir-SEG\Kvasir-SEG\masks\cju7arvfe1ldu0850erdmphgj.jpg,train/images/cju7arvfe1ldu0850erdmphgj.jpg,train/masks_original/cju7arvfe1ldu0850erdmphgj.jpg,train/masks_binary/cju7arvfe1ldu0850erdmphgj.png,7bd6ba65d1f735173024c5b292a76c2fb42975be92ac72b5d9a7fd94d34284bc,87d06257336250bab79ae0aa6ca40d680c2db3386017bc4bf397046bc648a001
train,cju7atnm31if40817pqclnjer,C:\LeDucLuong\HK VII\LuanCuNhan\DeepLearning\Test_Mau\archive\Kvasir-SEG\Kvasir-SEG\images\cju7atnm31if40817pqclnjer.jpg,C:\LeDucLuong\HK VII\LuanCuNhan\DeepLearning\Test_Mau\archive\Kvasir-SEG\Kvasir-SEG\masks\cju7atnm31if40817pqclnjer.jpg,train/images/cju7atnm31if40817pqclnjer.jpg,train/masks_original/cju7atnm31if40817pqclnjer.jpg,train/masks_binary/cju7atnm31if40817pqclnjer.png,1d5d7f7f691e02f4592e43e1897f66aefddfd17f48ce545c11db72fadf75707f,6737426abbc035367b6524b1b6b872f0221fa3211c3e58be7f8828b81e310d31
train,cju7avvi51iox0817ym55y6tt,C:\LeDucLuong\HK VII\LuanCuNhan\DeepLearning\Test_Mau\archive\Kvasir-SEG\Kvasir-SEG\images\cju7avvi51iox0817ym55y6tt.jpg,C:\LeDucLuong\HK VII\LuanCuNhan\DeepLearning\Test_Mau\archive\Kvasir-SEG\Kvasir-SEG\masks\cju7avvi51iox0817ym55y6tt.jpg,train/images/cju7avvi51iox0817ym55y6tt.jpg,train/masks_original/cju7avvi51iox0817ym55y6tt.jpg,train/masks_binary/cju7avvi51iox0817ym55y6tt.png,b3c113916655ab46f1497ae73937765ba2cb9cde573ccef0e8fa5db86c4ccbfa,264e242bacd41567c14d22b7c82ce713f4b8a5e8e84382bf86739f4f59b1282f
train,cju7awzmu1ncs0871hziy65zx,C:\LeDucLuong\HK VII\LuanCuNhan\DeepLearning\Test_Mau\archive\Kvasir-SEG\Kvasir-SEG\images\cju7awzmu1ncs0871hziy65zx.jpg,C:\LeDucLuong\HK VII\LuanCuNhan\DeepLearning\Test_Mau\archive\Kvasir-SEG\Kvasir-SEG\masks\cju7awzmu1ncs0871hziy65zx.jpg,train/images/cju7awzmu1ncs0871hziy65zx.jpg,train/masks_original/cju7awzmu1ncs0871hziy65zx.jpg,train/masks_binary/cju7awzmu1ncs0871hziy65zx.png,385b030e9d54d2367f4c509949ab35c611446462cb6c11e9b810a2d3e26f29c6,7601a2cafa4d734f017c6dd5f1bf767102aa47f08bf6461567974108051f5326
train,cju7azuu31mia0801pf9ib5ed,C:\LeDucLuong\HK VII\LuanCuNhan\DeepLearning\Test_Mau\archive\Kvasir-SEG\Kvasir-SEG\images\cju7azuu31mia0801pf9ib5ed.jpg,C:\LeDucLuong\HK VII\LuanCuNhan\DeepLearning\Test_Mau\archive\Kvasir-SEG\Kvasir-SEG\masks\cju7azuu31mia0801pf9ib5ed.jpg,train/images/cju7azuu31mia0801pf9ib5ed.jpg,train/masks_original/cju7azuu31mia0801pf9ib5ed.jpg,train/masks_binary/cju7azuu31mia0801pf9ib5ed.png,b53c9d0607e2a61293860bd2a3d81b3a9e7b1b8ed94401a95ac47c6cb3ef85dc,df0b652c8234de8a259ec0fcfa6296a16edae4addbb9df61256b2c24f5fbcf3c
train,cju7b10ce1mnm08011c5bwyr4,C:\LeDucLuong\HK VII\LuanCuNhan\DeepLearning\Test_Mau\archive\Kvasir-SEG\Kvasir-SEG\images\cju7b10ce1mnm08011c5bwyr4.jpg,C:\LeDucLuong\HK VII\LuanCuNhan\DeepLearning\Test_Mau\archive\Kvasir-SEG\Kvasir-SEG\masks\cju7b10ce1mnm08011c5bwyr4.jpg,train/images/cju7b10ce1mnm08011c5bwyr4.jpg,train/masks_original/cju7b10ce1mnm08011c5bwyr4.jpg,train/masks_binary/cju7b10ce1mnm08011c5bwyr4.png,580274065cf51f71ae2359d4ec343313e035c13b026622d56813df23ad46d640,61bb26b08cf10ff71e2a85db8e318cbbe877529841acaba3a587b92ec40898d9
train,cju7b1ygu1msd0801hywhy0mc,C:\LeDucLuong\HK VII\LuanCuNhan\DeepLearning\Test_Mau\archive\Kvasir-SEG\Kvasir-SEG\images\cju7b1ygu1msd0801hywhy0mc.jpg,C:\LeDucLuong\HK VII\LuanCuNhan\DeepLearning\Test_Mau\archive\Kvasir-SEG\Kvasir-SEG\masks\cju7b1ygu1msd0801hywhy0mc.jpg,train/images/cju7b1ygu1msd0801hywhy0mc.jpg,train/masks_original/cju7b1ygu1msd0801hywhy0mc.jpg,train/masks_binary/cju7b1ygu1msd0801hywhy0mc.png,8b7a148640c83c69a46e36d9b040e5edf30e5b1a1cda59e963cb96b2e35e330e,ae8fc9dab45846184357155b5e6a5f45c8c69bf06edaf61c623565d8593c0d52
train,cju7b2l561oas0871decgslaf,C:\LeDucLuong\HK VII\LuanCuNhan\DeepLearning\Test_Mau\archive\Kvasir-SEG\Kvasir-SEG\images\cju7b2l561oas0871decgslaf.jpg,C:\LeDucLuong\HK VII\LuanCuNhan\DeepLearning\Test_Mau\archive\Kvasir-SEG\Kvasir-SEG\masks\cju7b2l561oas0871decgslaf.jpg,train/images/cju7b2l561oas0871decgslaf.jpg,train/masks_original/cju7b2l561oas0871decgslaf.jpg,train/masks_binary/cju7b2l561oas0871decgslaf.png,ef7b5a37bdb916dae8764fe555bfde22b362ac984fb00356b7bf279bc731c967,bc0e8f25e81f7c272a4dcd89f281129c105ff4402bc7574f385a8964c5fc4254
train,cju7b3f5h1sm40755i572jden,C:\LeDucLuong\HK VII\LuanCuNhan\DeepLearning\Test_Mau\archive\Kvasir-SEG\Kvasir-SEG\images\cju7b3f5h1sm40755i572jden.jpg,C:\LeDucLuong\HK VII\LuanCuNhan\DeepLearning\Test_Mau\archive\Kvasir-SEG\Kvasir-SEG\masks\cju7b3f5h1sm40755i572jden.jpg,train/images/cju7b3f5h1sm40755i572jden.jpg,train/masks_original/cju7b3f5h1sm40755i572jden.jpg,train/masks_binary/cju7b3f5h1sm40755i572jden.png,36e761bfcf3deecb585dce8c50d6f38bb864b11f6c4606d9fe75d33b11ac4734,321cbddcdec6d864453c5fa8de971290d356e1c51be818bd75053f93c6fdf1fc
train,cju7b4mtw1n9n080186209f3d,C:\LeDucLuong\HK VII\LuanCuNhan\DeepLearning\Test_Mau\archive\Kvasir-SEG\Kvasir-SEG\images\cju7b4mtw1n9n080186209f3d.jpg,C:\LeDucLuong\HK VII\LuanCuNhan\DeepLearning\Test_Mau\archive\Kvasir-SEG\Kvasir-SEG\masks\cju7b4mtw1n9n080186209f3d.jpg,train/images/cju7b4mtw1n9n080186209f3d.jpg,train/masks_original/cju7b4mtw1n9n080186209f3d.jpg,train/masks_binary/cju7b4mtw1n9n080186209f3d.png,6e4284e2c161c904b830fb2d2690c9b44c2b5edee95a292161d631318bc9477b,e460c4ec5124eb938a498c4b855d775f7052e93c0a2220f6ff2416f5e2a60353
train,cju7b5afm1nfw0801xqm8bf8q,C:\LeDucLuong\HK VII\LuanCuNhan\DeepLearning\Test_Mau\archive\Kvasir-SEG\Kvasir-SEG\images\cju7b5afm1nfw0801xqm8bf8q.jpg,C:\LeDucLuong\HK VII\LuanCuNhan\DeepLearning\Test_Mau\archive\Kvasir-SEG\Kvasir-SEG\masks\cju7b5afm1nfw0801xqm8bf8q.jpg,train/images/cju7b5afm1nfw0801xqm8bf8q.jpg,train/masks_original/cju7b5afm1nfw0801xqm8bf8q.jpg,train/masks_binary/cju7b5afm1nfw0801xqm8bf8q.png,ba8b4c9bc3b0910c51d22b72267228e83de0d8f2f69fe496e43714a3d1b41097,472f0ef4eef6ba2d74d704a9738fb4938c93a558b48f2f6a79d91dbb5ad0fb3e
train,cju7b9vcs1luz0987ta60j1dy,C:\LeDucLuong\HK VII\LuanCuNhan\DeepLearning\Test_Mau\archive\Kvasir-SEG\Kvasir-SEG\images\cju7b9vcs1luz0987ta60j1dy.jpg,C:\LeDucLuong\HK VII\LuanCuNhan\DeepLearning\Test_Mau\archive\Kvasir-SEG\Kvasir-SEG\masks\cju7b9vcs1luz0987ta60j1dy.jpg,train/images/cju7b9vcs1luz0987ta60j1dy.jpg,train/masks_original/cju7b9vcs1luz0987ta60j1dy.jpg,train/masks_binary/cju7b9vcs1luz0987ta60j1dy.png,08dde5491ba06298bb1d546b00446f005fd3b0d704ea1b52d69bc4d1a311f0fc,43978dd025a727b961237a021677d0ee3cb1226345d1a5d285adfe80588886e0
train,cju7bb3ss1uoo0755pmhyco7t,C:\LeDucLuong\HK VII\LuanCuNhan\DeepLearning\Test_Mau\archive\Kvasir-SEG\Kvasir-SEG\images\cju7bb3ss1uoo0755pmhyco7t.jpg,C:\LeDucLuong\HK VII\LuanCuNhan\DeepLearning\Test_Mau\archive\Kvasir-SEG\Kvasir-SEG\masks\cju7bb3ss1uoo0755pmhyco7t.jpg,train/images/cju7bb3ss1uoo0755pmhyco7t.jpg,train/masks_original/cju7bb3ss1uoo0755pmhyco7t.jpg,train/masks_binary/cju7bb3ss1uoo0755pmhyco7t.png,090d22d3658f5a0e649c6a02bfeb5883dda6aec72feaa6b81c0b787bdd784977,0da7acda9d92df1a8abfa4df3a11f70491204529b8554856c6c0aadf57cc5d7f
train,cju7bc95p1mdm0817yqj5jc6j,C:\LeDucLuong\HK VII\LuanCuNhan\DeepLearning\Test_Mau\archive\Kvasir-SEG\Kvasir-SEG\images\cju7bc95p1mdm0817yqj5jc6j.jpg,C:\LeDucLuong\HK VII\LuanCuNhan\DeepLearning\Test_Mau\archive\Kvasir-SEG\Kvasir-SEG\masks\cju7bc95p1mdm0817yqj5jc6j.jpg,train/images/cju7bc95p1mdm0817yqj5jc6j.jpg,train/masks_original/cju7bc95p1mdm0817yqj5jc6j.jpg,train/masks_binary/cju7bc95p1mdm0817yqj5jc6j.png,4b361ed963463c7b9ee939de014208454ee3a0e1ce3789cdebfb2697c87ec55e,5243b61a5d032ac009aafdfa2c94487e7aa42e0b928207be749d8e7f4ebba62e
train,cju7bd1qu1mx409877xjxibox,C:\LeDucLuong\HK VII\LuanCuNhan\DeepLearning\Test_Mau\archive\Kvasir-SEG\Kvasir-SEG\images\cju7bd1qu1mx409877xjxibox.jpg,C:\LeDucLuong\HK VII\LuanCuNhan\DeepLearning\Test_Mau\archive\Kvasir-SEG\Kvasir-SEG\masks\cju7bd1qu1mx409877xjxibox.jpg,train/images/cju7bd1qu1mx409877xjxibox.jpg,train/masks_original/cju7bd1qu1mx409877xjxibox.jpg,train/masks_binary/cju7bd1qu1mx409877xjxibox.png,58e3ae3dda23c5d2ef5ee4116c7adaf6318d49a66d2dd03d2e7176f45100c516,d725c51b7b7e7e42bd2e57c5a5893d0fed656a5bafd434e36ee1932618e635d7
train,cju7bduyq1rjf08719giru9ho,C:\LeDucLuong\HK VII\LuanCuNhan\DeepLearning\Test_Mau\archive\Kvasir-SEG\Kvasir-SEG\images\cju7bduyq1rjf08719giru9ho.jpg,C:\LeDucLuong\HK VII\LuanCuNhan\DeepLearning\Test_Mau\archive\Kvasir-SEG\Kvasir-SEG\masks\cju7bduyq1rjf08719giru9ho.jpg,train/images/cju7bduyq1rjf08719giru9ho.jpg,train/masks_original/cju7bduyq1rjf08719giru9ho.jpg,train/masks_binary/cju7bduyq1rjf08719giru9ho.png,65517f314d6b99b29d7d98d0ad05caf7026e849e6eb14028f75bdc2772802318,23a2b1aa061d3b5babb2fac338363a67ca0095f0dcde56fbad482a754541eafc
train,cju7bf1lp1shi081835vs84lc,C:\LeDucLuong\HK VII\LuanCuNhan\DeepLearning\Test_Mau\archive\Kvasir-SEG\Kvasir-SEG\images\cju7bf1lp1shi081835vs84lc.jpg,C:\LeDucLuong\HK VII\LuanCuNhan\DeepLearning\Test_Mau\archive\Kvasir-SEG\Kvasir-SEG\masks\cju7bf1lp1shi081835vs84lc.jpg,train/images/cju7bf1lp1shi081835vs84lc.jpg,train/masks_original/cju7bf1lp1shi081835vs84lc.jpg,train/masks_binary/cju7bf1lp1shi081835vs84lc.png,3e3bb3ef5791c449e3b75fda192a9a6253b55d6a033303bebdbdd9f7ab0c43ef,a6d5756a3d6281cf1bcd5591aa8acd5d1f115ed32e2a7cf763ea7d77e026dee3
train,cju7bfx651qr80801cs7epotb,C:\LeDucLuong\HK VII\LuanCuNhan\DeepLearning\Test_Mau\archive\Kvasir-SEG\Kvasir-SEG\images\cju7bfx651qr80801cs7epotb.jpg,C:\LeDucLuong\HK VII\LuanCuNhan\DeepLearning\Test_Mau\archive\Kvasir-SEG\Kvasir-SEG\masks\cju7bfx651qr80801cs7epotb.jpg,train/images/cju7bfx651qr80801cs7epotb.jpg,train/masks_original/cju7bfx651qr80801cs7epotb.jpg,train/masks_binary/cju7bfx651qr80801cs7epotb.png,075be06fc4de7e13f7c68bd72a676d9371bf162b19ab0b9e32c15714ea0ccbfd,e625ff0e527240e0fd3003a11707881ae5b1f5a28853a6dd27f0efcbbfcda629
train,cju7bgnvb1sf808717qa799ir,C:\LeDucLuong\HK VII\LuanCuNhan\DeepLearning\Test_Mau\archive\Kvasir-SEG\Kvasir-SEG\images\cju7bgnvb1sf808717qa799ir.jpg,C:\LeDucLuong\HK VII\LuanCuNhan\DeepLearning\Test_Mau\archive\Kvasir-SEG\Kvasir-SEG\masks\cju7bgnvb1sf808717qa799ir.jpg,train/images/cju7bgnvb1sf808717qa799ir.jpg,train/masks_original/cju7bgnvb1sf808717qa799ir.jpg,train/masks_binary/cju7bgnvb1sf808717qa799ir.png,cf13d26791ec640559c0c088a336f4f1ac136e40f7b01ce31e061d912b97d105,13ff537bd0e86e73b3fe22acf5f6bcef77a3edc3576595888514d2b49c6d2e5c
train,cju7bmi1v1pnj0987pa52jjok,C:\LeDucLuong\HK VII\LuanCuNhan\DeepLearning\Test_Mau\archive\Kvasir-SEG\Kvasir-SEG\images\cju7bmi1v1pnj0987pa52jjok.jpg,C:\LeDucLuong\HK VII\LuanCuNhan\DeepLearning\Test_Mau\archive\Kvasir-SEG\Kvasir-SEG\masks\cju7bmi1v1pnj0987pa52jjok.jpg,train/images/cju7bmi1v1pnj0987pa52jjok.jpg,train/masks_original/cju7bmi1v1pnj0987pa52jjok.jpg,train/masks_binary/cju7bmi1v1pnj0987pa52jjok.png,5f441d378053fc8beb92422e553406dcaf749b62afd0162d2c2b9e2b5dec31f2,a8e28346263ef3ed8e9f7bb29db8064c7cfd85de31089b1c42629547bb4f1eb2
train,cju7cl8zm1xcu0817ado0jpas,C:\LeDucLuong\HK VII\LuanCuNhan\DeepLearning\Test_Mau\archive\Kvasir-SEG\Kvasir-SEG\images\cju7cl8zm1xcu0817ado0jpas.jpg,C:\LeDucLuong\HK VII\LuanCuNhan\DeepLearning\Test_Mau\archive\Kvasir-SEG\Kvasir-SEG\masks\cju7cl8zm1xcu0817ado0jpas.jpg,train/images/cju7cl8zm1xcu0817ado0jpas.jpg,train/masks_original/cju7cl8zm1xcu0817ado0jpas.jpg,train/masks_binary/cju7cl8zm1xcu0817ado0jpas.png,2345c96cd6e91b71e44a74cb8c49affc0c9dd33d472be5c9deb7bcb4392a0805,1e6c029cf32930400778f5f0b26a0032e294cd623bbba62759375622d288c4a6
train,cju7cp6dw244p0818gncdol4m,C:\LeDucLuong\HK VII\LuanCuNhan\DeepLearning\Test_Mau\archive\Kvasir-SEG\Kvasir-SEG\images\cju7cp6dw244p0818gncdol4m.jpg,C:\LeDucLuong\HK VII\LuanCuNhan\DeepLearning\Test_Mau\archive\Kvasir-SEG\Kvasir-SEG\masks\cju7cp6dw244p0818gncdol4m.jpg,train/images/cju7cp6dw244p0818gncdol4m.jpg,train/masks_original/cju7cp6dw244p0818gncdol4m.jpg,train/masks_binary/cju7cp6dw244p0818gncdol4m.png,ba8929d987196e81d8c169148b698f448fceea039edca92be82c667746c4a90b,d33f2ee66a6b4fd750bfd86d271b3b473680e603837379c3367ac8a66b32cf4a
train,cju7cq6su27qv075574dir0r3,C:\LeDucLuong\HK VII\LuanCuNhan\DeepLearning\Test_Mau\archive\Kvasir-SEG\Kvasir-SEG\images\cju7cq6su27qv075574dir0r3.jpg,C:\LeDucLuong\HK VII\LuanCuNhan\DeepLearning\Test_Mau\archive\Kvasir-SEG\Kvasir-SEG\masks\cju7cq6su27qv075574dir0r3.jpg,train/images/cju7cq6su27qv075574dir0r3.jpg,train/masks_original/cju7cq6su27qv075574dir0r3.jpg,train/masks_binary/cju7cq6su27qv075574dir0r3.png,6acbc5ece824267b3ada53b9b946dec0bec4901a2bf79dd64f5d0841e2a5d11f,df03202132d023f518068dfcfa5a437193b5c7562c46d8d83d45e8eae6d578fc
train,cju7crgxa28550755wbsgqkel,C:\LeDucLuong\HK VII\LuanCuNhan\DeepLearning\Test_Mau\archive\Kvasir-SEG\Kvasir-SEG\images\cju7crgxa28550755wbsgqkel.jpg,C:\LeDucLuong\HK VII\LuanCuNhan\DeepLearning\Test_Mau\archive\Kvasir-SEG\Kvasir-SEG\masks\cju7crgxa28550755wbsgqkel.jpg,train/images/cju7crgxa28550755wbsgqkel.jpg,train/masks_original/cju7crgxa28550755wbsgqkel.jpg,train/masks_binary/cju7crgxa28550755wbsgqkel.png,f5e928aad965a27669d73082ef7426d1160a28fbae407a0345e34baabdecf49c,d6dca6f3512db0c24806b2e4e57bdb4e7c6dc21653b1b4f588b077a37add8c4d
train,cju7csvlb22fr0850lvm45n3x,C:\LeDucLuong\HK VII\LuanCuNhan\DeepLearning\Test_Mau\archive\Kvasir-SEG\Kvasir-SEG\images\cju7csvlb22fr0850lvm45n3x.jpg,C:\LeDucLuong\HK VII\LuanCuNhan\DeepLearning\Test_Mau\archive\Kvasir-SEG\Kvasir-SEG\masks\cju7csvlb22fr0850lvm45n3x.jpg,train/images/cju7csvlb22fr0850lvm45n3x.jpg,train/masks_original/cju7csvlb22fr0850lvm45n3x.jpg,train/masks_binary/cju7csvlb22fr0850lvm45n3x.png,aa9eae797d0e1b57d69079b42e7916319983bec4b7028351382f109c2bde8809,ca90702eaad8d70a1a13f8959557d3c471c796b29ffdaf9ea6657c2ce5b1d90a
train,cju7ctvqn25dy08186g442m1r,C:\LeDucLuong\HK VII\LuanCuNhan\DeepLearning\Test_Mau\archive\Kvasir-SEG\Kvasir-SEG\images\cju7ctvqn25dy08186g442m1r.jpg,C:\LeDucLuong\HK VII\LuanCuNhan\DeepLearning\Test_Mau\archive\Kvasir-SEG\Kvasir-SEG\masks\cju7ctvqn25dy08186g442m1r.jpg,train/images/cju7ctvqn25dy08186g442m1r.jpg,train/masks_original/cju7ctvqn25dy08186g442m1r.jpg,train/masks_binary/cju7ctvqn25dy08186g442m1r.png,d3992f3ffabdcf9b892b2ae788d2f51eacb406a7b93a700d0804d27b264f2f9c,c4e7bab854a2b9e651b117c3142d61dfc6555cf4bd7b294ea5c32e32eeb08998
train,cju7cue9b232j0801qdzk1ykj,C:\LeDucLuong\HK VII\LuanCuNhan\DeepLearning\Test_Mau\archive\Kvasir-SEG\Kvasir-SEG\images\cju7cue9b232j0801qdzk1ykj.jpg,C:\LeDucLuong\HK VII\LuanCuNhan\DeepLearning\Test_Mau\archive\Kvasir-SEG\Kvasir-SEG\masks\cju7cue9b232j0801qdzk1ykj.jpg,train/images/cju7cue9b232j0801qdzk1ykj.jpg,train/masks_original/cju7cue9b232j0801qdzk1ykj.jpg,train/masks_binary/cju7cue9b232j0801qdzk1ykj.png,22d1ed2fa2d1b991e7cf92d3d2642fd1c3fe27bfdba80b4b3e96d60a424f8d0c,6724134b2a592cb7307a271d25a9fe1b99569f06cf69da583d77ba6df9e905e1
train,cju7cufm7298k0755j09uf3of,C:\LeDucLuong\HK VII\LuanCuNhan\DeepLearning\Test_Mau\archive\Kvasir-SEG\Kvasir-SEG\images\cju7cufm7298k0755j09uf3of.jpg,C:\LeDucLuong\HK VII\LuanCuNhan\DeepLearning\Test_Mau\archive\Kvasir-SEG\Kvasir-SEG\masks\cju7cufm7298k0755j09uf3of.jpg,train/images/cju7cufm7298k0755j09uf3of.jpg,train/masks_original/cju7cufm7298k0755j09uf3of.jpg,train/masks_binary/cju7cufm7298k0755j09uf3of.png,0e1fdfbc22771aed926cb0a58ee3b2f9d873a25936f88174ddb306e0be80f3a6,0d1c7dbe9e00f6c28771d80a63508839cac1a860b6bf9b2affd9727164b1fa96
train,cju7d1tvt25bu08019dvw3uff,C:\LeDucLuong\HK VII\LuanCuNhan\DeepLearning\Test_Mau\archive\Kvasir-SEG\Kvasir-SEG\images\cju7d1tvt25bu08019dvw3uff.jpg,C:\LeDucLuong\HK VII\LuanCuNhan\DeepLearning\Test_Mau\archive\Kvasir-SEG\Kvasir-SEG\masks\cju7d1tvt25bu08019dvw3uff.jpg,train/images/cju7d1tvt25bu08019dvw3uff.jpg,train/masks_original/cju7d1tvt25bu08019dvw3uff.jpg,train/masks_binary/cju7d1tvt25bu08019dvw3uff.png,caa7f2410576254699b5305cf331290a1a5e9f68f6f3aa71ec42064c3152a3d4,4765e999507f68016a8f8c83537a2a1fac12a9c68c236f79a228552d9873d5ee
train,cju7d2q1k27nf08715zshsckt,C:\LeDucLuong\HK VII\LuanCuNhan\DeepLearning\Test_Mau\archive\Kvasir-SEG\Kvasir-SEG\images\cju7d2q1k27nf08715zshsckt.jpg,C:\LeDucLuong\HK VII\LuanCuNhan\DeepLearning\Test_Mau\archive\Kvasir-SEG\Kvasir-SEG\masks\cju7d2q1k27nf08715zshsckt.jpg,train/images/cju7d2q1k27nf08715zshsckt.jpg,train/masks_original/cju7d2q1k27nf08715zshsckt.jpg,train/masks_binary/cju7d2q1k27nf08715zshsckt.png,8b21845ee7bfc1b75024c0cb084075a868d4786777fd4fb452d7a183b9082f1c,369bb51f18959b4d68804a7a1084ccc1c3a9622c039b41c9500fcc683c595b08
train,cju7d3oc82cho0755dajlwldz,C:\LeDucLuong\HK VII\LuanCuNhan\DeepLearning\Test_Mau\archive\Kvasir-SEG\Kvasir-SEG\images\cju7d3oc82cho0755dajlwldz.jpg,C:\LeDucLuong\HK VII\LuanCuNhan\DeepLearning\Test_Mau\archive\Kvasir-SEG\Kvasir-SEG\masks\cju7d3oc82cho0755dajlwldz.jpg,train/images/cju7d3oc82cho0755dajlwldz.jpg,train/masks_original/cju7d3oc82cho0755dajlwldz.jpg,train/masks_binary/cju7d3oc82cho0755dajlwldz.png,eb8d840a770c34dc7a8a595900f673874c9d2a6f15cdea69290ef860d0df1ff4,2e7892ab0a41186f8793d8c9c000a0716bca28673578041a3e57712200496e12
train,cju7d4jk723eu0817bqz2n39m,C:\LeDucLuong\HK VII\LuanCuNhan\DeepLearning\Test_Mau\archive\Kvasir-SEG\Kvasir-SEG\images\cju7d4jk723eu0817bqz2n39m.jpg,C:\LeDucLuong\HK VII\LuanCuNhan\DeepLearning\Test_Mau\archive\Kvasir-SEG\Kvasir-SEG\masks\cju7d4jk723eu0817bqz2n39m.jpg,train/images/cju7d4jk723eu0817bqz2n39m.jpg,train/masks_original/cju7d4jk723eu0817bqz2n39m.jpg,train/masks_binary/cju7d4jk723eu0817bqz2n39m.png,a10243519f4fe91c2d19bdb5ed8e9c1c36baeb87f1233e2215fffc63691c07c6,9ba2d8d20fa3c9a5a5e438951d98dc0debbcb00bad0e334d726daf427efbbde8
train,cju7d5m0p23kn09871rk7pu3v,C:\LeDucLuong\HK VII\LuanCuNhan\DeepLearning\Test_Mau\archive\Kvasir-SEG\Kvasir-SEG\images\cju7d5m0p23kn09871rk7pu3v.jpg,C:\LeDucLuong\HK VII\LuanCuNhan\DeepLearning\Test_Mau\archive\Kvasir-SEG\Kvasir-SEG\masks\cju7d5m0p23kn09871rk7pu3v.jpg,train/images/cju7d5m0p23kn09871rk7pu3v.jpg,train/masks_original/cju7d5m0p23kn09871rk7pu3v.jpg,train/masks_binary/cju7d5m0p23kn09871rk7pu3v.png,1f38e6c195d36ca6d5510ac0b9048a319b1d1f2161318bbbcbcbbc9b76ec66a7,722c91dd0a0f82cf4895726c408880ff1e4ff51a4707e81294920ebcfe39a6e2
train,cju7d6ux323ze0987xos3srkx,C:\LeDucLuong\HK VII\LuanCuNhan\DeepLearning\Test_Mau\archive\Kvasir-SEG\Kvasir-SEG\images\cju7d6ux323ze0987xos3srkx.jpg,C:\LeDucLuong\HK VII\LuanCuNhan\DeepLearning\Test_Mau\archive\Kvasir-SEG\Kvasir-SEG\masks\cju7d6ux323ze0987xos3srkx.jpg,train/images/cju7d6ux323ze0987xos3srkx.jpg,train/masks_original/cju7d6ux323ze0987xos3srkx.jpg,train/masks_binary/cju7d6ux323ze0987xos3srkx.png,ecd8e85b53f60edaa8236c03bed40655f8ed54a69dae3af1c8b8351b12d0b8d9,1872e92cf511039d9e51647bf6a0c77a80d413c0221b157d7e28130d107eeac3
train,cju7d7aut2a2p0818z4uxc6cd,C:\LeDucLuong\HK VII\LuanCuNhan\DeepLearning\Test_Mau\archive\Kvasir-SEG\Kvasir-SEG\images\cju7d7aut2a2p0818z4uxc6cd.jpg,C:\LeDucLuong\HK VII\LuanCuNhan\DeepLearning\Test_Mau\archive\Kvasir-SEG\Kvasir-SEG\masks\cju7d7aut2a2p0818z4uxc6cd.jpg,train/images/cju7d7aut2a2p0818z4uxc6cd.jpg,train/masks_original/cju7d7aut2a2p0818z4uxc6cd.jpg,train/masks_binary/cju7d7aut2a2p0818z4uxc6cd.png,461bc83fe42bc776797be6e183fe5a7487d2a30ea979f9b519ce620f97090e7f,e7ca4cb00490fe5f600f37f759329ba1d33e3c373cc0c38372b5c1e2cd7d0aeb
train,cju7d7tly27h408016fyp5nr7,C:\LeDucLuong\HK VII\LuanCuNhan\DeepLearning\Test_Mau\archive\Kvasir-SEG\Kvasir-SEG\images\cju7d7tly27h408016fyp5nr7.jpg,C:\LeDucLuong\HK VII\LuanCuNhan\DeepLearning\Test_Mau\archive\Kvasir-SEG\Kvasir-SEG\masks\cju7d7tly27h408016fyp5nr7.jpg,train/images/cju7d7tly27h408016fyp5nr7.jpg,train/masks_original/cju7d7tly27h408016fyp5nr7.jpg,train/masks_binary/cju7d7tly27h408016fyp5nr7.png,5f122c10a5452781e95e70c4dea6c336386f75b1e7a9569eaf5f01e3658f118b,5ea0050e5685f8cc975ac7956f741dc0c3451d71aa2f5d2d89c67dc9883508c2
train,cju7d8m3b2e210755l8fj1yph,C:\LeDucLuong\HK VII\LuanCuNhan\DeepLearning\Test_Mau\archive\Kvasir-SEG\Kvasir-SEG\images\cju7d8m3b2e210755l8fj1yph.jpg,C:\LeDucLuong\HK VII\LuanCuNhan\DeepLearning\Test_Mau\archive\Kvasir-SEG\Kvasir-SEG\masks\cju7d8m3b2e210755l8fj1yph.jpg,train/images/cju7d8m3b2e210755l8fj1yph.jpg,train/masks_original/cju7d8m3b2e210755l8fj1yph.jpg,train/masks_binary/cju7d8m3b2e210755l8fj1yph.png,6cdd9961b511c385ddad37dbb08d33d8e5f730197bbbe320fc458bd0a95812d2,e3127e8e3488156e5e74d2ce60ff64306de2bd9087fe1088c3b159b6f87bd6d4
train,cju7d9seq29zd0871nzl2uu5m,C:\LeDucLuong\HK VII\LuanCuNhan\DeepLearning\Test_Mau\archive\Kvasir-SEG\Kvasir-SEG\images\cju7d9seq29zd0871nzl2uu5m.jpg,C:\LeDucLuong\HK VII\LuanCuNhan\DeepLearning\Test_Mau\archive\Kvasir-SEG\Kvasir-SEG\masks\cju7d9seq29zd0871nzl2uu5m.jpg,train/images/cju7d9seq29zd0871nzl2uu5m.jpg,train/masks_original/cju7d9seq29zd0871nzl2uu5m.jpg,train/masks_binary/cju7d9seq29zd0871nzl2uu5m.png,0e835c4733adc90fd7ea1be80fd2429d9885dd0246dc4ad4a753403b4a74a592,fbeca8272b0613444c0af064a71f67494a8762ebac999ab5655e640a31547cad
train,cju7da88w2eod0755wejzynvt,C:\LeDucLuong\HK VII\LuanCuNhan\DeepLearning\Test_Mau\archive\Kvasir-SEG\Kvasir-SEG\images\cju7da88w2eod0755wejzynvt.jpg,C:\LeDucLuong\HK VII\LuanCuNhan\DeepLearning\Test_Mau\archive\Kvasir-SEG\Kvasir-SEG\masks\cju7da88w2eod0755wejzynvt.jpg,train/images/cju7da88w2eod0755wejzynvt.jpg,train/masks_original/cju7da88w2eod0755wejzynvt.jpg,train/masks_binary/cju7da88w2eod0755wejzynvt.png,7ffd57f57db594f1382042b289a2e6ccc07ef11bf04a1eae353b1b73cef4912f,73475bfb9bf5850288b24781cd723937d9702f7999fec2d3246bd5eda96dc99e
train,cju7db7lp2f400755tntd1ohf,C:\LeDucLuong\HK VII\LuanCuNhan\DeepLearning\Test_Mau\archive\Kvasir-SEG\Kvasir-SEG\images\cju7db7lp2f400755tntd1ohf.jpg,C:\LeDucLuong\HK VII\LuanCuNhan\DeepLearning\Test_Mau\archive\Kvasir-SEG\Kvasir-SEG\masks\cju7db7lp2f400755tntd1ohf.jpg,train/images/cju7db7lp2f400755tntd1ohf.jpg,train/masks_original/cju7db7lp2f400755tntd1ohf.jpg,train/masks_binary/cju7db7lp2f400755tntd1ohf.png,422db2979386ac36ec399f10725197d99e32d527b44b3ddb276acef419394885,891df7371825c9a1f3b285a62f93961044dbda4c92c26c8884d900baa0547810
train,cju7dbppn28nx085097654msi,C:\LeDucLuong\HK VII\LuanCuNhan\DeepLearning\Test_Mau\archive\Kvasir-SEG\Kvasir-SEG\images\cju7dbppn28nx085097654msi.jpg,C:\LeDucLuong\HK VII\LuanCuNhan\DeepLearning\Test_Mau\archive\Kvasir-SEG\Kvasir-SEG\masks\cju7dbppn28nx085097654msi.jpg,train/images/cju7dbppn28nx085097654msi.jpg,train/masks_original/cju7dbppn28nx085097654msi.jpg,train/masks_binary/cju7dbppn28nx085097654msi.png,84c20ec94d762d7f2cfe18dffba801fe78a757625f89925bf09057a9330bb397,e1352b85fea6a5f4e58df1b324702f327410f03a0d3e63dd01a935edbf4dfe1e
train,cju7dda8w2br20818zhsuz8s7,C:\LeDucLuong\HK VII\LuanCuNhan\DeepLearning\Test_Mau\archive\Kvasir-SEG\Kvasir-SEG\images\cju7dda8w2br20818zhsuz8s7.jpg,C:\LeDucLuong\HK VII\LuanCuNhan\DeepLearning\Test_Mau\archive\Kvasir-SEG\Kvasir-SEG\masks\cju7dda8w2br20818zhsuz8s7.jpg,train/images/cju7dda8w2br20818zhsuz8s7.jpg,train/masks_original/cju7dda8w2br20818zhsuz8s7.jpg,train/masks_binary/cju7dda8w2br20818zhsuz8s7.png,431b9816491698a619b87b6d53ebc9a87ed11372f42602f156a3bdf34fe9c110,a10fecd36ee842f8cefc0e50242edb8570238e28ab0a2557c8a59c007b1f6d89
train,cju7ddtz729960801uazp1knc,C:\LeDucLuong\HK VII\LuanCuNhan\DeepLearning\Test_Mau\archive\Kvasir-SEG\Kvasir-SEG\images\cju7ddtz729960801uazp1knc.jpg,C:\LeDucLuong\HK VII\LuanCuNhan\DeepLearning\Test_Mau\archive\Kvasir-SEG\Kvasir-SEG\masks\cju7ddtz729960801uazp1knc.jpg,train/images/cju7ddtz729960801uazp1knc.jpg,train/masks_original/cju7ddtz729960801uazp1knc.jpg,train/masks_binary/cju7ddtz729960801uazp1knc.png,c957f4d5f90e62b74446b00c93163a440d1039b5d932f7b7b32cd4e00badac1a,5b52c950ecd5480914459b7467ea6f81859806b34ddc237c8e2b14e8ce2f3162
train,cju7deifq2fzn0755lc8idyh8,C:\LeDucLuong\HK VII\LuanCuNhan\DeepLearning\Test_Mau\archive\Kvasir-SEG\Kvasir-SEG\images\cju7deifq2fzn0755lc8idyh8.jpg,C:\LeDucLuong\HK VII\LuanCuNhan\DeepLearning\Test_Mau\archive\Kvasir-SEG\Kvasir-SEG\masks\cju7deifq2fzn0755lc8idyh8.jpg,train/images/cju7deifq2fzn0755lc8idyh8.jpg,train/masks_original/cju7deifq2fzn0755lc8idyh8.jpg,train/masks_binary/cju7deifq2fzn0755lc8idyh8.png,adc49cede6fba016ba123a0b9f290dd26f5badba2df61674a2364426c0c033b9,4674206048d79129088f168f12a1c68045ac1b894d9040cbce18e003ec61b63e
train,cju7dff9529h208503w60lbil,C:\LeDucLuong\HK VII\LuanCuNhan\DeepLearning\Test_Mau\archive\Kvasir-SEG\Kvasir-SEG\images\cju7dff9529h208503w60lbil.jpg,C:\LeDucLuong\HK VII\LuanCuNhan\DeepLearning\Test_Mau\archive\Kvasir-SEG\Kvasir-SEG\masks\cju7dff9529h208503w60lbil.jpg,train/images/cju7dff9529h208503w60lbil.jpg,train/masks_original/cju7dff9529h208503w60lbil.jpg,train/masks_binary/cju7dff9529h208503w60lbil.png,66df87acbc23c22ebb5bbdff9fc7096f09201b9f24cd6a7c442d8ebfde06b118,8fadff2ba4db2ad2b3bf6ce0c71d2f869efd7ea3cb8d0d1a5c0f932f984ea70f
train,cju7dglf226g50987ohbthl19,C:\LeDucLuong\HK VII\LuanCuNhan\DeepLearning\Test_Mau\archive\Kvasir-SEG\Kvasir-SEG\images\cju7dglf226g50987ohbthl19.jpg,C:\LeDucLuong\HK VII\LuanCuNhan\DeepLearning\Test_Mau\archive\Kvasir-SEG\Kvasir-SEG\masks\cju7dglf226g50987ohbthl19.jpg,train/images/cju7dglf226g50987ohbthl19.jpg,train/masks_original/cju7dglf226g50987ohbthl19.jpg,train/masks_binary/cju7dglf226g50987ohbthl19.png,cad4589132394e25999cc8601427bc666787fa04a4b46d7c887098fd97d5b9f6,c86cb6415ea2c59aa19fa6dadf74cfdd35704d51614b8e65494477701e4617fa
train,cju7dhpsc2dnn0818025m6857,C:\LeDucLuong\HK VII\LuanCuNhan\DeepLearning\Test_Mau\archive\Kvasir-SEG\Kvasir-SEG\images\cju7dhpsc2dnn0818025m6857.jpg,C:\LeDucLuong\HK VII\LuanCuNhan\DeepLearning\Test_Mau\archive\Kvasir-SEG\Kvasir-SEG\masks\cju7dhpsc2dnn0818025m6857.jpg,train/images/cju7dhpsc2dnn0818025m6857.jpg,train/masks_original/cju7dhpsc2dnn0818025m6857.jpg,train/masks_binary/cju7dhpsc2dnn0818025m6857.png,24cc03ef628eefeed03c014311c48b04ac70b63967c61538f52f065b689b9184,387046a96f965f6a3a8d7f45d8555956443e10a77b2e233a8ad41bb8a3ed44bf
train,cju7dizi82h2i0755doucgnt3,C:\LeDucLuong\HK VII\LuanCuNhan\DeepLearning\Test_Mau\archive\Kvasir-SEG\Kvasir-SEG\images\cju7dizi82h2i0755doucgnt3.jpg,C:\LeDucLuong\HK VII\LuanCuNhan\DeepLearning\Test_Mau\archive\Kvasir-SEG\Kvasir-SEG\masks\cju7dizi82h2i0755doucgnt3.jpg,train/images/cju7dizi82h2i0755doucgnt3.jpg,train/masks_original/cju7dizi82h2i0755doucgnt3.jpg,train/masks_binary/cju7dizi82h2i0755doucgnt3.png,99226cb4807d64091a78de277b526ad1d1d5a964b399c49c171a92a940742462,a3a47a8ab809ef2876215a55ac218c05d1ce77d361ff1db31c489391d7bdc9c7
train,cju7dlk532dsh0871zvr6qz0r,C:\LeDucLuong\HK VII\LuanCuNhan\DeepLearning\Test_Mau\archive\Kvasir-SEG\Kvasir-SEG\images\cju7dlk532dsh0871zvr6qz0r.jpg,C:\LeDucLuong\HK VII\LuanCuNhan\DeepLearning\Test_Mau\archive\Kvasir-SEG\Kvasir-SEG\masks\cju7dlk532dsh0871zvr6qz0r.jpg,train/images/cju7dlk532dsh0871zvr6qz0r.jpg,train/masks_original/cju7dlk532dsh0871zvr6qz0r.jpg,train/masks_binary/cju7dlk532dsh0871zvr6qz0r.png,2cfe8e4af3946b140d0dd25026ddcfcda5f45ac4df1aacb508f499f0ec873fd2,415b8a3e14b6eb66233dfb730e77f750fcbb89f8f2b1cf5ca98a7bcc74f3bcb8
train,cju7dmlgf2ebw0871ieqas5fh,C:\LeDucLuong\HK VII\LuanCuNhan\DeepLearning\Test_Mau\archive\Kvasir-SEG\Kvasir-SEG\images\cju7dmlgf2ebw0871ieqas5fh.jpg,C:\LeDucLuong\HK VII\LuanCuNhan\DeepLearning\Test_Mau\archive\Kvasir-SEG\Kvasir-SEG\masks\cju7dmlgf2ebw0871ieqas5fh.jpg,train/images/cju7dmlgf2ebw0871ieqas5fh.jpg,train/masks_original/cju7dmlgf2ebw0871ieqas5fh.jpg,train/masks_binary/cju7dmlgf2ebw0871ieqas5fh.png,e7b7ce637e6b6217adba6c66c0f6fa7332b4d173c4495e6c3340969b1e6eb527,6eb4189665899237a2d64b5ffd16bef1a920f53ef78cc783d5e4e18216590fa1
train,cju7dn24o296i09871qfxb8s2,C:\LeDucLuong\HK VII\LuanCuNhan\DeepLearning\Test_Mau\archive\Kvasir-SEG\Kvasir-SEG\images\cju7dn24o296i09871qfxb8s2.jpg,C:\LeDucLuong\HK VII\LuanCuNhan\DeepLearning\Test_Mau\archive\Kvasir-SEG\Kvasir-SEG\masks\cju7dn24o296i09871qfxb8s2.jpg,train/images/cju7dn24o296i09871qfxb8s2.jpg,train/masks_original/cju7dn24o296i09871qfxb8s2.jpg,train/masks_binary/cju7dn24o296i09871qfxb8s2.png,847d3a42c2c9047062d0445aee369d0459b9f2d4568e0655c8e2a6d4351db170,97601074b390ea1a33fafb5c10773a69739c9a86ca33d39c4a05db6eb361f76f
train,cju7do8c72dbo0801vxfzxdc4,C:\LeDucLuong\HK VII\LuanCuNhan\DeepLearning\Test_Mau\archive\Kvasir-SEG\Kvasir-SEG\images\cju7do8c72dbo0801vxfzxdc4.jpg,C:\LeDucLuong\HK VII\LuanCuNhan\DeepLearning\Test_Mau\archive\Kvasir-SEG\Kvasir-SEG\masks\cju7do8c72dbo0801vxfzxdc4.jpg,train/images/cju7do8c72dbo0801vxfzxdc4.jpg,train/masks_original/cju7do8c72dbo0801vxfzxdc4.jpg,train/masks_binary/cju7do8c72dbo0801vxfzxdc4.png,4b65f70d1a860bfad92435cc40c6c31e32d3300238288ef7c5382b16e8cb3409,7feb846d24eef42dc561519aed90ae8abdb4ee7f7aceb6d1b72a1e9a68663c00
train,cju7ehljc2or70871261br8ai,C:\LeDucLuong\HK VII\LuanCuNhan\DeepLearning\Test_Mau\archive\Kvasir-SEG\Kvasir-SEG\images\cju7ehljc2or70871261br8ai.jpg,C:\LeDucLuong\HK VII\LuanCuNhan\DeepLearning\Test_Mau\archive\Kvasir-SEG\Kvasir-SEG\masks\cju7ehljc2or70871261br8ai.jpg,train/images/cju7ehljc2or70871261br8ai.jpg,train/masks_original/cju7ehljc2or70871261br8ai.jpg,train/masks_binary/cju7ehljc2or70871261br8ai.png,2fa22d2c0aea5e1dd003b2594f59c5a25dc0046f880d50e2fc48879e47abaa68,474d11d8e7d2ad65f5aeb37aefcee8b0f1e0ef69ee72a4447112a613c65c61db
train,cju7ejm2l2ncl0801wq6y84nw,C:\LeDucLuong\HK VII\LuanCuNhan\DeepLearning\Test_Mau\archive\Kvasir-SEG\Kvasir-SEG\images\cju7ejm2l2ncl0801wq6y84nw.jpg,C:\LeDucLuong\HK VII\LuanCuNhan\DeepLearning\Test_Mau\archive\Kvasir-SEG\Kvasir-SEG\masks\cju7ejm2l2ncl0801wq6y84nw.jpg,train/images/cju7ejm2l2ncl0801wq6y84nw.jpg,train/masks_original/cju7ejm2l2ncl0801wq6y84nw.jpg,train/masks_binary/cju7ejm2l2ncl0801wq6y84nw.png,40697c5a4b6a41e877afb52e398cb1ea0a79073a232e30f7704c28266beb9e55,db267cf5a5c337b4df901efe9680080ea069b0e4affd996d1f66b24cfb860af3
train,cju7ekbo32pft0871fv7kzwb9,C:\LeDucLuong\HK VII\LuanCuNhan\DeepLearning\Test_Mau\archive\Kvasir-SEG\Kvasir-SEG\images\cju7ekbo32pft0871fv7kzwb9.jpg,C:\LeDucLuong\HK VII\LuanCuNhan\DeepLearning\Test_Mau\archive\Kvasir-SEG\Kvasir-SEG\masks\cju7ekbo32pft0871fv7kzwb9.jpg,train/images/cju7ekbo32pft0871fv7kzwb9.jpg,train/masks_original/cju7ekbo32pft0871fv7kzwb9.jpg,train/masks_binary/cju7ekbo32pft0871fv7kzwb9.png,131d46aeec8a00623a5e670a85f288866c01e6962e0e12f3e900c57bb1c74150,e0048ab33fb8da8aad13bc8bd89db5d173e33c8108d83100b75600b609de8acb
train,cju7el6xv2k520817qxx9wdr5,C:\LeDucLuong\HK VII\LuanCuNhan\DeepLearning\Test_Mau\archive\Kvasir-SEG\Kvasir-SEG\images\cju7el6xv2k520817qxx9wdr5.jpg,C:\LeDucLuong\HK VII\LuanCuNhan\DeepLearning\Test_Mau\archive\Kvasir-SEG\Kvasir-SEG\masks\cju7el6xv2k520817qxx9wdr5.jpg,train/images/cju7el6xv2k520817qxx9wdr5.jpg,train/masks_original/cju7el6xv2k520817qxx9wdr5.jpg,train/masks_binary/cju7el6xv2k520817qxx9wdr5.png,7db971f6222783c0e98cb8cf05bb5aa3751d1932d64923df9ee0b58d57643b1f,020a2388fd682bb759366862316a9f954d2d9bd4f353cb6c662439f5a70b703b
train,cju7emdni2py40871ivhxjtut,C:\LeDucLuong\HK VII\LuanCuNhan\DeepLearning\Test_Mau\archive\Kvasir-SEG\Kvasir-SEG\images\cju7emdni2py40871ivhxjtut.jpg,C:\LeDucLuong\HK VII\LuanCuNhan\DeepLearning\Test_Mau\archive\Kvasir-SEG\Kvasir-SEG\masks\cju7emdni2py40871ivhxjtut.jpg,train/images/cju7emdni2py40871ivhxjtut.jpg,train/masks_original/cju7emdni2py40871ivhxjtut.jpg,train/masks_binary/cju7emdni2py40871ivhxjtut.png,5348308c5daa729435808784f36e8705a660bd2d19eab874f986a9a9eb3da025,9bf5e6e74cd88e70e9131309b63106f4c95cd40e2b7f8cf07378232068f38049
train,cju7eotqi2qea0871y8yc7tqh,C:\LeDucLuong\HK VII\LuanCuNhan\DeepLearning\Test_Mau\archive\Kvasir-SEG\Kvasir-SEG\images\cju7eotqi2qea0871y8yc7tqh.jpg,C:\LeDucLuong\HK VII\LuanCuNhan\DeepLearning\Test_Mau\archive\Kvasir-SEG\Kvasir-SEG\masks\cju7eotqi2qea0871y8yc7tqh.jpg,train/images/cju7eotqi2qea0871y8yc7tqh.jpg,train/masks_original/cju7eotqi2qea0871y8yc7tqh.jpg,train/masks_binary/cju7eotqi2qea0871y8yc7tqh.png,22b1eed929db74e1712e97ceead28ce9f86d1613681c152a370a624f9d4bf9c2,487d44b6a4ac9bb98480658f9ae251202a742201d835ba71c1ea13132d774c7a
train,cju7epwj82koz098713apjnzo,C:\LeDucLuong\HK VII\LuanCuNhan\DeepLearning\Test_Mau\archive\Kvasir-SEG\Kvasir-SEG\images\cju7epwj82koz098713apjnzo.jpg,C:\LeDucLuong\HK VII\LuanCuNhan\DeepLearning\Test_Mau\archive\Kvasir-SEG\Kvasir-SEG\masks\cju7epwj82koz098713apjnzo.jpg,train/images/cju7epwj82koz098713apjnzo.jpg,train/masks_original/cju7epwj82koz098713apjnzo.jpg,train/masks_binary/cju7epwj82koz098713apjnzo.png,0934f2ebfd5046f4192afa20d8f189dcd92ac40dc0f75cf02b8c6362bd34b6c2,20eaa73d7ca4b30d59619c97c9a12e1ed8fc8d21b614a6fa304c89306f999e44
train,cju7er4kc2opa0801anuxc0eb,C:\LeDucLuong\HK VII\LuanCuNhan\DeepLearning\Test_Mau\archive\Kvasir-SEG\Kvasir-SEG\images\cju7er4kc2opa0801anuxc0eb.jpg,C:\LeDucLuong\HK VII\LuanCuNhan\DeepLearning\Test_Mau\archive\Kvasir-SEG\Kvasir-SEG\masks\cju7er4kc2opa0801anuxc0eb.jpg,train/images/cju7er4kc2opa0801anuxc0eb.jpg,train/masks_original/cju7er4kc2opa0801anuxc0eb.jpg,train/masks_binary/cju7er4kc2opa0801anuxc0eb.png,7fd3662e58fe840232ea097c881db5b0394dde3be51338a7b158321aa275cb71,0946b65ed2f887fc87560045eb341a3cf99757cef1b16c9746958c5d8e369819
train,cju7es23b2vcp0755gpbm9s7v,C:\LeDucLuong\HK VII\LuanCuNhan\DeepLearning\Test_Mau\archive\Kvasir-SEG\Kvasir-SEG\images\cju7es23b2vcp0755gpbm9s7v.jpg,C:\LeDucLuong\HK VII\LuanCuNhan\DeepLearning\Test_Mau\archive\Kvasir-SEG\Kvasir-SEG\masks\cju7es23b2vcp0755gpbm9s7v.jpg,train/images/cju7es23b2vcp0755gpbm9s7v.jpg,train/masks_original/cju7es23b2vcp0755gpbm9s7v.jpg,train/masks_binary/cju7es23b2vcp0755gpbm9s7v.png,16ea86f07b03fcf0f87c71150de219a97e0cb1cf2b766f0f670df429d367284a,565e9b96618a1f73357deb32ac684b87364d3b118542e4744a000156c4105a80
train,cju7et17a2vjk0755e743npl1,C:\LeDucLuong\HK VII\LuanCuNhan\DeepLearning\Test_Mau\archive\Kvasir-SEG\Kvasir-SEG\images\cju7et17a2vjk0755e743npl1.jpg,C:\LeDucLuong\HK VII\LuanCuNhan\DeepLearning\Test_Mau\archive\Kvasir-SEG\Kvasir-SEG\masks\cju7et17a2vjk0755e743npl1.jpg,train/images/cju7et17a2vjk0755e743npl1.jpg,train/masks_original/cju7et17a2vjk0755e743npl1.jpg,train/masks_binary/cju7et17a2vjk0755e743npl1.png,d5c7ca8bfab5cd5f6eb51882869dea85ed70ed8cb0168a9f5cf44ee994a9e997,1ac6238001c7fb1fe66715a099e7a8f1652f886f50e56ac861fcf7fa812be00e
train,cju7etr3y2p4t0801cdzjj8ab,C:\LeDucLuong\HK VII\LuanCuNhan\DeepLearning\Test_Mau\archive\Kvasir-SEG\Kvasir-SEG\images\cju7etr3y2p4t0801cdzjj8ab.jpg,C:\LeDucLuong\HK VII\LuanCuNhan\DeepLearning\Test_Mau\archive\Kvasir-SEG\Kvasir-SEG\masks\cju7etr3y2p4t0801cdzjj8ab.jpg,train/images/cju7etr3y2p4t0801cdzjj8ab.jpg,train/masks_original/cju7etr3y2p4t0801cdzjj8ab.jpg,train/masks_binary/cju7etr3y2p4t0801cdzjj8ab.png,a72957d178e1ca543595d5f1ec6c121c70a2bd9ecb3aed4bdf3b75046272b5ec,2c82732f735f14d8a3274aa9236cea646b1c206a452a6686378d45cb5cb96049
train,cju7eueum2oqn0850rodmx8zo,C:\LeDucLuong\HK VII\LuanCuNhan\DeepLearning\Test_Mau\archive\Kvasir-SEG\Kvasir-SEG\images\cju7eueum2oqn0850rodmx8zo.jpg,C:\LeDucLuong\HK VII\LuanCuNhan\DeepLearning\Test_Mau\archive\Kvasir-SEG\Kvasir-SEG\masks\cju7eueum2oqn0850rodmx8zo.jpg,train/images/cju7eueum2oqn0850rodmx8zo.jpg,train/masks_original/cju7eueum2oqn0850rodmx8zo.jpg,train/masks_binary/cju7eueum2oqn0850rodmx8zo.png,c56c63f21dabed7249b9c66e63bb7b669228156b24ff0f1388eea116eefa9b93,8c15d1a4524dbe70d0886dc70bcdfeb9a1ed457e820acc69a3ba19008b4ab383
train,cju7ev2b12owa08500bpfpwyw,C:\LeDucLuong\HK VII\LuanCuNhan\DeepLearning\Test_Mau\archive\Kvasir-SEG\Kvasir-SEG\images\cju7ev2b12owa08500bpfpwyw.jpg,C:\LeDucLuong\HK VII\LuanCuNhan\DeepLearning\Test_Mau\archive\Kvasir-SEG\Kvasir-SEG\masks\cju7ev2b12owa08500bpfpwyw.jpg,train/images/cju7ev2b12owa08500bpfpwyw.jpg,train/masks_original/cju7ev2b12owa08500bpfpwyw.jpg,train/masks_binary/cju7ev2b12owa08500bpfpwyw.png,1475920c9312bf1fda991ea04aa13f0d0c91ab0a2189f121a98f6f68576d9eb5,fe9c7e482435037cd71dcdd9dd839f53f0429ca995e3e92574a3b06e9c715e33
train,cju7evxt12m730987rxivne3x,C:\LeDucLuong\HK VII\LuanCuNhan\DeepLearning\Test_Mau\archive\Kvasir-SEG\Kvasir-SEG\images\cju7evxt12m730987rxivne3x.jpg,C:\LeDucLuong\HK VII\LuanCuNhan\DeepLearning\Test_Mau\archive\Kvasir-SEG\Kvasir-SEG\masks\cju7evxt12m730987rxivne3x.jpg,train/images/cju7evxt12m730987rxivne3x.jpg,train/masks_original/cju7evxt12m730987rxivne3x.jpg,train/masks_binary/cju7evxt12m730987rxivne3x.png,b83e5e3ba43f0f649373d2f374bfd5674df659dcc4c7440c77e8eb9b45933a95,7ca8bc67ce342b131236a8b6c624d70cec45f4f2bcb5baef67fa9d25690588c9
train,cju7ey10f2rvf0871bwbi9x82,C:\LeDucLuong\HK VII\LuanCuNhan\DeepLearning\Test_Mau\archive\Kvasir-SEG\Kvasir-SEG\images\cju7ey10f2rvf0871bwbi9x82.jpg,C:\LeDucLuong\HK VII\LuanCuNhan\DeepLearning\Test_Mau\archive\Kvasir-SEG\Kvasir-SEG\masks\cju7ey10f2rvf0871bwbi9x82.jpg,train/images/cju7ey10f2rvf0871bwbi9x82.jpg,train/masks_original/cju7ey10f2rvf0871bwbi9x82.jpg,train/masks_binary/cju7ey10f2rvf0871bwbi9x82.png,182d1c18f536524330f33ed05b89493d1943749d6832b5608d212316e3670fb4,d136ee9aef65e13efad553e140fa6081cf01f5011d3563a43e9715eebd896687
train,cju7ez7r22qbc08015xfoz2wb,C:\LeDucLuong\HK VII\LuanCuNhan\DeepLearning\Test_Mau\archive\Kvasir-SEG\Kvasir-SEG\images\cju7ez7r22qbc08015xfoz2wb.jpg,C:\LeDucLuong\HK VII\LuanCuNhan\DeepLearning\Test_Mau\archive\Kvasir-SEG\Kvasir-SEG\masks\cju7ez7r22qbc08015xfoz2wb.jpg,train/images/cju7ez7r22qbc08015xfoz2wb.jpg,train/masks_original/cju7ez7r22qbc08015xfoz2wb.jpg,train/masks_binary/cju7ez7r22qbc08015xfoz2wb.png,84d5959456d01558a6e1c194e7dc5963a29bc8740bfbe85c8efcb9fa6ad0bfb3,9f326782aafc3e6c2287e7d0d4fe32b7167311e4ddc74266656012caebefd87b
train,cju7ezs7g2mxm098787atbran,C:\LeDucLuong\HK VII\LuanCuNhan\DeepLearning\Test_Mau\archive\Kvasir-SEG\Kvasir-SEG\images\cju7ezs7g2mxm098787atbran.jpg,C:\LeDucLuong\HK VII\LuanCuNhan\DeepLearning\Test_Mau\archive\Kvasir-SEG\Kvasir-SEG\masks\cju7ezs7g2mxm098787atbran.jpg,train/images/cju7ezs7g2mxm098787atbran.jpg,train/masks_original/cju7ezs7g2mxm098787atbran.jpg,train/masks_binary/cju7ezs7g2mxm098787atbran.png,bb33ff03f95b21a228be7f90e75641dc4bb1306bea54edac54d37c45416d51a6,a45dfee53f0f622d7e794e4fd3bedd06f5faff193a3eb11769f6015e99d32a20
train,cju7f0ec32txj08184asb8w5f,C:\LeDucLuong\HK VII\LuanCuNhan\DeepLearning\Test_Mau\archive\Kvasir-SEG\Kvasir-SEG\images\cju7f0ec32txj08184asb8w5f.jpg,C:\LeDucLuong\HK VII\LuanCuNhan\DeepLearning\Test_Mau\archive\Kvasir-SEG\Kvasir-SEG\masks\cju7f0ec32txj08184asb8w5f.jpg,train/images/cju7f0ec32txj08184asb8w5f.jpg,train/masks_original/cju7f0ec32txj08184asb8w5f.jpg,train/masks_binary/cju7f0ec32txj08184asb8w5f.png,7d7e9d499a75c2a02443bec26e4ef16dd09e9226156224861466a0b37a3d9281,4f2b2df646c4abe0bae76525b576a0dc6d093e9c2cbb715fad74610edc0d2aac
train,cju7f4sc62xqj075597xpmuoy,C:\LeDucLuong\HK VII\LuanCuNhan\DeepLearning\Test_Mau\archive\Kvasir-SEG\Kvasir-SEG\images\cju7f4sc62xqj075597xpmuoy.jpg,C:\LeDucLuong\HK VII\LuanCuNhan\DeepLearning\Test_Mau\archive\Kvasir-SEG\Kvasir-SEG\masks\cju7f4sc62xqj075597xpmuoy.jpg,train/images/cju7f4sc62xqj075597xpmuoy.jpg,train/masks_original/cju7f4sc62xqj075597xpmuoy.jpg,train/masks_binary/cju7f4sc62xqj075597xpmuoy.png,8347d29365a704503b2c66f8e841ffcc4314a81ef3304699f9eb5cb12f47c4bd,74fa52315448b2ca0833f521b4bea85e70944fd3e3552516a8039c88fec34a5f
train,cju7f5ghb2r5s0801chwkxxh9,C:\LeDucLuong\HK VII\LuanCuNhan\DeepLearning\Test_Mau\archive\Kvasir-SEG\Kvasir-SEG\images\cju7f5ghb2r5s0801chwkxxh9.jpg,C:\LeDucLuong\HK VII\LuanCuNhan\DeepLearning\Test_Mau\archive\Kvasir-SEG\Kvasir-SEG\masks\cju7f5ghb2r5s0801chwkxxh9.jpg,train/images/cju7f5ghb2r5s0801chwkxxh9.jpg,train/masks_original/cju7f5ghb2r5s0801chwkxxh9.jpg,train/masks_binary/cju7f5ghb2r5s0801chwkxxh9.png,0fea1f0f53aebd2990a0048cb8b68ce45d3843f3e3910a619fe58c51d25ef4e2,128815606f451942d64b674e98070813dca2f9a2f4a567912f763487f84a9be9
train,cju7f6cqy2ur20818t1saazbm,C:\LeDucLuong\HK VII\LuanCuNhan\DeepLearning\Test_Mau\archive\Kvasir-SEG\Kvasir-SEG\images\cju7f6cqy2ur20818t1saazbm.jpg,C:\LeDucLuong\HK VII\LuanCuNhan\DeepLearning\Test_Mau\archive\Kvasir-SEG\Kvasir-SEG\masks\cju7f6cqy2ur20818t1saazbm.jpg,train/images/cju7f6cqy2ur20818t1saazbm.jpg,train/masks_original/cju7f6cqy2ur20818t1saazbm.jpg,train/masks_binary/cju7f6cqy2ur20818t1saazbm.png,e92d12e05aea79d2c28fb2a380ed717f653c3c1d7152c92cbab7415fe519e08a,778848a8665694f8bfc31bc412776be317dd79437c6ad657536bb8f3c0e89dab
train,cju7f900s2o0k08175gl1giid,C:\LeDucLuong\HK VII\LuanCuNhan\DeepLearning\Test_Mau\archive\Kvasir-SEG\Kvasir-SEG\images\cju7f900s2o0k08175gl1giid.jpg,C:\LeDucLuong\HK VII\LuanCuNhan\DeepLearning\Test_Mau\archive\Kvasir-SEG\Kvasir-SEG\masks\cju7f900s2o0k08175gl1giid.jpg,train/images/cju7f900s2o0k08175gl1giid.jpg,train/masks_original/cju7f900s2o0k08175gl1giid.jpg,train/masks_binary/cju7f900s2o0k08175gl1giid.png,ad2d6033c10a6914fc546b4842a614fc5da0ef91f447fd4e85e14f811f9d183c,6f2de38eb37dce75e82974df9f0fbbbc11b89bd6ba47efa9d0eb4dd0dd31a2bd
train,cju7f9umg2olj0987fj5y285w,C:\LeDucLuong\HK VII\LuanCuNhan\DeepLearning\Test_Mau\archive\Kvasir-SEG\Kvasir-SEG\images\cju7f9umg2olj0987fj5y285w.jpg,C:\LeDucLuong\HK VII\LuanCuNhan\DeepLearning\Test_Mau\archive\Kvasir-SEG\Kvasir-SEG\masks\cju7f9umg2olj0987fj5y285w.jpg,train/images/cju7f9umg2olj0987fj5y285w.jpg,train/masks_original/cju7f9umg2olj0987fj5y285w.jpg,train/masks_binary/cju7f9umg2olj0987fj5y285w.png,2df8dfd14f33701c7023f9b9e8b7d82fea183d59142655e16d921972ba0d2bf2,d9272d0370979625b0dbefd6094d5a7f6e9a2b538ab2c5ca7039fe3c189087a6
train,cju7fazv92ywx0755xov2erga,C:\LeDucLuong\HK VII\LuanCuNhan\DeepLearning\Test_Mau\archive\Kvasir-SEG\Kvasir-SEG\images\cju7fazv92ywx0755xov2erga.jpg,C:\LeDucLuong\HK VII\LuanCuNhan\DeepLearning\Test_Mau\archive\Kvasir-SEG\Kvasir-SEG\masks\cju7fazv92ywx0755xov2erga.jpg,train/images/cju7fazv92ywx0755xov2erga.jpg,train/masks_original/cju7fazv92ywx0755xov2erga.jpg,train/masks_binary/cju7fazv92ywx0755xov2erga.png,517c433b137d72ae9f62ae288aeec227991479536a161f0b43e76f37c561ff0d,0f84059ec67ca8652e7b62eccbda03c90b570eef06cdae9e231d5792837ce665
train,cju7fbndk2sl608015ravktum,C:\LeDucLuong\HK VII\LuanCuNhan\DeepLearning\Test_Mau\archive\Kvasir-SEG\Kvasir-SEG\images\cju7fbndk2sl608015ravktum.jpg,C:\LeDucLuong\HK VII\LuanCuNhan\DeepLearning\Test_Mau\archive\Kvasir-SEG\Kvasir-SEG\masks\cju7fbndk2sl608015ravktum.jpg,train/images/cju7fbndk2sl608015ravktum.jpg,train/masks_original/cju7fbndk2sl608015ravktum.jpg,train/masks_binary/cju7fbndk2sl608015ravktum.png,44d3bb536d753f55af355160979e4151c75d71774ca480c345f6aef4c4b8f802,c62395eb1afe22f442f3e40818eb436b9bcfcd48dd138cec87e76dcf78e5903d
train,cju7fcgbe2z3p07550vaflqdb,C:\LeDucLuong\HK VII\LuanCuNhan\DeepLearning\Test_Mau\archive\Kvasir-SEG\Kvasir-SEG\images\cju7fcgbe2z3p07550vaflqdb.jpg,C:\LeDucLuong\HK VII\LuanCuNhan\DeepLearning\Test_Mau\archive\Kvasir-SEG\Kvasir-SEG\masks\cju7fcgbe2z3p07550vaflqdb.jpg,train/images/cju7fcgbe2z3p07550vaflqdb.jpg,train/masks_original/cju7fcgbe2z3p07550vaflqdb.jpg,train/masks_binary/cju7fcgbe2z3p07550vaflqdb.png,3159ede3e8f8533ddfd14bcf058d6d0f725403b3dd2df118a676fc55cf2c6f9b,97602831c5ec00ad91b1767396621861f21875a0c0d2fcfd758f75b852ec05ef
train,cju7fd6yt2p740987wkr8exo1,C:\LeDucLuong\HK VII\LuanCuNhan\DeepLearning\Test_Mau\archive\Kvasir-SEG\Kvasir-SEG\images\cju7fd6yt2p740987wkr8exo1.jpg,C:\LeDucLuong\HK VII\LuanCuNhan\DeepLearning\Test_Mau\archive\Kvasir-SEG\Kvasir-SEG\masks\cju7fd6yt2p740987wkr8exo1.jpg,train/images/cju7fd6yt2p740987wkr8exo1.jpg,train/masks_original/cju7fd6yt2p740987wkr8exo1.jpg,train/masks_binary/cju7fd6yt2p740987wkr8exo1.png,e62d1734e14678595cd704d16ffec0edc171932f25e5503e5c62f31fb39a1ece,fd4a9c00d9e7a64f5b8cc8d6b3fdcadfe63e8488762e1971d93976315efaa097
train,cju7fen322ou10817ziqkob4k,C:\LeDucLuong\HK VII\LuanCuNhan\DeepLearning\Test_Mau\archive\Kvasir-SEG\Kvasir-SEG\images\cju7fen322ou10817ziqkob4k.jpg,C:\LeDucLuong\HK VII\LuanCuNhan\DeepLearning\Test_Mau\archive\Kvasir-SEG\Kvasir-SEG\masks\cju7fen322ou10817ziqkob4k.jpg,train/images/cju7fen322ou10817ziqkob4k.jpg,train/masks_original/cju7fen322ou10817ziqkob4k.jpg,train/masks_binary/cju7fen322ou10817ziqkob4k.png,13878939ffffd344ae87bb02fdf58682d746e39886dc15d6ff54babcabffde1a,7fdd38463b3c03cf19be9c5068ce3e29493a92cdfcf3978182981bf791d03a1c
train,cju7ff97z2ow40817u2r83my5,C:\LeDucLuong\HK VII\LuanCuNhan\DeepLearning\Test_Mau\archive\Kvasir-SEG\Kvasir-SEG\images\cju7ff97z2ow40817u2r83my5.jpg,C:\LeDucLuong\HK VII\LuanCuNhan\DeepLearning\Test_Mau\archive\Kvasir-SEG\Kvasir-SEG\masks\cju7ff97z2ow40817u2r83my5.jpg,train/images/cju7ff97z2ow40817u2r83my5.jpg,train/masks_original/cju7ff97z2ow40817u2r83my5.jpg,train/masks_binary/cju7ff97z2ow40817u2r83my5.png,7032169fdc566333113d0e6d2e0090fd0c194c102670d3695f77e70e4d57c45c,02db05f78e41f7c348a9ee4a56b83cb3d129b26651e9ab9e1d646f82dc9414c1
train,cju7flevb2wii08188otgs9p2,C:\LeDucLuong\HK VII\LuanCuNhan\DeepLearning\Test_Mau\archive\Kvasir-SEG\Kvasir-SEG\images\cju7flevb2wii08188otgs9p2.jpg,C:\LeDucLuong\HK VII\LuanCuNhan\DeepLearning\Test_Mau\archive\Kvasir-SEG\Kvasir-SEG\masks\cju7flevb2wii08188otgs9p2.jpg,train/images/cju7flevb2wii08188otgs9p2.jpg,train/masks_original/cju7flevb2wii08188otgs9p2.jpg,train/masks_binary/cju7flevb2wii08188otgs9p2.png,1c9b961451d83df5b288035fd67c857344b26650e3f9e3dcec37fee645f8c075,ec508597c0313280eaa7e979ec9a5bdf12c5a6ccbc82faf817e5a196fdb3ebaa
train,cju7fmvpk2q170987v6i3ola8,C:\LeDucLuong\HK VII\LuanCuNhan\DeepLearning\Test_Mau\archive\Kvasir-SEG\Kvasir-SEG\images\cju7fmvpk2q170987v6i3ola8.jpg,C:\LeDucLuong\HK VII\LuanCuNhan\DeepLearning\Test_Mau\archive\Kvasir-SEG\Kvasir-SEG\masks\cju7fmvpk2q170987v6i3ola8.jpg,train/images/cju7fmvpk2q170987v6i3ola8.jpg,train/masks_original/cju7fmvpk2q170987v6i3ola8.jpg,train/masks_binary/cju7fmvpk2q170987v6i3ola8.png,570eb7118437e682f3c7f50cae18aa591d5ed3a666eb97dec94316250115ef00,763c4945cea83e14b723010025b3356f40dc66cb97583fe44076b493bfe417a3
train,cju7fnfv02tt90801djnix9m8,C:\LeDucLuong\HK VII\LuanCuNhan\DeepLearning\Test_Mau\archive\Kvasir-SEG\Kvasir-SEG\images\cju7fnfv02tt90801djnix9m8.jpg,C:\LeDucLuong\HK VII\LuanCuNhan\DeepLearning\Test_Mau\archive\Kvasir-SEG\Kvasir-SEG\masks\cju7fnfv02tt90801djnix9m8.jpg,train/images/cju7fnfv02tt90801djnix9m8.jpg,train/masks_original/cju7fnfv02tt90801djnix9m8.jpg,train/masks_binary/cju7fnfv02tt90801djnix9m8.png,c4d3c9fcde2be2f32cb720581ddfcd542d54de7aac747b6c833354d936490360,47fd1dcad9c5843be3d22a9d0300a15d6ab6b80062a845cd7f79bbc7b65f4f21
train,cju7fob3x301u0755x985pmmq,C:\LeDucLuong\HK VII\LuanCuNhan\DeepLearning\Test_Mau\archive\Kvasir-SEG\Kvasir-SEG\images\cju7fob3x301u0755x985pmmq.jpg,C:\LeDucLuong\HK VII\LuanCuNhan\DeepLearning\Test_Mau\archive\Kvasir-SEG\Kvasir-SEG\masks\cju7fob3x301u0755x985pmmq.jpg,train/images/cju7fob3x301u0755x985pmmq.jpg,train/masks_original/cju7fob3x301u0755x985pmmq.jpg,train/masks_binary/cju7fob3x301u0755x985pmmq.png,38916aac6941bfb54f488d9019a07cfb2871e0f105e0521680e33bc829763af2,7d2472f796cc89e8b6fc7b8656c29b019dd458949f636ef5b80d6521120116fe
train,cju7fpfzq2wyf0818xxd1oziv,C:\LeDucLuong\HK VII\LuanCuNhan\DeepLearning\Test_Mau\archive\Kvasir-SEG\Kvasir-SEG\images\cju7fpfzq2wyf0818xxd1oziv.jpg,C:\LeDucLuong\HK VII\LuanCuNhan\DeepLearning\Test_Mau\archive\Kvasir-SEG\Kvasir-SEG\masks\cju7fpfzq2wyf0818xxd1oziv.jpg,train/images/cju7fpfzq2wyf0818xxd1oziv.jpg,train/masks_original/cju7fpfzq2wyf0818xxd1oziv.jpg,train/masks_binary/cju7fpfzq2wyf0818xxd1oziv.png,5e07f9db50748d9552b31acee85924ecd04fd2ed29c222478e8b65908cd80dec,4313c86f96ae00b7a9b6560bf3a9eea75a279be9fa37ee8786f216685d8c68f7
train,cju7fq7mm2pw508176uk5ugtx,C:\LeDucLuong\HK VII\LuanCuNhan\DeepLearning\Test_Mau\archive\Kvasir-SEG\Kvasir-SEG\images\cju7fq7mm2pw508176uk5ugtx.jpg,C:\LeDucLuong\HK VII\LuanCuNhan\DeepLearning\Test_Mau\archive\Kvasir-SEG\Kvasir-SEG\masks\cju7fq7mm2pw508176uk5ugtx.jpg,train/images/cju7fq7mm2pw508176uk5ugtx.jpg,train/masks_original/cju7fq7mm2pw508176uk5ugtx.jpg,train/masks_binary/cju7fq7mm2pw508176uk5ugtx.png,304b2c28c2ce1a5ae1cca44d878a4fb808e13982d9152d3f960026fa2a9748aa,d805dc8497be449d9b73f9ee77293afca2fa02371d692eeeaec91968a4550657
train,cju7frtqu2xa20818wq8r9fzf,C:\LeDucLuong\HK VII\LuanCuNhan\DeepLearning\Test_Mau\archive\Kvasir-SEG\Kvasir-SEG\images\cju7frtqu2xa20818wq8r9fzf.jpg,C:\LeDucLuong\HK VII\LuanCuNhan\DeepLearning\Test_Mau\archive\Kvasir-SEG\Kvasir-SEG\masks\cju7frtqu2xa20818wq8r9fzf.jpg,train/images/cju7frtqu2xa20818wq8r9fzf.jpg,train/masks_original/cju7frtqu2xa20818wq8r9fzf.jpg,train/masks_binary/cju7frtqu2xa20818wq8r9fzf.png,6abda4236d2fb844471eb21065f7da0af5642288af25ad7712ea0c66b7519434,113ac36b96791985aafa5e7a8214c8bd25278bc2702239bbd1480cb588fdf06c
train,cju7g7ba42z310987bqzbi2bq,C:\LeDucLuong\HK VII\LuanCuNhan\DeepLearning\Test_Mau\archive\Kvasir-SEG\Kvasir-SEG\images\cju7g7ba42z310987bqzbi2bq.jpg,C:\LeDucLuong\HK VII\LuanCuNhan\DeepLearning\Test_Mau\archive\Kvasir-SEG\Kvasir-SEG\masks\cju7g7ba42z310987bqzbi2bq.jpg,train/images/cju7g7ba42z310987bqzbi2bq.jpg,train/masks_original/cju7g7ba42z310987bqzbi2bq.jpg,train/masks_binary/cju7g7ba42z310987bqzbi2bq.png,c7d1a9a833683a4bc503472173b2e7bdfdbb99aedb937955eaf644e87cbdb2e5,9927fcd97b57a5dbd5881d91c78388243450894de2a974ba06ae4effc0060e8a
train,cju83h9ysjwe808716nt35oah,C:\LeDucLuong\HK VII\LuanCuNhan\DeepLearning\Test_Mau\archive\Kvasir-SEG\Kvasir-SEG\images\cju83h9ysjwe808716nt35oah.jpg,C:\LeDucLuong\HK VII\LuanCuNhan\DeepLearning\Test_Mau\archive\Kvasir-SEG\Kvasir-SEG\masks\cju83h9ysjwe808716nt35oah.jpg,train/images/cju83h9ysjwe808716nt35oah.jpg,train/masks_original/cju83h9ysjwe808716nt35oah.jpg,train/masks_binary/cju83h9ysjwe808716nt35oah.png,3a5c50c2e0ec20cf5854fa28b204317bf77be34428c2ca1772d782bccd4f5a0a,3c955c28a674841e281d4f9a800345be150af588a1f2531b8c2dab0ceb13c36b
train,cju83ipu3jwpx0801z5pvguf8,C:\LeDucLuong\HK VII\LuanCuNhan\DeepLearning\Test_Mau\archive\Kvasir-SEG\Kvasir-SEG\images\cju83ipu3jwpx0801z5pvguf8.jpg,C:\LeDucLuong\HK VII\LuanCuNhan\DeepLearning\Test_Mau\archive\Kvasir-SEG\Kvasir-SEG\masks\cju83ipu3jwpx0801z5pvguf8.jpg,train/images/cju83ipu3jwpx0801z5pvguf8.jpg,train/masks_original/cju83ipu3jwpx0801z5pvguf8.jpg,train/masks_binary/cju83ipu3jwpx0801z5pvguf8.png,b549041724906c935a22a49f3039055d96f59e5cc1378b26d2ace04494ca2abb,541a4d584135dc0b639d887f8e33c0ebfd093d36e6ac475085f049141c034994
train,cju83k8fyjsxr0817d6nxs6r4,C:\LeDucLuong\HK VII\LuanCuNhan\DeepLearning\Test_Mau\archive\Kvasir-SEG\Kvasir-SEG\images\cju83k8fyjsxr0817d6nxs6r4.jpg,C:\LeDucLuong\HK VII\LuanCuNhan\DeepLearning\Test_Mau\archive\Kvasir-SEG\Kvasir-SEG\masks\cju83k8fyjsxr0817d6nxs6r4.jpg,train/images/cju83k8fyjsxr0817d6nxs6r4.jpg,train/masks_original/cju83k8fyjsxr0817d6nxs6r4.jpg,train/masks_binary/cju83k8fyjsxr0817d6nxs6r4.png,3bde6f6d5710d3cdb5dfe8c9e9486a15020a6da274d1f817b99eec8e60a3a3ec,0ee2eb1352faa44bd69a404fdef41aa7ff8518c9dbc885d8055e762021cb7cb4
train,cju83kxitjv340987z09m0ezy,C:\LeDucLuong\HK VII\LuanCuNhan\DeepLearning\Test_Mau\archive\Kvasir-SEG\Kvasir-SEG\images\cju83kxitjv340987z09m0ezy.jpg,C:\LeDucLuong\HK VII\LuanCuNhan\DeepLearning\Test_Mau\archive\Kvasir-SEG\Kvasir-SEG\masks\cju83kxitjv340987z09m0ezy.jpg,train/images/cju83kxitjv340987z09m0ezy.jpg,train/masks_original/cju83kxitjv340987z09m0ezy.jpg,train/masks_binary/cju83kxitjv340987z09m0ezy.png,bd0c8f78cbdd4d869d529bab18bf8071920c580648552d546a3187536cacfd6e,97f7391f84fa85f1896afe1d834378ac96d9f4ccae1cc35f55a6248525063e3f
train,cju83mki1jv5w0817kubxm31r,C:\LeDucLuong\HK VII\LuanCuNhan\DeepLearning\Test_Mau\archive\Kvasir-SEG\Kvasir-SEG\images\cju83mki1jv5w0817kubxm31r.jpg,C:\LeDucLuong\HK VII\LuanCuNhan\DeepLearning\Test_Mau\archive\Kvasir-SEG\Kvasir-SEG\masks\cju83mki1jv5w0817kubxm31r.jpg,train/images/cju83mki1jv5w0817kubxm31r.jpg,train/masks_original/cju83mki1jv5w0817kubxm31r.jpg,train/masks_binary/cju83mki1jv5w0817kubxm31r.png,4bd40086747d9cbe422f722522e0d5a12a71799a80fbf4777fc65e8271054af3,3916558f6aaa30fb845e4a17dcb9cf00f85694a1fe0b06cf0e63a55392f17bcf
train,cju83nwu1jxte0987h1krpfmv,C:\LeDucLuong\HK VII\LuanCuNhan\DeepLearning\Test_Mau\archive\Kvasir-SEG\Kvasir-SEG\images\cju83nwu1jxte0987h1krpfmv.jpg,C:\LeDucLuong\HK VII\LuanCuNhan\DeepLearning\Test_Mau\archive\Kvasir-SEG\Kvasir-SEG\masks\cju83nwu1jxte0987h1krpfmv.jpg,train/images/cju83nwu1jxte0987h1krpfmv.jpg,train/masks_original/cju83nwu1jxte0987h1krpfmv.jpg,train/masks_binary/cju83nwu1jxte0987h1krpfmv.png,bdfafc671ce0488c80f69a6f0bdb31ed0cf2861cfd0a7393115b9ea0150676a0,1472ca5cf6912d60db7b9f4b6e031fe6374a0dccc1a68fcf7b1388cf56805794
train,cju83qd0yjyht0817ktkfl268,C:\LeDucLuong\HK VII\LuanCuNhan\DeepLearning\Test_Mau\archive\Kvasir-SEG\Kvasir-SEG\images\cju83qd0yjyht0817ktkfl268.jpg,C:\LeDucLuong\HK VII\LuanCuNhan\DeepLearning\Test_Mau\archive\Kvasir-SEG\Kvasir-SEG\masks\cju83qd0yjyht0817ktkfl268.jpg,train/images/cju83qd0yjyht0817ktkfl268.jpg,train/masks_original/cju83qd0yjyht0817ktkfl268.jpg,train/masks_binary/cju83qd0yjyht0817ktkfl268.png,724634684ccadb2473c84079fa88a9a31862a6403eafd18f37e0c1863bf667fa,f99b0e6f6c2e13b7616fc42c55ccab7edbba3402bd81b5812ce4a506a1ebcf57
train,cju83rcnzkbsj0755x5anfrcg,C:\LeDucLuong\HK VII\LuanCuNhan\DeepLearning\Test_Mau\archive\Kvasir-SEG\Kvasir-SEG\images\cju83rcnzkbsj0755x5anfrcg.jpg,C:\LeDucLuong\HK VII\LuanCuNhan\DeepLearning\Test_Mau\archive\Kvasir-SEG\Kvasir-SEG\masks\cju83rcnzkbsj0755x5anfrcg.jpg,train/images/cju83rcnzkbsj0755x5anfrcg.jpg,train/masks_original/cju83rcnzkbsj0755x5anfrcg.jpg,train/masks_binary/cju83rcnzkbsj0755x5anfrcg.png,6d97f6a54052f82369794b19b6e2922fe52883d7649f58f2ab479908067e80da,ac0eb33c9977cd26e12d90df7c13e2cc893adba987a14eaffbdcf9ea069aaa21
train,cju83syhdk6gs0801rf1rekdl,C:\LeDucLuong\HK VII\LuanCuNhan\DeepLearning\Test_Mau\archive\Kvasir-SEG\Kvasir-SEG\images\cju83syhdk6gs0801rf1rekdl.jpg,C:\LeDucLuong\HK VII\LuanCuNhan\DeepLearning\Test_Mau\archive\Kvasir-SEG\Kvasir-SEG\masks\cju83syhdk6gs0801rf1rekdl.jpg,train/images/cju83syhdk6gs0801rf1rekdl.jpg,train/masks_original/cju83syhdk6gs0801rf1rekdl.jpg,train/masks_binary/cju83syhdk6gs0801rf1rekdl.png,392e311a40a3fa42118fdd2889e78dffa24a81cdac8d0a071c4675ba5fb69957,17c103c03f61c0224d9ff4ae6ef91ef91bfa0151ae0b48a50a8be8e1ecaf25a0
train,cju83u9ftk3ni0987qnhlcinv,C:\LeDucLuong\HK VII\LuanCuNhan\DeepLearning\Test_Mau\archive\Kvasir-SEG\Kvasir-SEG\images\cju83u9ftk3ni0987qnhlcinv.jpg,C:\LeDucLuong\HK VII\LuanCuNhan\DeepLearning\Test_Mau\archive\Kvasir-SEG\Kvasir-SEG\masks\cju83u9ftk3ni0987qnhlcinv.jpg,train/images/cju83u9ftk3ni0987qnhlcinv.jpg,train/masks_original/cju83u9ftk3ni0987qnhlcinv.jpg,train/masks_binary/cju83u9ftk3ni0987qnhlcinv.png,d23dbafecff58182555209d177eb8c96b8dfef5c21983ed8accb195cfc6d17a5,f10a489fb268e2e76648c59146591db829dfb6dfc1687f85cb1e1398afa1064f
train,cju83vvmik9wa08710yeh7cuk,C:\LeDucLuong\HK VII\LuanCuNhan\DeepLearning\Test_Mau\archive\Kvasir-SEG\Kvasir-SEG\images\cju83vvmik9wa08710yeh7cuk.jpg,C:\LeDucLuong\HK VII\LuanCuNhan\DeepLearning\Test_Mau\archive\Kvasir-SEG\Kvasir-SEG\masks\cju83vvmik9wa08710yeh7cuk.jpg,train/images/cju83vvmik9wa08710yeh7cuk.jpg,train/masks_original/cju83vvmik9wa08710yeh7cuk.jpg,train/masks_binary/cju83vvmik9wa08710yeh7cuk.png,da34bab84c70a9389c406f0a5e8b7a728e3adca50c0741b5cd3c5439c56086da,a6b43dc5c23f79a4d83132068e377db3d37bb3e96b9b7ced782475527f1799cf
train,cju83wwn1k55e0850kw6i2d81,C:\LeDucLuong\HK VII\LuanCuNhan\DeepLearning\Test_Mau\archive\Kvasir-SEG\Kvasir-SEG\images\cju83wwn1k55e0850kw6i2d81.jpg,C:\LeDucLuong\HK VII\LuanCuNhan\DeepLearning\Test_Mau\archive\Kvasir-SEG\Kvasir-SEG\masks\cju83wwn1k55e0850kw6i2d81.jpg,train/images/cju83wwn1k55e0850kw6i2d81.jpg,train/masks_original/cju83wwn1k55e0850kw6i2d81.jpg,train/masks_binary/cju83wwn1k55e0850kw6i2d81.png,02b183a829883403ff695f070f7172212c9d903eededd5c1b811939af49fc328,832333bb60f290e7c4bdeef248c1105e6501fab1504e71c50ced051c7d61948e
train,cju83yddek68q0850d2x7zfkm,C:\LeDucLuong\HK VII\LuanCuNhan\DeepLearning\Test_Mau\archive\Kvasir-SEG\Kvasir-SEG\images\cju83yddek68q0850d2x7zfkm.jpg,C:\LeDucLuong\HK VII\LuanCuNhan\DeepLearning\Test_Mau\archive\Kvasir-SEG\Kvasir-SEG\masks\cju83yddek68q0850d2x7zfkm.jpg,train/images/cju83yddek68q0850d2x7zfkm.jpg,train/masks_original/cju83yddek68q0850d2x7zfkm.jpg,train/masks_binary/cju83yddek68q0850d2x7zfkm.png,0dc452c1737d9c7d937afc1d05053e3c09501778addbc405b94bd7e1b9314bda,baa5356fed22ca571964adb77cd74ebb8bb76f71b1d9d84dc1c2bd7819a8e1b4
train,cju8402x1kcy70801t6kz6bdi,C:\LeDucLuong\HK VII\LuanCuNhan\DeepLearning\Test_Mau\archive\Kvasir-SEG\Kvasir-SEG\images\cju8402x1kcy70801t6kz6bdi.jpg,C:\LeDucLuong\HK VII\LuanCuNhan\DeepLearning\Test_Mau\archive\Kvasir-SEG\Kvasir-SEG\masks\cju8402x1kcy70801t6kz6bdi.jpg,train/images/cju8402x1kcy70801t6kz6bdi.jpg,train/masks_original/cju8402x1kcy70801t6kz6bdi.jpg,train/masks_binary/cju8402x1kcy70801t6kz6bdi.png,2c3774428ac95fe84f920abf638e9ec4bb08feb8b3276d869c44d91341b5e8d7,f8e59677a0186ce0f742f752bcfcefca3c84139d13b6e18188ce6c1cfde0ee68
train,cju8418jhkf7d0818ga2v0xq0,C:\LeDucLuong\HK VII\LuanCuNhan\DeepLearning\Test_Mau\archive\Kvasir-SEG\Kvasir-SEG\images\cju8418jhkf7d0818ga2v0xq0.jpg,C:\LeDucLuong\HK VII\LuanCuNhan\DeepLearning\Test_Mau\archive\Kvasir-SEG\Kvasir-SEG\masks\cju8418jhkf7d0818ga2v0xq0.jpg,train/images/cju8418jhkf7d0818ga2v0xq0.jpg,train/masks_original/cju8418jhkf7d0818ga2v0xq0.jpg,train/masks_binary/cju8418jhkf7d0818ga2v0xq0.png,13995f51758c048f6b2c82b8a12adc896c5c2c6e3db190ac689de15c6c22b1e1,3ed2c74180247640e0e382df4f69219ce7ba3f368d8d804653420ab724e94e69
train,cju8432cmkgq90871cxe4iptl,C:\LeDucLuong\HK VII\LuanCuNhan\DeepLearning\Test_Mau\archive\Kvasir-SEG\Kvasir-SEG\images\cju8432cmkgq90871cxe4iptl.jpg,C:\LeDucLuong\HK VII\LuanCuNhan\DeepLearning\Test_Mau\archive\Kvasir-SEG\Kvasir-SEG\masks\cju8432cmkgq90871cxe4iptl.jpg,train/images/cju8432cmkgq90871cxe4iptl.jpg,train/masks_original/cju8432cmkgq90871cxe4iptl.jpg,train/masks_binary/cju8432cmkgq90871cxe4iptl.png,4a0d51da5477ddb52d12de7593c7a5dc36482a3265f4bec8a3934ccc5a896d5a,a3459245a996daa0633216024926681d45970ff463000795af0147c9c6694606
train,cju843yjskhq30818qre4rwm2,C:\LeDucLuong\HK VII\LuanCuNhan\DeepLearning\Test_Mau\archive\Kvasir-SEG\Kvasir-SEG\images\cju843yjskhq30818qre4rwm2.jpg,C:\LeDucLuong\HK VII\LuanCuNhan\DeepLearning\Test_Mau\archive\Kvasir-SEG\Kvasir-SEG\masks\cju843yjskhq30818qre4rwm2.jpg,train/images/cju843yjskhq30818qre4rwm2.jpg,train/masks_original/cju843yjskhq30818qre4rwm2.jpg,train/masks_binary/cju843yjskhq30818qre4rwm2.png,860ddf686004d581def7e2244883c86dcd260c0d3f7ec0ca0ca051bc5dea6490,42ef74860b9c193964565b38591456d81e85f0455313522a3d3832b5268ce648
train,cju846ec0kj7z08012o10klrb,C:\LeDucLuong\HK VII\LuanCuNhan\DeepLearning\Test_Mau\archive\Kvasir-SEG\Kvasir-SEG\images\cju846ec0kj7z08012o10klrb.jpg,C:\LeDucLuong\HK VII\LuanCuNhan\DeepLearning\Test_Mau\archive\Kvasir-SEG\Kvasir-SEG\masks\cju846ec0kj7z08012o10klrb.jpg,train/images/cju846ec0kj7z08012o10klrb.jpg,train/masks_original/cju846ec0kj7z08012o10klrb.jpg,train/masks_binary/cju846ec0kj7z08012o10klrb.png,e4405081a4a3a7d6f817fb0037ec09e1779d0832865f4b2939599cc5f59d0291,826a1cfa386d64f231a6d5967377c55f6cce627b2b050c80a8a68ff1fe17f10d
train,cju847pxykriq0755268ktrk2,C:\LeDucLuong\HK VII\LuanCuNhan\DeepLearning\Test_Mau\archive\Kvasir-SEG\Kvasir-SEG\images\cju847pxykriq0755268ktrk2.jpg,C:\LeDucLuong\HK VII\LuanCuNhan\DeepLearning\Test_Mau\archive\Kvasir-SEG\Kvasir-SEG\masks\cju847pxykriq0755268ktrk2.jpg,train/images/cju847pxykriq0755268ktrk2.jpg,train/masks_original/cju847pxykriq0755268ktrk2.jpg,train/masks_binary/cju847pxykriq0755268ktrk2.png,1f2bdd971c0ec10caf434d3e194e46e6383562b2cde1e493b2ada76cab60743b,5d5b6ce347de65972230185524747e5a08cbdf2fc1b390458ef52105f8167b93
train,cju849c23kgnk0817cgv2hw1e,C:\LeDucLuong\HK VII\LuanCuNhan\DeepLearning\Test_Mau\archive\Kvasir-SEG\Kvasir-SEG\images\cju849c23kgnk0817cgv2hw1e.jpg,C:\LeDucLuong\HK VII\LuanCuNhan\DeepLearning\Test_Mau\archive\Kvasir-SEG\Kvasir-SEG\masks\cju849c23kgnk0817cgv2hw1e.jpg,train/images/cju849c23kgnk0817cgv2hw1e.jpg,train/masks_original/cju849c23kgnk0817cgv2hw1e.jpg,train/masks_binary/cju849c23kgnk0817cgv2hw1e.png,1d6a9e04014977ab777f6edcc0c4397be36f997432a374897cb08f948c48217a,666edac3b4b920793680a838cb2e5ec3b1fa042df493d1e4a2dcd7947b8adde2
train,cju84aoa3ktwn0755pfl4gfwd,C:\LeDucLuong\HK VII\LuanCuNhan\DeepLearning\Test_Mau\archive\Kvasir-SEG\Kvasir-SEG\images\cju84aoa3ktwn0755pfl4gfwd.jpg,C:\LeDucLuong\HK VII\LuanCuNhan\DeepLearning\Test_Mau\archive\Kvasir-SEG\Kvasir-SEG\masks\cju84aoa3ktwn0755pfl4gfwd.jpg,train/images/cju84aoa3ktwn0755pfl4gfwd.jpg,train/masks_original/cju84aoa3ktwn0755pfl4gfwd.jpg,train/masks_binary/cju84aoa3ktwn0755pfl4gfwd.png,9d552c31965918f73c381ef1f80c39eeab17e00b69ad0ad6c8d1eb90aa7c1c77,fa6c87e420c4c1fffd9478cab5c3d0a12bc9dc2185aba05252856b4d68965e97
train,cju84dsvaklpx098750hp83x4,C:\LeDucLuong\HK VII\LuanCuNhan\DeepLearning\Test_Mau\archive\Kvasir-SEG\Kvasir-SEG\images\cju84dsvaklpx098750hp83x4.jpg,C:\LeDucLuong\HK VII\LuanCuNhan\DeepLearning\Test_Mau\archive\Kvasir-SEG\Kvasir-SEG\masks\cju84dsvaklpx098750hp83x4.jpg,train/images/cju84dsvaklpx098750hp83x4.jpg,train/masks_original/cju84dsvaklpx098750hp83x4.jpg,train/masks_binary/cju84dsvaklpx098750hp83x4.png,42f2e01f80da91b13652e90c043152688ad8f65ca5b6036c4e12b1e53bf3dd20,de325e996c031ce6c6319c673335cfcf574735fc92bee1a76456aca72af8886e
train,cju84ffdzkrjn08183jh1fxmb,C:\LeDucLuong\HK VII\LuanCuNhan\DeepLearning\Test_Mau\archive\Kvasir-SEG\Kvasir-SEG\images\cju84ffdzkrjn08183jh1fxmb.jpg,C:\LeDucLuong\HK VII\LuanCuNhan\DeepLearning\Test_Mau\archive\Kvasir-SEG\Kvasir-SEG\masks\cju84ffdzkrjn08183jh1fxmb.jpg,train/images/cju84ffdzkrjn08183jh1fxmb.jpg,train/masks_original/cju84ffdzkrjn08183jh1fxmb.jpg,train/masks_binary/cju84ffdzkrjn08183jh1fxmb.png,d7fcb518ce8191b9ea1a96b87b6f14363b6d0e5e6b6f3d37c4542a27766c0d51,cc175884843f3ce4b8900a536d8fa774f39eb0d3afbee0d5d3cfb96e41529a1a
train,cju84gpefknwm098714oq8q61,C:\LeDucLuong\HK VII\LuanCuNhan\DeepLearning\Test_Mau\archive\Kvasir-SEG\Kvasir-SEG\images\cju84gpefknwm098714oq8q61.jpg,C:\LeDucLuong\HK VII\LuanCuNhan\DeepLearning\Test_Mau\archive\Kvasir-SEG\Kvasir-SEG\masks\cju84gpefknwm098714oq8q61.jpg,train/images/cju84gpefknwm098714oq8q61.jpg,train/masks_original/cju84gpefknwm098714oq8q61.jpg,train/masks_binary/cju84gpefknwm098714oq8q61.png,468a93584aafae2156fb87cbca8cea8b5290fa1609c923214e64f7ba17fe5193,9c42e297e25109e31be5d8c0fdf80fc841af261ca1c633b7d197957ad9ac9dc4
train,cju84hibuktj80871u519o71q,C:\LeDucLuong\HK VII\LuanCuNhan\DeepLearning\Test_Mau\archive\Kvasir-SEG\Kvasir-SEG\images\cju84hibuktj80871u519o71q.jpg,C:\LeDucLuong\HK VII\LuanCuNhan\DeepLearning\Test_Mau\archive\Kvasir-SEG\Kvasir-SEG\masks\cju84hibuktj80871u519o71q.jpg,train/images/cju84hibuktj80871u519o71q.jpg,train/masks_original/cju84hibuktj80871u519o71q.jpg,train/masks_binary/cju84hibuktj80871u519o71q.png,6b042e69a2365d8c8baf98ab27804aadc4681ad5a87c24bc3a958ef2e96bbf0b,c999b512a84e96b4b81daf5af3de123128602dade79fe835bbfdf8b463b7e85c
train,cju84ih17kp5l09876bkooocl,C:\LeDucLuong\HK VII\LuanCuNhan\DeepLearning\Test_Mau\archive\Kvasir-SEG\Kvasir-SEG\images\cju84ih17kp5l09876bkooocl.jpg,C:\LeDucLuong\HK VII\LuanCuNhan\DeepLearning\Test_Mau\archive\Kvasir-SEG\Kvasir-SEG\masks\cju84ih17kp5l09876bkooocl.jpg,train/images/cju84ih17kp5l09876bkooocl.jpg,train/masks_original/cju84ih17kp5l09876bkooocl.jpg,train/masks_binary/cju84ih17kp5l09876bkooocl.png,e85c0cc370a2033026c53dde80704f1273ee10b2b35a71a4ed3962f4b939c250,dafcf55aea5a79295a526533543bf1cb5fbd29b2e9312db9e36eb947f0434bcb
train,cju84jdl9kv0i0871eog9b3i9,C:\LeDucLuong\HK VII\LuanCuNhan\DeepLearning\Test_Mau\archive\Kvasir-SEG\Kvasir-SEG\images\cju84jdl9kv0i0871eog9b3i9.jpg,C:\LeDucLuong\HK VII\LuanCuNhan\DeepLearning\Test_Mau\archive\Kvasir-SEG\Kvasir-SEG\masks\cju84jdl9kv0i0871eog9b3i9.jpg,train/images/cju84jdl9kv0i0871eog9b3i9.jpg,train/masks_original/cju84jdl9kv0i0871eog9b3i9.jpg,train/masks_binary/cju84jdl9kv0i0871eog9b3i9.png,0a4dbe2364dba1afb0abfae2dbd429acd5202eba9d25145d28ad0ce78c86fa1f,5c96bb4809a0354cf070596f10ce1ebde22588198e1ea918711d380c0ac35ae0
train,cju84kplnl1y30755ropua1b0,C:\LeDucLuong\HK VII\LuanCuNhan\DeepLearning\Test_Mau\archive\Kvasir-SEG\Kvasir-SEG\images\cju84kplnl1y30755ropua1b0.jpg,C:\LeDucLuong\HK VII\LuanCuNhan\DeepLearning\Test_Mau\archive\Kvasir-SEG\Kvasir-SEG\masks\cju84kplnl1y30755ropua1b0.jpg,train/images/cju84kplnl1y30755ropua1b0.jpg,train/masks_original/cju84kplnl1y30755ropua1b0.jpg,train/masks_binary/cju84kplnl1y30755ropua1b0.png,08d30ab8b19646539c26d5815798707b5de810edd310134917968f5864cd43b5,52aab92a4833ff1fedf874b144dfd9bdcd543a4ead629c396d3a91f4bddb5e39
train,cju8567gdlcbq0801dwwyo2jt,C:\LeDucLuong\HK VII\LuanCuNhan\DeepLearning\Test_Mau\archive\Kvasir-SEG\Kvasir-SEG\images\cju8567gdlcbq0801dwwyo2jt.jpg,C:\LeDucLuong\HK VII\LuanCuNhan\DeepLearning\Test_Mau\archive\Kvasir-SEG\Kvasir-SEG\masks\cju8567gdlcbq0801dwwyo2jt.jpg,train/images/cju8567gdlcbq0801dwwyo2jt.jpg,train/masks_original/cju8567gdlcbq0801dwwyo2jt.jpg,train/masks_binary/cju8567gdlcbq0801dwwyo2jt.png,1187e71856bb0450f8923f5cbb11d98345505447ae23b5f7b18b9191f319a347,9265d3ff805a2350f2ecee5117b64b0f5d723328c5b267b3655aca8777255728
train,cju857ad0l88m0817qx4cwxnf,C:\LeDucLuong\HK VII\LuanCuNhan\DeepLearning\Test_Mau\archive\Kvasir-SEG\Kvasir-SEG\images\cju857ad0l88m0817qx4cwxnf.jpg,C:\LeDucLuong\HK VII\LuanCuNhan\DeepLearning\Test_Mau\archive\Kvasir-SEG\Kvasir-SEG\masks\cju857ad0l88m0817qx4cwxnf.jpg,train/images/cju857ad0l88m0817qx4cwxnf.jpg,train/masks_original/cju857ad0l88m0817qx4cwxnf.jpg,train/masks_binary/cju857ad0l88m0817qx4cwxnf.png,273021101d98bc524e9c606afe3447ede85bb73abae63eb8ecf2a6b4649e12ca,36040ebab5550647efc669382419b967d07c1e6ba58b6e888262e8b22a23c14a
train,cju858eswlepn0871pzvdrhj1,C:\LeDucLuong\HK VII\LuanCuNhan\DeepLearning\Test_Mau\archive\Kvasir-SEG\Kvasir-SEG\images\cju858eswlepn0871pzvdrhj1.jpg,C:\LeDucLuong\HK VII\LuanCuNhan\DeepLearning\Test_Mau\archive\Kvasir-SEG\Kvasir-SEG\masks\cju858eswlepn0871pzvdrhj1.jpg,train/images/cju858eswlepn0871pzvdrhj1.jpg,train/masks_original/cju858eswlepn0871pzvdrhj1.jpg,train/masks_binary/cju858eswlepn0871pzvdrhj1.png,a22ca39b996ec730d3cc9ab3705d554a3df575a729d3ab213d747bbb8ec23b0b,74f706358874f9d48b68a2388bc027779d73e0a2b2b41b267201815bb2c56d6d
train,cju85a8h8llwm07559wxg4t5w,C:\LeDucLuong\HK VII\LuanCuNhan\DeepLearning\Test_Mau\archive\Kvasir-SEG\Kvasir-SEG\images\cju85a8h8llwm07559wxg4t5w.jpg,C:\LeDucLuong\HK VII\LuanCuNhan\DeepLearning\Test_Mau\archive\Kvasir-SEG\Kvasir-SEG\masks\cju85a8h8llwm07559wxg4t5w.jpg,train/images/cju85a8h8llwm07559wxg4t5w.jpg,train/masks_original/cju85a8h8llwm07559wxg4t5w.jpg,train/masks_binary/cju85a8h8llwm07559wxg4t5w.png,992935092b24f992072661525dddd63a1d3ab4228ef41297d49b28c94bd204fc,6e70f92994a38bd56196790eb161645f6f49516dee5fb5e504d356a90218b63f
train,cju85bf1algsq0871y9gtlq97,C:\LeDucLuong\HK VII\LuanCuNhan\DeepLearning\Test_Mau\archive\Kvasir-SEG\Kvasir-SEG\images\cju85bf1algsq0871y9gtlq97.jpg,C:\LeDucLuong\HK VII\LuanCuNhan\DeepLearning\Test_Mau\archive\Kvasir-SEG\Kvasir-SEG\masks\cju85bf1algsq0871y9gtlq97.jpg,train/images/cju85bf1algsq0871y9gtlq97.jpg,train/masks_original/cju85bf1algsq0871y9gtlq97.jpg,train/masks_binary/cju85bf1algsq0871y9gtlq97.png,5a6f562ce0f833f80e7a13d53aafcfbd6c7d3d0888a9fb2bbdee2f688b13c7a8,07a398f9abc974413f44aff5d44ab60e40dfaf08a553dfd8fff52b7170693ea7
train,cju85c2d4ln1b0755zz1z3onx,C:\LeDucLuong\HK VII\LuanCuNhan\DeepLearning\Test_Mau\archive\Kvasir-SEG\Kvasir-SEG\images\cju85c2d4ln1b0755zz1z3onx.jpg,C:\LeDucLuong\HK VII\LuanCuNhan\DeepLearning\Test_Mau\archive\Kvasir-SEG\Kvasir-SEG\masks\cju85c2d4ln1b0755zz1z3onx.jpg,train/images/cju85c2d4ln1b0755zz1z3onx.jpg,train/masks_original/cju85c2d4ln1b0755zz1z3onx.jpg,train/masks_binary/cju85c2d4ln1b0755zz1z3onx.png,8deedc278e786879c5f73f1fcf0356182c2ee09104e894c1567f3782bfaa1755,84c6d59bdcc9cc06f644a967a19afbbb71c2bb9ea68599324dc99186668b1322
train,cju85citjlnfm0755i4rk5tqj,C:\LeDucLuong\HK VII\LuanCuNhan\DeepLearning\Test_Mau\archive\Kvasir-SEG\Kvasir-SEG\images\cju85citjlnfm0755i4rk5tqj.jpg,C:\LeDucLuong\HK VII\LuanCuNhan\DeepLearning\Test_Mau\archive\Kvasir-SEG\Kvasir-SEG\masks\cju85citjlnfm0755i4rk5tqj.jpg,train/images/cju85citjlnfm0755i4rk5tqj.jpg,train/masks_original/cju85citjlnfm0755i4rk5tqj.jpg,train/masks_binary/cju85citjlnfm0755i4rk5tqj.png,6e5fc145313cb4a7dfc4297ba5d50aebfd59c33a7840e4a4265b978f9faab647,4d9c42995ebc517d72e1d3492d6ef08f09e58060e4acd2354a92c8a53ea9f921
train,cju85dx63lic408017f0l0400,C:\LeDucLuong\HK VII\LuanCuNhan\DeepLearning\Test_Mau\archive\Kvasir-SEG\Kvasir-SEG\images\cju85dx63lic408017f0l0400.jpg,C:\LeDucLuong\HK VII\LuanCuNhan\DeepLearning\Test_Mau\archive\Kvasir-SEG\Kvasir-SEG\masks\cju85dx63lic408017f0l0400.jpg,train/images/cju85dx63lic408017f0l0400.jpg,train/masks_original/cju85dx63lic408017f0l0400.jpg,train/masks_binary/cju85dx63lic408017f0l0400.png,0bac9d0690cee6e5e338dc4a9cb424717cb43c92d12aa7f8b49969264bd6a9c6,00be73889dd3766d18fc78306cc2d88d5375c800a315d87bd00c4276ae9ec12c
train,cju85fc11ljr40818edpb0inh,C:\LeDucLuong\HK VII\LuanCuNhan\DeepLearning\Test_Mau\archive\Kvasir-SEG\Kvasir-SEG\images\cju85fc11ljr40818edpb0inh.jpg,C:\LeDucLuong\HK VII\LuanCuNhan\DeepLearning\Test_Mau\archive\Kvasir-SEG\Kvasir-SEG\masks\cju85fc11ljr40818edpb0inh.jpg,train/images/cju85fc11ljr40818edpb0inh.jpg,train/masks_original/cju85fc11ljr40818edpb0inh.jpg,train/masks_binary/cju85fc11ljr40818edpb0inh.png,38ad94528419635886541dd9a8a54de47b5cb64dbb6863dbcaa0b19483747ee2,4b0bf4882f4881cb8c9a15cef4c41470a57c53e51847dd70b809de1bda51ecd8
train,cju85hguellg50818kwu3s8d1,C:\LeDucLuong\HK VII\LuanCuNhan\DeepLearning\Test_Mau\archive\Kvasir-SEG\Kvasir-SEG\images\cju85hguellg50818kwu3s8d1.jpg,C:\LeDucLuong\HK VII\LuanCuNhan\DeepLearning\Test_Mau\archive\Kvasir-SEG\Kvasir-SEG\masks\cju85hguellg50818kwu3s8d1.jpg,train/images/cju85hguellg50818kwu3s8d1.jpg,train/masks_original/cju85hguellg50818kwu3s8d1.jpg,train/masks_binary/cju85hguellg50818kwu3s8d1.png,4dc87140d03da7451d18c9e50bb19ffaa534c171fc7fc7ae36d8f9b3642c51c4,f550412e4fa3ee83bcc85e418d687055b9e8e4adf3a14d0a08191a93148e63f7
train,cju85ia1slh220987y7c20sm2,C:\LeDucLuong\HK VII\LuanCuNhan\DeepLearning\Test_Mau\archive\Kvasir-SEG\Kvasir-SEG\images\cju85ia1slh220987y7c20sm2.jpg,C:\LeDucLuong\HK VII\LuanCuNhan\DeepLearning\Test_Mau\archive\Kvasir-SEG\Kvasir-SEG\masks\cju85ia1slh220987y7c20sm2.jpg,train/images/cju85ia1slh220987y7c20sm2.jpg,train/masks_original/cju85ia1slh220987y7c20sm2.jpg,train/masks_binary/cju85ia1slh220987y7c20sm2.png,7ebb922f9c8055b7c733ec5a9c2c860e8b1ad69283f0ec0ba47450edf5a5c4b2,7f2d30e0701d012db77f31f685dc87bfb22a1295c5d6a0ffceb511ebc1df215e
train,cju85je7vlht70817c9jcjwi4,C:\LeDucLuong\HK VII\LuanCuNhan\DeepLearning\Test_Mau\archive\Kvasir-SEG\Kvasir-SEG\images\cju85je7vlht70817c9jcjwi4.jpg,C:\LeDucLuong\HK VII\LuanCuNhan\DeepLearning\Test_Mau\archive\Kvasir-SEG\Kvasir-SEG\masks\cju85je7vlht70817c9jcjwi4.jpg,train/images/cju85je7vlht70817c9jcjwi4.jpg,train/masks_original/cju85je7vlht70817c9jcjwi4.jpg,train/masks_binary/cju85je7vlht70817c9jcjwi4.png,6a6fb98eecf84125cc6d957bbb86af18f6d1d7fb7fa2019c2cb3e4df32eda622,d44bd56d393072fc92085b19cdfc66473efb34be84786397fafe956b72d966fb
train,cju85l4yjlops0801fvmnwptf,C:\LeDucLuong\HK VII\LuanCuNhan\DeepLearning\Test_Mau\archive\Kvasir-SEG\Kvasir-SEG\images\cju85l4yjlops0801fvmnwptf.jpg,C:\LeDucLuong\HK VII\LuanCuNhan\DeepLearning\Test_Mau\archive\Kvasir-SEG\Kvasir-SEG\masks\cju85l4yjlops0801fvmnwptf.jpg,train/images/cju85l4yjlops0801fvmnwptf.jpg,train/masks_original/cju85l4yjlops0801fvmnwptf.jpg,train/masks_binary/cju85l4yjlops0801fvmnwptf.png,001bebeebe5daacee06badb6cf5a14617785a004368ce9b09d3e6569b1a327eb,1ccd253226e348f6a04a47f00b2526ebc0803aabe9164a0110f7dea3cbfdac53
train,cju85mpuglq8k0818d2it6hzb,C:\LeDucLuong\HK VII\LuanCuNhan\DeepLearning\Test_Mau\archive\Kvasir-SEG\Kvasir-SEG\images\cju85mpuglq8k0818d2it6hzb.jpg,C:\LeDucLuong\HK VII\LuanCuNhan\DeepLearning\Test_Mau\archive\Kvasir-SEG\Kvasir-SEG\masks\cju85mpuglq8k0818d2it6hzb.jpg,train/images/cju85mpuglq8k0818d2it6hzb.jpg,train/masks_original/cju85mpuglq8k0818d2it6hzb.jpg,train/masks_binary/cju85mpuglq8k0818d2it6hzb.png,5df6d75a97aeb839de12abc77d26969b7aa7c904f8258421977bacee9995d754,090c8470996d39006adf8b8998db6a17abdba1e193d2073764a272b117d148b2
train,cju885ikhnmkn09878s2lqtuh,C:\LeDucLuong\HK VII\LuanCuNhan\DeepLearning\Test_Mau\archive\Kvasir-SEG\Kvasir-SEG\images\cju885ikhnmkn09878s2lqtuh.jpg,C:\LeDucLuong\HK VII\LuanCuNhan\DeepLearning\Test_Mau\archive\Kvasir-SEG\Kvasir-SEG\masks\cju885ikhnmkn09878s2lqtuh.jpg,train/images/cju885ikhnmkn09878s2lqtuh.jpg,train/masks_original/cju885ikhnmkn09878s2lqtuh.jpg,train/masks_binary/cju885ikhnmkn09878s2lqtuh.png,112b5eaa5fdce8790dd0c74da66dbc5b7b835b09ad0ce929df31cc7a300c93fa,e598397b0f5df06c608ace59e9317a63f1cc2c67a5ba3f5205dd957856a31125
train,cju886ryxnsl50801r93jai7q,C:\LeDucLuong\HK VII\LuanCuNhan\DeepLearning\Test_Mau\archive\Kvasir-SEG\Kvasir-SEG\images\cju886ryxnsl50801r93jai7q.jpg,C:\LeDucLuong\HK VII\LuanCuNhan\DeepLearning\Test_Mau\archive\Kvasir-SEG\Kvasir-SEG\masks\cju886ryxnsl50801r93jai7q.jpg,train/images/cju886ryxnsl50801r93jai7q.jpg,train/masks_original/cju886ryxnsl50801r93jai7q.jpg,train/masks_binary/cju886ryxnsl50801r93jai7q.png,1c10c43bafedc6d6d076308ad27be4e42306191ef63f36591c5661f6e4d7558b,5cf298015286f38c027350c985126bbbf8c45effccac4b76a649ed7458244c55
train,cju887ftknop008177nnjt46y,C:\LeDucLuong\HK VII\LuanCuNhan\DeepLearning\Test_Mau\archive\Kvasir-SEG\Kvasir-SEG\images\cju887ftknop008177nnjt46y.jpg,C:\LeDucLuong\HK VII\LuanCuNhan\DeepLearning\Test_Mau\archive\Kvasir-SEG\Kvasir-SEG\masks\cju887ftknop008177nnjt46y.jpg,train/images/cju887ftknop008177nnjt46y.jpg,train/masks_original/cju887ftknop008177nnjt46y.jpg,train/masks_binary/cju887ftknop008177nnjt46y.png,3541bbe5597bfe17361aca54d23f530ee6e42cbec2175fed8191671715dc3cb0,624b31b61e6ecd44b328bc33d5a62f4b40aada581c157c706a5d412ab5b59100
train,cju888fr7nveu0818r9uwtiit,C:\LeDucLuong\HK VII\LuanCuNhan\DeepLearning\Test_Mau\archive\Kvasir-SEG\Kvasir-SEG\images\cju888fr7nveu0818r9uwtiit.jpg,C:\LeDucLuong\HK VII\LuanCuNhan\DeepLearning\Test_Mau\archive\Kvasir-SEG\Kvasir-SEG\masks\cju888fr7nveu0818r9uwtiit.jpg,train/images/cju888fr7nveu0818r9uwtiit.jpg,train/masks_original/cju888fr7nveu0818r9uwtiit.jpg,train/masks_binary/cju888fr7nveu0818r9uwtiit.png,5f0adadc253cb672d5a07c2e687e0a189b4da6fd17865ba90c7f1cd07740314f,de2e8a372db553cd87d3162ef5b929fb6135355a6c5a86c94ad44f56c3eb063f
train,cju88aq6vo1ij0755c2ey7z7n,C:\LeDucLuong\HK VII\LuanCuNhan\DeepLearning\Test_Mau\archive\Kvasir-SEG\Kvasir-SEG\images\cju88aq6vo1ij0755c2ey7z7n.jpg,C:\LeDucLuong\HK VII\LuanCuNhan\DeepLearning\Test_Mau\archive\Kvasir-SEG\Kvasir-SEG\masks\cju88aq6vo1ij0755c2ey7z7n.jpg,train/images/cju88aq6vo1ij0755c2ey7z7n.jpg,train/masks_original/cju88aq6vo1ij0755c2ey7z7n.jpg,train/masks_binary/cju88aq6vo1ij0755c2ey7z7n.png,6352627d663a6a208a53a452ecf33e134345031c6d7005b9375e43c6a9de1951,8f8f61c4ad66da1de53cdf5ee23837371e626958d5bda1bfe29cacc3c66edda9
train,cju88cddensj00987788yotmg,C:\LeDucLuong\HK VII\LuanCuNhan\DeepLearning\Test_Mau\archive\Kvasir-SEG\Kvasir-SEG\images\cju88cddensj00987788yotmg.jpg,C:\LeDucLuong\HK VII\LuanCuNhan\DeepLearning\Test_Mau\archive\Kvasir-SEG\Kvasir-SEG\masks\cju88cddensj00987788yotmg.jpg,train/images/cju88cddensj00987788yotmg.jpg,train/masks_original/cju88cddensj00987788yotmg.jpg,train/masks_binary/cju88cddensj00987788yotmg.png,5899c16324aa71700a537eb735cba9117eff3f607d56fab4254221e72b4e8daa,443798e7413aa35c60a5dc4189fb488b4fe70581c878f163604656e8c26c6520
train,cju88evxanv9r08176zkeovec,C:\LeDucLuong\HK VII\LuanCuNhan\DeepLearning\Test_Mau\archive\Kvasir-SEG\Kvasir-SEG\images\cju88evxanv9r08176zkeovec.jpg,C:\LeDucLuong\HK VII\LuanCuNhan\DeepLearning\Test_Mau\archive\Kvasir-SEG\Kvasir-SEG\masks\cju88evxanv9r08176zkeovec.jpg,train/images/cju88evxanv9r08176zkeovec.jpg,train/masks_original/cju88evxanv9r08176zkeovec.jpg,train/masks_binary/cju88evxanv9r08176zkeovec.png,6a7d5a1b0896f7a0e6faf65a4459b6b857899ad63366ae40e9fbac700291e0ad,0228466ce55960c964a981e36f19767aa91d51dd2be3be3c5b13eaca139defe8
train,cju88fpm4o0tl0871w1i6a4ds,C:\LeDucLuong\HK VII\LuanCuNhan\DeepLearning\Test_Mau\archive\Kvasir-SEG\Kvasir-SEG\images\cju88fpm4o0tl0871w1i6a4ds.jpg,C:\LeDucLuong\HK VII\LuanCuNhan\DeepLearning\Test_Mau\archive\Kvasir-SEG\Kvasir-SEG\masks\cju88fpm4o0tl0871w1i6a4ds.jpg,train/images/cju88fpm4o0tl0871w1i6a4ds.jpg,train/masks_original/cju88fpm4o0tl0871w1i6a4ds.jpg,train/masks_binary/cju88fpm4o0tl0871w1i6a4ds.png,910a2b13993a8a3022836ba60c8979ae2c88958355c5b50b33f0cc20d468cbc7,9af1b73a28447ca50f9b0604cb95356c39e87fe58ed96ba57e3084a04acad1b9
train,cju88gx09o2vk0818610zody3,C:\LeDucLuong\HK VII\LuanCuNhan\DeepLearning\Test_Mau\archive\Kvasir-SEG\Kvasir-SEG\images\cju88gx09o2vk0818610zody3.jpg,C:\LeDucLuong\HK VII\LuanCuNhan\DeepLearning\Test_Mau\archive\Kvasir-SEG\Kvasir-SEG\masks\cju88gx09o2vk0818610zody3.jpg,train/images/cju88gx09o2vk0818610zody3.jpg,train/masks_original/cju88gx09o2vk0818610zody3.jpg,train/masks_binary/cju88gx09o2vk0818610zody3.png,7e254162052aabb5ef7f631c6904343e10e249f74ce960d021ab2a718a415fe9,a2f26308d2f01fae1633df2e0c161c11936de00aeb9bd2b363564c39948181aa
train,cju88itqbny720987hxizbj5y,C:\LeDucLuong\HK VII\LuanCuNhan\DeepLearning\Test_Mau\archive\Kvasir-SEG\Kvasir-SEG\images\cju88itqbny720987hxizbj5y.jpg,C:\LeDucLuong\HK VII\LuanCuNhan\DeepLearning\Test_Mau\archive\Kvasir-SEG\Kvasir-SEG\masks\cju88itqbny720987hxizbj5y.jpg,train/images/cju88itqbny720987hxizbj5y.jpg,train/masks_original/cju88itqbny720987hxizbj5y.jpg,train/masks_binary/cju88itqbny720987hxizbj5y.png,63011177d53652b34c81f3cb2cbafc6898591751b8138227c0e25a637eaec654,06deaf38e8b57e05bc1bf36b54adb0de419dcc6bf07f1f25cd9ccf4e686d390e
train,cju88k75inzyb0850ccv5x3vk,C:\LeDucLuong\HK VII\LuanCuNhan\DeepLearning\Test_Mau\archive\Kvasir-SEG\Kvasir-SEG\images\cju88k75inzyb0850ccv5x3vk.jpg,C:\LeDucLuong\HK VII\LuanCuNhan\DeepLearning\Test_Mau\archive\Kvasir-SEG\Kvasir-SEG\masks\cju88k75inzyb0850ccv5x3vk.jpg,train/images/cju88k75inzyb0850ccv5x3vk.jpg,train/masks_original/cju88k75inzyb0850ccv5x3vk.jpg,train/masks_binary/cju88k75inzyb0850ccv5x3vk.png,7c4e316593e2684a5cc7bd6202c76795ec005efe570d590e194a7607a74511e2,c6c31a59953c228542dd025faabe4c1922f3110d1b56de57ac21bccbb6232a5b
train,cju88l66no10s0850rsda7ej1,C:\LeDucLuong\HK VII\LuanCuNhan\DeepLearning\Test_Mau\archive\Kvasir-SEG\Kvasir-SEG\images\cju88l66no10s0850rsda7ej1.jpg,C:\LeDucLuong\HK VII\LuanCuNhan\DeepLearning\Test_Mau\archive\Kvasir-SEG\Kvasir-SEG\masks\cju88l66no10s0850rsda7ej1.jpg,train/images/cju88l66no10s0850rsda7ej1.jpg,train/masks_original/cju88l66no10s0850rsda7ej1.jpg,train/masks_binary/cju88l66no10s0850rsda7ej1.png,68b764f9c24d8f01d10dcecae0219bd1adce5acec19f06e31954146ae55e7a8c,ea2e2b7eef563c92759133a452a0c4107c17e2f62b58baeb811c3ec2b7be7fd4
train,cju88msmoo3470817m441j4sg,C:\LeDucLuong\HK VII\LuanCuNhan\DeepLearning\Test_Mau\archive\Kvasir-SEG\Kvasir-SEG\images\cju88msmoo3470817m441j4sg.jpg,C:\LeDucLuong\HK VII\LuanCuNhan\DeepLearning\Test_Mau\archive\Kvasir-SEG\Kvasir-SEG\masks\cju88msmoo3470817m441j4sg.jpg,train/images/cju88msmoo3470817m441j4sg.jpg,train/masks_original/cju88msmoo3470817m441j4sg.jpg,train/masks_binary/cju88msmoo3470817m441j4sg.png,19692e8c7669f4a9dc3d00ed503b9d0b846a0d6f2e403bac660b138b5af803dc,33ef6867acb46a2750783c59b658925ba36099df5110dd8a926c2d8517b778c5
train,cju88nroho44508500129f1nh,C:\LeDucLuong\HK VII\LuanCuNhan\DeepLearning\Test_Mau\archive\Kvasir-SEG\Kvasir-SEG\images\cju88nroho44508500129f1nh.jpg,C:\LeDucLuong\HK VII\LuanCuNhan\DeepLearning\Test_Mau\archive\Kvasir-SEG\Kvasir-SEG\masks\cju88nroho44508500129f1nh.jpg,train/images/cju88nroho44508500129f1nh.jpg,train/masks_original/cju88nroho44508500129f1nh.jpg,train/masks_binary/cju88nroho44508500129f1nh.png,6fb455691e3869992ddd64544a13b7116db82c98e213526e7743a7495657d0cb,e149c75618b2538cab5087d7e1a205e58fdbcd00fa040993732d9a1170595ab5
train,cju88oh0po9gq0801nge4tgr1,C:\LeDucLuong\HK VII\LuanCuNhan\DeepLearning\Test_Mau\archive\Kvasir-SEG\Kvasir-SEG\images\cju88oh0po9gq0801nge4tgr1.jpg,C:\LeDucLuong\HK VII\LuanCuNhan\DeepLearning\Test_Mau\archive\Kvasir-SEG\Kvasir-SEG\masks\cju88oh0po9gq0801nge4tgr1.jpg,train/images/cju88oh0po9gq0801nge4tgr1.jpg,train/masks_original/cju88oh0po9gq0801nge4tgr1.jpg,train/masks_binary/cju88oh0po9gq0801nge4tgr1.png,9f3b0871e28ba0f23aca9c1f0c80ca47eb39f7ebd8b0518c94f6cc8c2716e863,17e1958b14c22b6d9851c3f5de7446549968d6bccce0122ab253a84c4286be72
train,cju88q6h6obpd0871ckmiabbo,C:\LeDucLuong\HK VII\LuanCuNhan\DeepLearning\Test_Mau\archive\Kvasir-SEG\Kvasir-SEG\images\cju88q6h6obpd0871ckmiabbo.jpg,C:\LeDucLuong\HK VII\LuanCuNhan\DeepLearning\Test_Mau\archive\Kvasir-SEG\Kvasir-SEG\masks\cju88q6h6obpd0871ckmiabbo.jpg,train/images/cju88q6h6obpd0871ckmiabbo.jpg,train/masks_original/cju88q6h6obpd0871ckmiabbo.jpg,train/masks_binary/cju88q6h6obpd0871ckmiabbo.png,d953e8b7ba95d328d29068342fda822a9914d1256053974dcd913a895e2320f9,cc0d9c790a6fbe4150305c1f429116e90343e79a89a02188416dac0ed8ed0f17
train,cju88rl5eo94l0850kf5wtrm1,C:\LeDucLuong\HK VII\LuanCuNhan\DeepLearning\Test_Mau\archive\Kvasir-SEG\Kvasir-SEG\images\cju88rl5eo94l0850kf5wtrm1.jpg,C:\LeDucLuong\HK VII\LuanCuNhan\DeepLearning\Test_Mau\archive\Kvasir-SEG\Kvasir-SEG\masks\cju88rl5eo94l0850kf5wtrm1.jpg,train/images/cju88rl5eo94l0850kf5wtrm1.jpg,train/masks_original/cju88rl5eo94l0850kf5wtrm1.jpg,train/masks_binary/cju88rl5eo94l0850kf5wtrm1.png,d6cf52029e0a12bbc9cc5ef540c52aea6043abe693a8b62d605da23cb69b0e43,8cd8791ff3bb442510cafb2c9f48349754fd95c459af0e2e2b8dfafd2d41e9b5
train,cju88t4fvokxf07558ymyh281,C:\LeDucLuong\HK VII\LuanCuNhan\DeepLearning\Test_Mau\archive\Kvasir-SEG\Kvasir-SEG\images\cju88t4fvokxf07558ymyh281.jpg,C:\LeDucLuong\HK VII\LuanCuNhan\DeepLearning\Test_Mau\archive\Kvasir-SEG\Kvasir-SEG\masks\cju88t4fvokxf07558ymyh281.jpg,train/images/cju88t4fvokxf07558ymyh281.jpg,train/masks_original/cju88t4fvokxf07558ymyh281.jpg,train/masks_binary/cju88t4fvokxf07558ymyh281.png,de95a051db8127cc5212f82db90749444288405c79b72018cbe2244b329edede,7e34da0a8b61cdf358da3724a0518de0c690eb4282fc6fea437068618b2aa8b0
train,cju88trl3ogi208716qvti51b,C:\LeDucLuong\HK VII\LuanCuNhan\DeepLearning\Test_Mau\archive\Kvasir-SEG\Kvasir-SEG\images\cju88trl3ogi208716qvti51b.jpg,C:\LeDucLuong\HK VII\LuanCuNhan\DeepLearning\Test_Mau\archive\Kvasir-SEG\Kvasir-SEG\masks\cju88trl3ogi208716qvti51b.jpg,train/images/cju88trl3ogi208716qvti51b.jpg,train/masks_original/cju88trl3ogi208716qvti51b.jpg,train/masks_binary/cju88trl3ogi208716qvti51b.png,9ba6fbda8d138ed5c2c52ff8686ef4b3d8a547c362e542fa9d16ecfa003adf0a,4e6ee9631a97d54715a1ff31b4b03c4d113ea87e874379e717346150735c9c90
train,cju88v2f9oi8w0871hx9auh01,C:\LeDucLuong\HK VII\LuanCuNhan\DeepLearning\Test_Mau\archive\Kvasir-SEG\Kvasir-SEG\images\cju88v2f9oi8w0871hx9auh01.jpg,C:\LeDucLuong\HK VII\LuanCuNhan\DeepLearning\Test_Mau\archive\Kvasir-SEG\Kvasir-SEG\masks\cju88v2f9oi8w0871hx9auh01.jpg,train/images/cju88v2f9oi8w0871hx9auh01.jpg,train/masks_original/cju88v2f9oi8w0871hx9auh01.jpg,train/masks_binary/cju88v2f9oi8w0871hx9auh01.png,a1f2f271c8bd2f470941e892cbc41ebb168c553e9df18a4173104dcf2db19ae9,4f53f619c27b4794d26af1593519e0c848bf9e598a2a3c7cfecd745f8b94af23
train,cju88vx2uoocy075531lc63n3,C:\LeDucLuong\HK VII\LuanCuNhan\DeepLearning\Test_Mau\archive\Kvasir-SEG\Kvasir-SEG\images\cju88vx2uoocy075531lc63n3.jpg,C:\LeDucLuong\HK VII\LuanCuNhan\DeepLearning\Test_Mau\archive\Kvasir-SEG\Kvasir-SEG\masks\cju88vx2uoocy075531lc63n3.jpg,train/images/cju88vx2uoocy075531lc63n3.jpg,train/masks_original/cju88vx2uoocy075531lc63n3.jpg,train/masks_binary/cju88vx2uoocy075531lc63n3.png,62f076c71b86c3f4598b071cd8d5e0a9ad1a1c4453b0a0c1d8d861ac2cc699e3,c93357c72a3b3f7319164c503473aeedd3953fb972dad70404a447623df4d684
train,cju88y1mwoln50871emyfny1g,C:\LeDucLuong\HK VII\LuanCuNhan\DeepLearning\Test_Mau\archive\Kvasir-SEG\Kvasir-SEG\images\cju88y1mwoln50871emyfny1g.jpg,C:\LeDucLuong\HK VII\LuanCuNhan\DeepLearning\Test_Mau\archive\Kvasir-SEG\Kvasir-SEG\masks\cju88y1mwoln50871emyfny1g.jpg,train/images/cju88y1mwoln50871emyfny1g.jpg,train/masks_original/cju88y1mwoln50871emyfny1g.jpg,train/masks_binary/cju88y1mwoln50871emyfny1g.png,5c3226a33fdecfc6dfd54887b9c9f53efadf27b3eda7ed1a0e9a86afcbdd3b48,8ec21deb9547786f48a81653c3c623ca5aab320f90a0108f8be2efd6e9148a94
train,cju88z8bson4h0871nnd7fdxo,C:\LeDucLuong\HK VII\LuanCuNhan\DeepLearning\Test_Mau\archive\Kvasir-SEG\Kvasir-SEG\images\cju88z8bson4h0871nnd7fdxo.jpg,C:\LeDucLuong\HK VII\LuanCuNhan\DeepLearning\Test_Mau\archive\Kvasir-SEG\Kvasir-SEG\masks\cju88z8bson4h0871nnd7fdxo.jpg,train/images/cju88z8bson4h0871nnd7fdxo.jpg,train/masks_original/cju88z8bson4h0871nnd7fdxo.jpg,train/masks_binary/cju88z8bson4h0871nnd7fdxo.png,d2359b234c4ffbe06655e0277721ac187b04b1d378d56648e41b144bfa6cf5e0,a7cc031bd64995062a43ddedff10492f0669a39f5660825cf563397a16e17c6d
train,cju890guyoiti098753yg6cdu,C:\LeDucLuong\HK VII\LuanCuNhan\DeepLearning\Test_Mau\archive\Kvasir-SEG\Kvasir-SEG\images\cju890guyoiti098753yg6cdu.jpg,C:\LeDucLuong\HK VII\LuanCuNhan\DeepLearning\Test_Mau\archive\Kvasir-SEG\Kvasir-SEG\masks\cju890guyoiti098753yg6cdu.jpg,train/images/cju890guyoiti098753yg6cdu.jpg,train/masks_original/cju890guyoiti098753yg6cdu.jpg,train/masks_binary/cju890guyoiti098753yg6cdu.png,4c5dbd4743f6300233f27ec8b3338cb03203e3ad9969a2b8fcf5cd952a888c4f,213a92db0cbc99a07e1a91c4d6418c3deab0e985dd0a49b3e724642cc6afaa79
train,cju8914beokbf0850isxpocrk,C:\LeDucLuong\HK VII\LuanCuNhan\DeepLearning\Test_Mau\archive\Kvasir-SEG\Kvasir-SEG\images\cju8914beokbf0850isxpocrk.jpg,C:\LeDucLuong\HK VII\LuanCuNhan\DeepLearning\Test_Mau\archive\Kvasir-SEG\Kvasir-SEG\masks\cju8914beokbf0850isxpocrk.jpg,train/images/cju8914beokbf0850isxpocrk.jpg,train/masks_original/cju8914beokbf0850isxpocrk.jpg,train/masks_binary/cju8914beokbf0850isxpocrk.png,7068ca3391e9ed14457ab80da43dc70193e4c4378a7821fd2ea9cfffe1ec8470,73f6ff8cbe73008068a6d5e84bf0ba3b183877428cce5aef1e397952fa8db0a0
train,cju892fesoq2g0801n0e0jyia,C:\LeDucLuong\HK VII\LuanCuNhan\DeepLearning\Test_Mau\archive\Kvasir-SEG\Kvasir-SEG\images\cju892fesoq2g0801n0e0jyia.jpg,C:\LeDucLuong\HK VII\LuanCuNhan\DeepLearning\Test_Mau\archive\Kvasir-SEG\Kvasir-SEG\masks\cju892fesoq2g0801n0e0jyia.jpg,train/images/cju892fesoq2g0801n0e0jyia.jpg,train/masks_original/cju892fesoq2g0801n0e0jyia.jpg,train/masks_binary/cju892fesoq2g0801n0e0jyia.png,21617480812781bd1aa9d4e37f9b5f50b5ba710b1907cfb648fa3ca403fa6e63,b34c17fac86a0d6f6019a81b8915194dbd5e56286b130d1e0d017c843c0ae57e
train,cju893jmdompz0817xn3g1w4h,C:\LeDucLuong\HK VII\LuanCuNhan\DeepLearning\Test_Mau\archive\Kvasir-SEG\Kvasir-SEG\images\cju893jmdompz0817xn3g1w4h.jpg,C:\LeDucLuong\HK VII\LuanCuNhan\DeepLearning\Test_Mau\archive\Kvasir-SEG\Kvasir-SEG\masks\cju893jmdompz0817xn3g1w4h.jpg,train/images/cju893jmdompz0817xn3g1w4h.jpg,train/masks_original/cju893jmdompz0817xn3g1w4h.jpg,train/masks_binary/cju893jmdompz0817xn3g1w4h.png,acf04dd0402285ad4aead84124e41db1316989ecf7d7812aa6f233affb4d38de,46184a71842d1b8bfcb291ac620f7ef49c88fefa51e07ac1b99da0be5e349b17
train,cju89y9h0puti0818i5yw29e6,C:\LeDucLuong\HK VII\LuanCuNhan\DeepLearning\Test_Mau\archive\Kvasir-SEG\Kvasir-SEG\images\cju89y9h0puti0818i5yw29e6.jpg,C:\LeDucLuong\HK VII\LuanCuNhan\DeepLearning\Test_Mau\archive\Kvasir-SEG\Kvasir-SEG\masks\cju89y9h0puti0818i5yw29e6.jpg,train/images/cju89y9h0puti0818i5yw29e6.jpg,train/masks_original/cju89y9h0puti0818i5yw29e6.jpg,train/masks_binary/cju89y9h0puti0818i5yw29e6.png,baf2a6ecc5972d088dbe483562935900b61450fa4d1efd4786624afb0316f80e,ad78300d5532f3e4576723dd16aebb42496f202586dabdaebad23e97e398fe2b
train,cju89z6pqpqfx0817mfv8ixjc,C:\LeDucLuong\HK VII\LuanCuNhan\DeepLearning\Test_Mau\archive\Kvasir-SEG\Kvasir-SEG\images\cju89z6pqpqfx0817mfv8ixjc.jpg,C:\LeDucLuong\HK VII\LuanCuNhan\DeepLearning\Test_Mau\archive\Kvasir-SEG\Kvasir-SEG\masks\cju89z6pqpqfx0817mfv8ixjc.jpg,train/images/cju89z6pqpqfx0817mfv8ixjc.jpg,train/masks_original/cju89z6pqpqfx0817mfv8ixjc.jpg,train/masks_binary/cju89z6pqpqfx0817mfv8ixjc.png,29e3618e7dd5f9a394697d6fb0281908d35fa81ca68b411156557236d54f836d,b43ab28a2cdb031b89e7c775b6bea7c9ea195f6ab5f8a6a541061af248e6ad2e
train,cju8a1jtvpt9m081712iwkca7,C:\LeDucLuong\HK VII\LuanCuNhan\DeepLearning\Test_Mau\archive\Kvasir-SEG\Kvasir-SEG\images\cju8a1jtvpt9m081712iwkca7.jpg,C:\LeDucLuong\HK VII\LuanCuNhan\DeepLearning\Test_Mau\archive\Kvasir-SEG\Kvasir-SEG\masks\cju8a1jtvpt9m081712iwkca7.jpg,train/images/cju8a1jtvpt9m081712iwkca7.jpg,train/masks_original/cju8a1jtvpt9m081712iwkca7.jpg,train/masks_binary/cju8a1jtvpt9m081712iwkca7.png,29fb3fb24f8df211e4b67d603fd4000aac3ebb985a03198b64a5a4bce901ff07,e701b4f9c73b548306921b6adedafbd8bcd432f3d880764b8ded7460797edda9
train,cju8a2itsq4dv0755ntlovpxe,C:\LeDucLuong\HK VII\LuanCuNhan\DeepLearning\Test_Mau\archive\Kvasir-SEG\Kvasir-SEG\images\cju8a2itsq4dv0755ntlovpxe.jpg,C:\LeDucLuong\HK VII\LuanCuNhan\DeepLearning\Test_Mau\archive\Kvasir-SEG\Kvasir-SEG\masks\cju8a2itsq4dv0755ntlovpxe.jpg,train/images/cju8a2itsq4dv0755ntlovpxe.jpg,train/masks_original/cju8a2itsq4dv0755ntlovpxe.jpg,train/masks_binary/cju8a2itsq4dv0755ntlovpxe.png,3c33b7a9a7538423b8ea1609d4afbb0a4baa831b8f82a4acaf8b3dbb7bd77a5b,e56da5a8e6a4d79bb6c50dcde984c826f8e81feb4a4b92a65062cf7e099fc82b
train,cju8a3nhbpwnb0850d37fo2na,C:\LeDucLuong\HK VII\LuanCuNhan\DeepLearning\Test_Mau\archive\Kvasir-SEG\Kvasir-SEG\images\cju8a3nhbpwnb0850d37fo2na.jpg,C:\LeDucLuong\HK VII\LuanCuNhan\DeepLearning\Test_Mau\archive\Kvasir-SEG\Kvasir-SEG\masks\cju8a3nhbpwnb0850d37fo2na.jpg,train/images/cju8a3nhbpwnb0850d37fo2na.jpg,train/masks_original/cju8a3nhbpwnb0850d37fo2na.jpg,train/masks_binary/cju8a3nhbpwnb0850d37fo2na.png,eae97fe3fb53f5ba80a4a302e2d1efe97706a97bc7e2c2b3298f3977749f508c,8cb8d932ea627e46fb38da5055a8e20164434f52d14d21365504facd6da7ffa0
train,cju8a56vxpy780850r45yu4wk,C:\LeDucLuong\HK VII\LuanCuNhan\DeepLearning\Test_Mau\archive\Kvasir-SEG\Kvasir-SEG\images\cju8a56vxpy780850r45yu4wk.jpg,C:\LeDucLuong\HK VII\LuanCuNhan\DeepLearning\Test_Mau\archive\Kvasir-SEG\Kvasir-SEG\masks\cju8a56vxpy780850r45yu4wk.jpg,train/images/cju8a56vxpy780850r45yu4wk.jpg,train/masks_original/cju8a56vxpy780850r45yu4wk.jpg,train/masks_binary/cju8a56vxpy780850r45yu4wk.png,796f77685781746e95ef54a88cbeeaa737bdddedb13d10ef80718d023196601e,bda7f9c38de5e93edce2b21fe70ef6d993c36321c2a1c8634904bbd66ce491e6
train,cju8a84g0q76m0818hwiggkod,C:\LeDucLuong\HK VII\LuanCuNhan\DeepLearning\Test_Mau\archive\Kvasir-SEG\Kvasir-SEG\images\cju8a84g0q76m0818hwiggkod.jpg,C:\LeDucLuong\HK VII\LuanCuNhan\DeepLearning\Test_Mau\archive\Kvasir-SEG\Kvasir-SEG\masks\cju8a84g0q76m0818hwiggkod.jpg,train/images/cju8a84g0q76m0818hwiggkod.jpg,train/masks_original/cju8a84g0q76m0818hwiggkod.jpg,train/masks_binary/cju8a84g0q76m0818hwiggkod.png,850bb80867a3e9904dd53751c8374ae1dc048ef98da5d3b31fb2d75e89127abb,780e217efd5b674b5cf1eac0b515d12ffe0274ca61111d2e36bd981e3f1ee4ff
train,cju8abobpqbir08189u01huru,C:\LeDucLuong\HK VII\LuanCuNhan\DeepLearning\Test_Mau\archive\Kvasir-SEG\Kvasir-SEG\images\cju8abobpqbir08189u01huru.jpg,C:\LeDucLuong\HK VII\LuanCuNhan\DeepLearning\Test_Mau\archive\Kvasir-SEG\Kvasir-SEG\masks\cju8abobpqbir08189u01huru.jpg,train/images/cju8abobpqbir08189u01huru.jpg,train/masks_original/cju8abobpqbir08189u01huru.jpg,train/masks_binary/cju8abobpqbir08189u01huru.png,663bc2dcb07bcc7b1471cf48a97bf93b8d1b837a0a00764f7f2aecd3651237d5,e27a57a370322abb6ac44bbab0ad619454f39111db8c7646893716867673c225
train,cju8adb60qbiu080188mxpf8d,C:\LeDucLuong\HK VII\LuanCuNhan\DeepLearning\Test_Mau\archive\Kvasir-SEG\Kvasir-SEG\images\cju8adb60qbiu080188mxpf8d.jpg,C:\LeDucLuong\HK VII\LuanCuNhan\DeepLearning\Test_Mau\archive\Kvasir-SEG\Kvasir-SEG\masks\cju8adb60qbiu080188mxpf8d.jpg,train/images/cju8adb60qbiu080188mxpf8d.jpg,train/masks_original/cju8adb60qbiu080188mxpf8d.jpg,train/masks_binary/cju8adb60qbiu080188mxpf8d.png,e621d470d8f0137f9402364a5fb3c382b82ca367cad3b6ac8080ae69dbee6ef1,211d42d04b2ea8723136849fe879731ee76f3613197b8d40905f2f35d71e1d87
train,cju8aeei7q8k308173n9y4klv,C:\LeDucLuong\HK VII\LuanCuNhan\DeepLearning\Test_Mau\archive\Kvasir-SEG\Kvasir-SEG\images\cju8aeei7q8k308173n9y4klv.jpg,C:\LeDucLuong\HK VII\LuanCuNhan\DeepLearning\Test_Mau\archive\Kvasir-SEG\Kvasir-SEG\masks\cju8aeei7q8k308173n9y4klv.jpg,train/images/cju8aeei7q8k308173n9y4klv.jpg,train/masks_original/cju8aeei7q8k308173n9y4klv.jpg,train/masks_binary/cju8aeei7q8k308173n9y4klv.png,c839d1adf07768fb749f466c60197ab516e6c847230b311eb146683c27ce2b9e,a078ff5f2df2c789e187b81daa9b62651bf31b7be64b972269555d6be6e096c7
train,cju8aj01yqeqm0850lhdz3xdw,C:\LeDucLuong\HK VII\LuanCuNhan\DeepLearning\Test_Mau\archive\Kvasir-SEG\Kvasir-SEG\images\cju8aj01yqeqm0850lhdz3xdw.jpg,C:\LeDucLuong\HK VII\LuanCuNhan\DeepLearning\Test_Mau\archive\Kvasir-SEG\Kvasir-SEG\masks\cju8aj01yqeqm0850lhdz3xdw.jpg,train/images/cju8aj01yqeqm0850lhdz3xdw.jpg,train/masks_original/cju8aj01yqeqm0850lhdz3xdw.jpg,train/masks_binary/cju8aj01yqeqm0850lhdz3xdw.png,7289f77a0e53c00e918ee5b33b5e75b6017f746c1765e2e7159e3c41b1539b9f,8b78bcd93d69cba504796ae2f6e261cd731a85c91faab1976e8b50d9892412b3
train,cju8alhigqn2h0801zksudldd,C:\LeDucLuong\HK VII\LuanCuNhan\DeepLearning\Test_Mau\archive\Kvasir-SEG\Kvasir-SEG\images\cju8alhigqn2h0801zksudldd.jpg,C:\LeDucLuong\HK VII\LuanCuNhan\DeepLearning\Test_Mau\archive\Kvasir-SEG\Kvasir-SEG\masks\cju8alhigqn2h0801zksudldd.jpg,train/images/cju8alhigqn2h0801zksudldd.jpg,train/masks_original/cju8alhigqn2h0801zksudldd.jpg,train/masks_binary/cju8alhigqn2h0801zksudldd.png,f2279f22687022062cded1fc763bd01c27102f5b6b1e7c4e5f7943fa06a5ea68,b9fd3c4409b0b9abc08771bf4463ee88127a456aff282c4f484b91b69021fc1f
train,cju8amfdtqi4x09871tygrgqe,C:\LeDucLuong\HK VII\LuanCuNhan\DeepLearning\Test_Mau\archive\Kvasir-SEG\Kvasir-SEG\images\cju8amfdtqi4x09871tygrgqe.jpg,C:\LeDucLuong\HK VII\LuanCuNhan\DeepLearning\Test_Mau\archive\Kvasir-SEG\Kvasir-SEG\masks\cju8amfdtqi4x09871tygrgqe.jpg,train/images/cju8amfdtqi4x09871tygrgqe.jpg,train/masks_original/cju8amfdtqi4x09871tygrgqe.jpg,train/masks_binary/cju8amfdtqi4x09871tygrgqe.png,18207abb3e2974aee2df12bdff92211ac4df3479870947c359014a550b2b3095,c5710c368b26a8e6479bc8ccd3e1c7b3005a716ae2557c11e7702c8763e7f1b8
train,cju8ando2qqdo0818ck7i1be1,C:\LeDucLuong\HK VII\LuanCuNhan\DeepLearning\Test_Mau\archive\Kvasir-SEG\Kvasir-SEG\images\cju8ando2qqdo0818ck7i1be1.jpg,C:\LeDucLuong\HK VII\LuanCuNhan\DeepLearning\Test_Mau\archive\Kvasir-SEG\Kvasir-SEG\masks\cju8ando2qqdo0818ck7i1be1.jpg,train/images/cju8ando2qqdo0818ck7i1be1.jpg,train/masks_original/cju8ando2qqdo0818ck7i1be1.jpg,train/masks_binary/cju8ando2qqdo0818ck7i1be1.png,ec914876f9d38dfa08a4639c195bf33b3acba37801d345645bc02f93557601b8,f1b977d0f89e30f995f54c43fe370658124f2e350494c4a0c01253d9571fe8df
train,cju8apjewqrk00801k5d71gky,C:\LeDucLuong\HK VII\LuanCuNhan\DeepLearning\Test_Mau\archive\Kvasir-SEG\Kvasir-SEG\images\cju8apjewqrk00801k5d71gky.jpg,C:\LeDucLuong\HK VII\LuanCuNhan\DeepLearning\Test_Mau\archive\Kvasir-SEG\Kvasir-SEG\masks\cju8apjewqrk00801k5d71gky.jpg,train/images/cju8apjewqrk00801k5d71gky.jpg,train/masks_original/cju8apjewqrk00801k5d71gky.jpg,train/masks_binary/cju8apjewqrk00801k5d71gky.png,e457125f0ec122597d275d9b51b2beef72c1f9be040a58370db98576451d82b4,59792c6a6a4d2afe46c24efad7d8af5e41d71b1a80414bcc4c8348a1aeeb655d
train,cju8aqq8uqmoq0987hphto9gg,C:\LeDucLuong\HK VII\LuanCuNhan\DeepLearning\Test_Mau\archive\Kvasir-SEG\Kvasir-SEG\images\cju8aqq8uqmoq0987hphto9gg.jpg,C:\LeDucLuong\HK VII\LuanCuNhan\DeepLearning\Test_Mau\archive\Kvasir-SEG\Kvasir-SEG\masks\cju8aqq8uqmoq0987hphto9gg.jpg,train/images/cju8aqq8uqmoq0987hphto9gg.jpg,train/masks_original/cju8aqq8uqmoq0987hphto9gg.jpg,train/masks_binary/cju8aqq8uqmoq0987hphto9gg.png,bedd3eb3af85b5144354959a9f03a4b824937fa37e5bccb75cfdc895eee05415,9c7056be5fec87a8ec3b53814a0ae9ccc6a53382911fa932cb80bbc71cadd3e8
train,cju8arof2qpf20850ifr1bnqj,C:\LeDucLuong\HK VII\LuanCuNhan\DeepLearning\Test_Mau\archive\Kvasir-SEG\Kvasir-SEG\images\cju8arof2qpf20850ifr1bnqj.jpg,C:\LeDucLuong\HK VII\LuanCuNhan\DeepLearning\Test_Mau\archive\Kvasir-SEG\Kvasir-SEG\masks\cju8arof2qpf20850ifr1bnqj.jpg,train/images/cju8arof2qpf20850ifr1bnqj.jpg,train/masks_original/cju8arof2qpf20850ifr1bnqj.jpg,train/masks_binary/cju8arof2qpf20850ifr1bnqj.png,e7861d0a91e61a7a9f60683756e31bb89acb8dccb85ecd4a5325a84ae5d6ee62,d46cee5b544d79caa4511c7adf789208629a86e832b058d2f89d62d17852a0bf
train,cju8ashhnquqr0801rwduzt7d,C:\LeDucLuong\HK VII\LuanCuNhan\DeepLearning\Test_Mau\archive\Kvasir-SEG\Kvasir-SEG\images\cju8ashhnquqr0801rwduzt7d.jpg,C:\LeDucLuong\HK VII\LuanCuNhan\DeepLearning\Test_Mau\archive\Kvasir-SEG\Kvasir-SEG\masks\cju8ashhnquqr0801rwduzt7d.jpg,train/images/cju8ashhnquqr0801rwduzt7d.jpg,train/masks_original/cju8ashhnquqr0801rwduzt7d.jpg,train/masks_binary/cju8ashhnquqr0801rwduzt7d.png,7eaf063f096b154dccd4fd1c2697bb828b5bc84ce900cde05b8b30b622e0f287,da6fd19d5bc893853a8e9ad5fbb30f2a4c42fba38a251a064d566a0211fedb3c
train,cju8at3s1qqqx0850hcq8nmnq,C:\LeDucLuong\HK VII\LuanCuNhan\DeepLearning\Test_Mau\archive\Kvasir-SEG\Kvasir-SEG\images\cju8at3s1qqqx0850hcq8nmnq.jpg,C:\LeDucLuong\HK VII\LuanCuNhan\DeepLearning\Test_Mau\archive\Kvasir-SEG\Kvasir-SEG\masks\cju8at3s1qqqx0850hcq8nmnq.jpg,train/images/cju8at3s1qqqx0850hcq8nmnq.jpg,train/masks_original/cju8at3s1qqqx0850hcq8nmnq.jpg,train/masks_binary/cju8at3s1qqqx0850hcq8nmnq.png,3a39d6b43978eab45e5accf7086e88e0c19c45a1115c52156f5f72f479f2425e,7526f4b80aa29483d5a774489ad9dbe01534adb2219dca41db940880da0a0155
train,cju8auylgqx0z0871u4o4db7o,C:\LeDucLuong\HK VII\LuanCuNhan\DeepLearning\Test_Mau\archive\Kvasir-SEG\Kvasir-SEG\images\cju8auylgqx0z0871u4o4db7o.jpg,C:\LeDucLuong\HK VII\LuanCuNhan\DeepLearning\Test_Mau\archive\Kvasir-SEG\Kvasir-SEG\masks\cju8auylgqx0z0871u4o4db7o.jpg,train/images/cju8auylgqx0z0871u4o4db7o.jpg,train/masks_original/cju8auylgqx0z0871u4o4db7o.jpg,train/masks_binary/cju8auylgqx0z0871u4o4db7o.png,ce093bd7816bbc9a37552a84e956341b9ef6d79442757bea0b851f9fa71ead24,9aa1da56bea807f0d309ccad23e81544a89ab8960b72c4f45616928add299bc4
train,cju8aw9n1qyg10801jkjlmors,C:\LeDucLuong\HK VII\LuanCuNhan\DeepLearning\Test_Mau\archive\Kvasir-SEG\Kvasir-SEG\images\cju8aw9n1qyg10801jkjlmors.jpg,C:\LeDucLuong\HK VII\LuanCuNhan\DeepLearning\Test_Mau\archive\Kvasir-SEG\Kvasir-SEG\masks\cju8aw9n1qyg10801jkjlmors.jpg,train/images/cju8aw9n1qyg10801jkjlmors.jpg,train/masks_original/cju8aw9n1qyg10801jkjlmors.jpg,train/masks_binary/cju8aw9n1qyg10801jkjlmors.png,f760b46185135e5d675c89cc7d8946e6aabcc424be07a739eeabe71f0aa2330e,6a2a66c759014ae405fd890b92e2c974689af559e9d31f85f8e258a1b81d3319
train,cju8axq24r4an0755yhv9d4ly,C:\LeDucLuong\HK VII\LuanCuNhan\DeepLearning\Test_Mau\archive\Kvasir-SEG\Kvasir-SEG\images\cju8axq24r4an0755yhv9d4ly.jpg,C:\LeDucLuong\HK VII\LuanCuNhan\DeepLearning\Test_Mau\archive\Kvasir-SEG\Kvasir-SEG\masks\cju8axq24r4an0755yhv9d4ly.jpg,train/images/cju8axq24r4an0755yhv9d4ly.jpg,train/masks_original/cju8axq24r4an0755yhv9d4ly.jpg,train/masks_binary/cju8axq24r4an0755yhv9d4ly.png,826a89243a1facb79abf50c22618e6bc47b487cfe0c48c658d34a4128f4d324f,1ac64dba7d040bb614aad7384fd23d812f86a7c5570db46fdbf8894737265f0f
train,cju8ayeq7r1fb0818z1junacy,C:\LeDucLuong\HK VII\LuanCuNhan\DeepLearning\Test_Mau\archive\Kvasir-SEG\Kvasir-SEG\images\cju8ayeq7r1fb0818z1junacy.jpg,C:\LeDucLuong\HK VII\LuanCuNhan\DeepLearning\Test_Mau\archive\Kvasir-SEG\Kvasir-SEG\masks\cju8ayeq7r1fb0818z1junacy.jpg,train/images/cju8ayeq7r1fb0818z1junacy.jpg,train/masks_original/cju8ayeq7r1fb0818z1junacy.jpg,train/masks_binary/cju8ayeq7r1fb0818z1junacy.png,0b5edb84caccf2a76c9896d47b1091492c738a259e7cfbd24f378607b81989e6,96345d8585962218336a62428dfc08954008d95014febdac0ff1fc1b208bf573
train,cju8azmhcr66e0755t61atz72,C:\LeDucLuong\HK VII\LuanCuNhan\DeepLearning\Test_Mau\archive\Kvasir-SEG\Kvasir-SEG\images\cju8azmhcr66e0755t61atz72.jpg,C:\LeDucLuong\HK VII\LuanCuNhan\DeepLearning\Test_Mau\archive\Kvasir-SEG\Kvasir-SEG\masks\cju8azmhcr66e0755t61atz72.jpg,train/images/cju8azmhcr66e0755t61atz72.jpg,train/masks_original/cju8azmhcr66e0755t61atz72.jpg,train/masks_binary/cju8azmhcr66e0755t61atz72.png,02f54162c3ca5b8eeb125ae9dd7728de7af1e1c90359bf3ed568dc0e25cf9c33,e2f4685a95660969a081bb6e923cad90a2436a8b6b7f8566a0cc356443694c1b
train,cju8b0jr0r2oi0801jiquetd5,C:\LeDucLuong\HK VII\LuanCuNhan\DeepLearning\Test_Mau\archive\Kvasir-SEG\Kvasir-SEG\images\cju8b0jr0r2oi0801jiquetd5.jpg,C:\LeDucLuong\HK VII\LuanCuNhan\DeepLearning\Test_Mau\archive\Kvasir-SEG\Kvasir-SEG\masks\cju8b0jr0r2oi0801jiquetd5.jpg,train/images/cju8b0jr0r2oi0801jiquetd5.jpg,train/masks_original/cju8b0jr0r2oi0801jiquetd5.jpg,train/masks_binary/cju8b0jr0r2oi0801jiquetd5.png,904e8238d901f750d5de6eaf054890af2d82aea9d18034953fd7c2146f59e56d,4234029cfbd53858b11c394cebc0e3839a18f1cc0ffcdc0c1a9c45666177c435
train,cju8b1v3br45u087189kku66u,C:\LeDucLuong\HK VII\LuanCuNhan\DeepLearning\Test_Mau\archive\Kvasir-SEG\Kvasir-SEG\images\cju8b1v3br45u087189kku66u.jpg,C:\LeDucLuong\HK VII\LuanCuNhan\DeepLearning\Test_Mau\archive\Kvasir-SEG\Kvasir-SEG\masks\cju8b1v3br45u087189kku66u.jpg,train/images/cju8b1v3br45u087189kku66u.jpg,train/masks_original/cju8b1v3br45u087189kku66u.jpg,train/masks_binary/cju8b1v3br45u087189kku66u.png,a7beac135dd61e82851d488b02b49c34324311e3ddbbf337391b951d9ac547f8,2ccbf0764e14393670c7faedcbb12caa180c1cb0a26228b19c7f85e51664ca3a
train,cju8b2rmgr52s0801p54eyflx,C:\LeDucLuong\HK VII\LuanCuNhan\DeepLearning\Test_Mau\archive\Kvasir-SEG\Kvasir-SEG\images\cju8b2rmgr52s0801p54eyflx.jpg,C:\LeDucLuong\HK VII\LuanCuNhan\DeepLearning\Test_Mau\archive\Kvasir-SEG\Kvasir-SEG\masks\cju8b2rmgr52s0801p54eyflx.jpg,train/images/cju8b2rmgr52s0801p54eyflx.jpg,train/masks_original/cju8b2rmgr52s0801p54eyflx.jpg,train/masks_binary/cju8b2rmgr52s0801p54eyflx.png,0b2466fe855716b645b530784a3631eda6bff86c3c4d89745b6b8ee8e3daebf1,f4c92711ad6efc1d086605c5de19e3c202d9fdbd2da48c4108db1fd2667d0c00
train,cju8b3ka8r64u0801fh18hk7l,C:\LeDucLuong\HK VII\LuanCuNhan\DeepLearning\Test_Mau\archive\Kvasir-SEG\Kvasir-SEG\images\cju8b3ka8r64u0801fh18hk7l.jpg,C:\LeDucLuong\HK VII\LuanCuNhan\DeepLearning\Test_Mau\archive\Kvasir-SEG\Kvasir-SEG\masks\cju8b3ka8r64u0801fh18hk7l.jpg,train/images/cju8b3ka8r64u0801fh18hk7l.jpg,train/masks_original/cju8b3ka8r64u0801fh18hk7l.jpg,train/masks_binary/cju8b3ka8r64u0801fh18hk7l.png,a8891b9f4bee6edc8e87c1d11fbbaf38f7530c73d3df5b18e9961cd39eab35c8,42ddc5a77172dcb15d0a346649e658de1868c28a87b6e68a24321a130048f06c
train,cju8b4ja9r2s808509d45ma86,C:\LeDucLuong\HK VII\LuanCuNhan\DeepLearning\Test_Mau\archive\Kvasir-SEG\Kvasir-SEG\images\cju8b4ja9r2s808509d45ma86.jpg,C:\LeDucLuong\HK VII\LuanCuNhan\DeepLearning\Test_Mau\archive\Kvasir-SEG\Kvasir-SEG\masks\cju8b4ja9r2s808509d45ma86.jpg,train/images/cju8b4ja9r2s808509d45ma86.jpg,train/masks_original/cju8b4ja9r2s808509d45ma86.jpg,train/masks_binary/cju8b4ja9r2s808509d45ma86.png,4089a0daa18356c74a6a4c08524306cb98a8070b4393b9c791ce8d90d91ed4bb,6d82f9f969a8f6f56cbed6f8bc691d210602eb08fc7599cb3f4f845e1175e512
train,cju8b542nr81x0871uxnkm9ih,C:\LeDucLuong\HK VII\LuanCuNhan\DeepLearning\Test_Mau\archive\Kvasir-SEG\Kvasir-SEG\images\cju8b542nr81x0871uxnkm9ih.jpg,C:\LeDucLuong\HK VII\LuanCuNhan\DeepLearning\Test_Mau\archive\Kvasir-SEG\Kvasir-SEG\masks\cju8b542nr81x0871uxnkm9ih.jpg,train/images/cju8b542nr81x0871uxnkm9ih.jpg,train/masks_original/cju8b542nr81x0871uxnkm9ih.jpg,train/masks_binary/cju8b542nr81x0871uxnkm9ih.png,d861beb6240799f328235f19c6dd92b8573688cce95c2b8eb7713b535dc7e578,b12fa6c56a067af65e7c9181133cbbb76c66348e123425ba047a182011569f6e
train,cju8b5p40r2c60987ofa0mu03,C:\LeDucLuong\HK VII\LuanCuNhan\DeepLearning\Test_Mau\archive\Kvasir-SEG\Kvasir-SEG\images\cju8b5p40r2c60987ofa0mu03.jpg,C:\LeDucLuong\HK VII\LuanCuNhan\DeepLearning\Test_Mau\archive\Kvasir-SEG\Kvasir-SEG\masks\cju8b5p40r2c60987ofa0mu03.jpg,train/images/cju8b5p40r2c60987ofa0mu03.jpg,train/masks_original/cju8b5p40r2c60987ofa0mu03.jpg,train/masks_binary/cju8b5p40r2c60987ofa0mu03.png,af99daf17128c7e05e1b47610c88fc54fdc0b5a91030e8925c49c0b18de83fb1,abaea66bd435307b54bf55680d4274b5fb705097af49e05a9048841db4e7f229
train,cju8b6rp0r5st0850184f79xt,C:\LeDucLuong\HK VII\LuanCuNhan\DeepLearning\Test_Mau\archive\Kvasir-SEG\Kvasir-SEG\images\cju8b6rp0r5st0850184f79xt.jpg,C:\LeDucLuong\HK VII\LuanCuNhan\DeepLearning\Test_Mau\archive\Kvasir-SEG\Kvasir-SEG\masks\cju8b6rp0r5st0850184f79xt.jpg,train/images/cju8b6rp0r5st0850184f79xt.jpg,train/masks_original/cju8b6rp0r5st0850184f79xt.jpg,train/masks_binary/cju8b6rp0r5st0850184f79xt.png,6630f610bc51e3d5b136a45a4f8930ddeb39facd6314aa0a94949b0894eaf422,f599d371672053401c36d768a36e06fd08e42b49a674e493ee9bdae92fd22b83
train,cju8b7aqtr4a00987coba14b7,C:\LeDucLuong\HK VII\LuanCuNhan\DeepLearning\Test_Mau\archive\Kvasir-SEG\Kvasir-SEG\images\cju8b7aqtr4a00987coba14b7.jpg,C:\LeDucLuong\HK VII\LuanCuNhan\DeepLearning\Test_Mau\archive\Kvasir-SEG\Kvasir-SEG\masks\cju8b7aqtr4a00987coba14b7.jpg,train/images/cju8b7aqtr4a00987coba14b7.jpg,train/masks_original/cju8b7aqtr4a00987coba14b7.jpg,train/masks_binary/cju8b7aqtr4a00987coba14b7.png,42eb18e70f1fb43d7ac57c9bea1b8b2f83809a5f1517ecb250755e5d25f4f39e,6d52a86b1f68fd7d61e089efabdfc013b92a600fa3ae80c3f0957f368d892c5f
train,cju8b8yair65w09878pyqtr96,C:\LeDucLuong\HK VII\LuanCuNhan\DeepLearning\Test_Mau\archive\Kvasir-SEG\Kvasir-SEG\images\cju8b8yair65w09878pyqtr96.jpg,C:\LeDucLuong\HK VII\LuanCuNhan\DeepLearning\Test_Mau\archive\Kvasir-SEG\Kvasir-SEG\masks\cju8b8yair65w09878pyqtr96.jpg,train/images/cju8b8yair65w09878pyqtr96.jpg,train/masks_original/cju8b8yair65w09878pyqtr96.jpg,train/masks_binary/cju8b8yair65w09878pyqtr96.png,b9e6a219e4826c9665b256bfe96ada901015b163f9750c0fc04e06b1cb5c56ef,66708d3a79d258f84b1cb99f84b218f7356f3375b1c9d1a4c9d3249c742b73b1
train,cju8bafgqrf4x0818twisk3ea,C:\LeDucLuong\HK VII\LuanCuNhan\DeepLearning\Test_Mau\archive\Kvasir-SEG\Kvasir-SEG\images\cju8bafgqrf4x0818twisk3ea.jpg,C:\LeDucLuong\HK VII\LuanCuNhan\DeepLearning\Test_Mau\archive\Kvasir-SEG\Kvasir-SEG\masks\cju8bafgqrf4x0818twisk3ea.jpg,train/images/cju8bafgqrf4x0818twisk3ea.jpg,train/masks_original/cju8bafgqrf4x0818twisk3ea.jpg,train/masks_binary/cju8bafgqrf4x0818twisk3ea.png,1b6dd811131fc99fbd87313365e8c30fedb0059a0a8615e0083954752212dffd,bd2d421ff2136c30fa2cb85c8bb30339080acb58f8b100390d8d7de3c63b8332
train,cju8bbznkrf5g0871jncffynk,C:\LeDucLuong\HK VII\LuanCuNhan\DeepLearning\Test_Mau\archive\Kvasir-SEG\Kvasir-SEG\images\cju8bbznkrf5g0871jncffynk.jpg,C:\LeDucLuong\HK VII\LuanCuNhan\DeepLearning\Test_Mau\archive\Kvasir-SEG\Kvasir-SEG\masks\cju8bbznkrf5g0871jncffynk.jpg,train/images/cju8bbznkrf5g0871jncffynk.jpg,train/masks_original/cju8bbznkrf5g0871jncffynk.jpg,train/masks_binary/cju8bbznkrf5g0871jncffynk.png,8ef3f1226242a13e6660ca6ebb2c4f04b08e7fc0ca8ef5457e5891c4bd047804,21fe5d4faf1cf2d9ec2191912a172339562cf5cdea40273dd482c29e9cf7a71c
train,cju8bff9nrfi10850fmfzbf8v,C:\LeDucLuong\HK VII\LuanCuNhan\DeepLearning\Test_Mau\archive\Kvasir-SEG\Kvasir-SEG\images\cju8bff9nrfi10850fmfzbf8v.jpg,C:\LeDucLuong\HK VII\LuanCuNhan\DeepLearning\Test_Mau\archive\Kvasir-SEG\Kvasir-SEG\masks\cju8bff9nrfi10850fmfzbf8v.jpg,train/images/cju8bff9nrfi10850fmfzbf8v.jpg,train/masks_original/cju8bff9nrfi10850fmfzbf8v.jpg,train/masks_binary/cju8bff9nrfi10850fmfzbf8v.png,49c01105d0853795ca49e3fd7735ef7238010dbbf2450db6ee417c037b07825c,5b211fab91471335ad5db3f5c68525fdfa95b3bf5db816eec6d432d137e915c8
train,cju8bgdmqrksy0801tozdmraa,C:\LeDucLuong\HK VII\LuanCuNhan\DeepLearning\Test_Mau\archive\Kvasir-SEG\Kvasir-SEG\images\cju8bgdmqrksy0801tozdmraa.jpg,C:\LeDucLuong\HK VII\LuanCuNhan\DeepLearning\Test_Mau\archive\Kvasir-SEG\Kvasir-SEG\masks\cju8bgdmqrksy0801tozdmraa.jpg,train/images/cju8bgdmqrksy0801tozdmraa.jpg,train/masks_original/cju8bgdmqrksy0801tozdmraa.jpg,train/masks_binary/cju8bgdmqrksy0801tozdmraa.png,44e689d077a9b10371fb39126bef7aad1f13a4a2c9877037b1c7f6173ec87b36,360e3760467a48ee15f311e36cf023d3f446e6fb9e4ad07bcc40b12e948db8a2
train,cju8bh8surexp0987o5pzklk1,C:\LeDucLuong\HK VII\LuanCuNhan\DeepLearning\Test_Mau\archive\Kvasir-SEG\Kvasir-SEG\images\cju8bh8surexp0987o5pzklk1.jpg,C:\LeDucLuong\HK VII\LuanCuNhan\DeepLearning\Test_Mau\archive\Kvasir-SEG\Kvasir-SEG\masks\cju8bh8surexp0987o5pzklk1.jpg,train/images/cju8bh8surexp0987o5pzklk1.jpg,train/masks_original/cju8bh8surexp0987o5pzklk1.jpg,train/masks_binary/cju8bh8surexp0987o5pzklk1.png,a91317cb5261e36d6f1f1c2e101fdab449c05a7e6c05466b0198d47e133542b8,1da10a56953c779cee1484831de28f3b9259c98fec9514e506f74c0d71453068
train,cju8bi8q7rlmn0871abc5ch8k,C:\LeDucLuong\HK VII\LuanCuNhan\DeepLearning\Test_Mau\archive\Kvasir-SEG\Kvasir-SEG\images\cju8bi8q7rlmn0871abc5ch8k.jpg,C:\LeDucLuong\HK VII\LuanCuNhan\DeepLearning\Test_Mau\archive\Kvasir-SEG\Kvasir-SEG\masks\cju8bi8q7rlmn0871abc5ch8k.jpg,train/images/cju8bi8q7rlmn0871abc5ch8k.jpg,train/masks_original/cju8bi8q7rlmn0871abc5ch8k.jpg,train/masks_binary/cju8bi8q7rlmn0871abc5ch8k.png,efa198e7e7eaaddc9dad3675f06fb60993d71757a01a9aed84b8c6dd8851923d,0a96b83ecacc94404eea47137a4a2d871e8ae311be27f8546afb27f4ac649206
train,cju8bj2ssrmlm0871gc2ug2rs,C:\LeDucLuong\HK VII\LuanCuNhan\DeepLearning\Test_Mau\archive\Kvasir-SEG\Kvasir-SEG\images\cju8bj2ssrmlm0871gc2ug2rs.jpg,C:\LeDucLuong\HK VII\LuanCuNhan\DeepLearning\Test_Mau\archive\Kvasir-SEG\Kvasir-SEG\masks\cju8bj2ssrmlm0871gc2ug2rs.jpg,train/images/cju8bj2ssrmlm0871gc2ug2rs.jpg,train/masks_original/cju8bj2ssrmlm0871gc2ug2rs.jpg,train/masks_binary/cju8bj2ssrmlm0871gc2ug2rs.png,92d019386d70486781065cc4f7d9b5ba2978077b731d71c1d6ef542b94130343,60c1cff1ca958269636fa707bb18333506fa482f0e4b1dfae60e4f8388baa75a
train,cju8bk8oirjhw0817hgkua2w8,C:\LeDucLuong\HK VII\LuanCuNhan\DeepLearning\Test_Mau\archive\Kvasir-SEG\Kvasir-SEG\images\cju8bk8oirjhw0817hgkua2w8.jpg,C:\LeDucLuong\HK VII\LuanCuNhan\DeepLearning\Test_Mau\archive\Kvasir-SEG\Kvasir-SEG\masks\cju8bk8oirjhw0817hgkua2w8.jpg,train/images/cju8bk8oirjhw0817hgkua2w8.jpg,train/masks_original/cju8bk8oirjhw0817hgkua2w8.jpg,train/masks_binary/cju8bk8oirjhw0817hgkua2w8.png,259f1a47dae8e4c064bdaa859233e66e38d6b42ce161cc0274fea469e9811969,e0a9e3b3d8cd2217f3852a090d0f18decf7a40724bcfaf984514c75c2c1daa2a
train,cju8bljw9rqk20801kr54akrl,C:\LeDucLuong\HK VII\LuanCuNhan\DeepLearning\Test_Mau\archive\Kvasir-SEG\Kvasir-SEG\images\cju8bljw9rqk20801kr54akrl.jpg,C:\LeDucLuong\HK VII\LuanCuNhan\DeepLearning\Test_Mau\archive\Kvasir-SEG\Kvasir-SEG\masks\cju8bljw9rqk20801kr54akrl.jpg,train/images/cju8bljw9rqk20801kr54akrl.jpg,train/masks_original/cju8bljw9rqk20801kr54akrl.jpg,train/masks_binary/cju8bljw9rqk20801kr54akrl.png,19b94fab23585f898b8b8233da08268f1c5658dfd9e0b1331da4c7e51d7332b6,2ec0a7308697327bf43916b1bf807cf546d18d99f8356a83a580028ec0a8af33
train,cju8bm24yrrdp081829mbo8ic,C:\LeDucLuong\HK VII\LuanCuNhan\DeepLearning\Test_Mau\archive\Kvasir-SEG\Kvasir-SEG\images\cju8bm24yrrdp081829mbo8ic.jpg,C:\LeDucLuong\HK VII\LuanCuNhan\DeepLearning\Test_Mau\archive\Kvasir-SEG\Kvasir-SEG\masks\cju8bm24yrrdp081829mbo8ic.jpg,train/images/cju8bm24yrrdp081829mbo8ic.jpg,train/masks_original/cju8bm24yrrdp081829mbo8ic.jpg,train/masks_binary/cju8bm24yrrdp081829mbo8ic.png,519cb8a4a9d373e6e1b83716204723768544ec10b394f1665272ad6c2ac83461,d80f3fcdefd03585b87cacabd92b579f00b6060ec0b9844daa13ed8ca688c0fc
train,cju8bn7m2rmm70817hgxpb1uq,C:\LeDucLuong\HK VII\LuanCuNhan\DeepLearning\Test_Mau\archive\Kvasir-SEG\Kvasir-SEG\images\cju8bn7m2rmm70817hgxpb1uq.jpg,C:\LeDucLuong\HK VII\LuanCuNhan\DeepLearning\Test_Mau\archive\Kvasir-SEG\Kvasir-SEG\masks\cju8bn7m2rmm70817hgxpb1uq.jpg,train/images/cju8bn7m2rmm70817hgxpb1uq.jpg,train/masks_original/cju8bn7m2rmm70817hgxpb1uq.jpg,train/masks_binary/cju8bn7m2rmm70817hgxpb1uq.png,28929fcaec8844f9e744cf1397441c4c3b182d3a60723202ae851fcc2e395cde,82a194999f97a866161673f032338be28016f76a88bb6eccd67d7a12fda5db22
train,cju8bop5jrsid08716i24fqda,C:\LeDucLuong\HK VII\LuanCuNhan\DeepLearning\Test_Mau\archive\Kvasir-SEG\Kvasir-SEG\images\cju8bop5jrsid08716i24fqda.jpg,C:\LeDucLuong\HK VII\LuanCuNhan\DeepLearning\Test_Mau\archive\Kvasir-SEG\Kvasir-SEG\masks\cju8bop5jrsid08716i24fqda.jpg,train/images/cju8bop5jrsid08716i24fqda.jpg,train/masks_original/cju8bop5jrsid08716i24fqda.jpg,train/masks_binary/cju8bop5jrsid08716i24fqda.png,94c60bbc4f5c3c5d1360d4e2a016bb236aba97dfa3e3cdbc33d11d22c762d835,8e40652bc7d6b7f7ee7d978400608f40f001fba26ebd50d0c70b7a33a88f5195
train,cju8bpctzrqkr0850zeldv9kt,C:\LeDucLuong\HK VII\LuanCuNhan\DeepLearning\Test_Mau\archive\Kvasir-SEG\Kvasir-SEG\images\cju8bpctzrqkr0850zeldv9kt.jpg,C:\LeDucLuong\HK VII\LuanCuNhan\DeepLearning\Test_Mau\archive\Kvasir-SEG\Kvasir-SEG\masks\cju8bpctzrqkr0850zeldv9kt.jpg,train/images/cju8bpctzrqkr0850zeldv9kt.jpg,train/masks_original/cju8bpctzrqkr0850zeldv9kt.jpg,train/masks_binary/cju8bpctzrqkr0850zeldv9kt.png,2cad7018caf9a486ccdacbf7c471ae03db71de590d862ed113b617f6b10a17a6,7fe741cac4a1cad3c57e97c1014cbfe96a3a19b3ec19c35a5aa9207c90da53d5
train,cju8bqxxurs6i0850mu7mtef9,C:\LeDucLuong\HK VII\LuanCuNhan\DeepLearning\Test_Mau\archive\Kvasir-SEG\Kvasir-SEG\images\cju8bqxxurs6i0850mu7mtef9.jpg,C:\LeDucLuong\HK VII\LuanCuNhan\DeepLearning\Test_Mau\archive\Kvasir-SEG\Kvasir-SEG\masks\cju8bqxxurs6i0850mu7mtef9.jpg,train/images/cju8bqxxurs6i0850mu7mtef9.jpg,train/masks_original/cju8bqxxurs6i0850mu7mtef9.jpg,train/masks_binary/cju8bqxxurs6i0850mu7mtef9.png,44a128d990057ee6985afd6e5df9066b293809423527ab4c46ff7a01c1814f65,b07e196c35f49c2f7af261089ed3811278bf3ce0f7c8c840760bba3996234901
train,cju8brv16rx7f0818uf5n89pv,C:\LeDucLuong\HK VII\LuanCuNhan\DeepLearning\Test_Mau\archive\Kvasir-SEG\Kvasir-SEG\images\cju8brv16rx7f0818uf5n89pv.jpg,C:\LeDucLuong\HK VII\LuanCuNhan\DeepLearning\Test_Mau\archive\Kvasir-SEG\Kvasir-SEG\masks\cju8brv16rx7f0818uf5n89pv.jpg,train/images/cju8brv16rx7f0818uf5n89pv.jpg,train/masks_original/cju8brv16rx7f0818uf5n89pv.jpg,train/masks_binary/cju8brv16rx7f0818uf5n89pv.png,5abd6aa04960bf2f67230add1221b484d8676c8d6587f18bc257d8c5a11022ac,ca0bf796adad79fc2c0628500406c861d951959e333931616b67152b6090590f
train,cju8bssulrrcy0987h1vq5060,C:\LeDucLuong\HK VII\LuanCuNhan\DeepLearning\Test_Mau\archive\Kvasir-SEG\Kvasir-SEG\images\cju8bssulrrcy0987h1vq5060.jpg,C:\LeDucLuong\HK VII\LuanCuNhan\DeepLearning\Test_Mau\archive\Kvasir-SEG\Kvasir-SEG\masks\cju8bssulrrcy0987h1vq5060.jpg,train/images/cju8bssulrrcy0987h1vq5060.jpg,train/masks_original/cju8bssulrrcy0987h1vq5060.jpg,train/masks_binary/cju8bssulrrcy0987h1vq5060.png,cb90272d6c0bd79a52255c1c8d63c6cc961c3e7a53a87e5afaa1d964362bd97e,dc00deb7aaf27cb0cf9340d7c20d281f165c2d55f55bf0a7844d361b324346d7
train,cju8buos5rz9b08715lfr0f4f,C:\LeDucLuong\HK VII\LuanCuNhan\DeepLearning\Test_Mau\archive\Kvasir-SEG\Kvasir-SEG\images\cju8buos5rz9b08715lfr0f4f.jpg,C:\LeDucLuong\HK VII\LuanCuNhan\DeepLearning\Test_Mau\archive\Kvasir-SEG\Kvasir-SEG\masks\cju8buos5rz9b08715lfr0f4f.jpg,train/images/cju8buos5rz9b08715lfr0f4f.jpg,train/masks_original/cju8buos5rz9b08715lfr0f4f.jpg,train/masks_binary/cju8buos5rz9b08715lfr0f4f.png,5999aea4e2fe301d38001387c24f25f34d14d49a28cdc221701ddce5938e77fa,6b41e58731f618f82f12d6c7d0dbd7bb6f26ff876358a34c444f437639cbd0f9
train,cju8bw697rwg308177tg8huas,C:\LeDucLuong\HK VII\LuanCuNhan\DeepLearning\Test_Mau\archive\Kvasir-SEG\Kvasir-SEG\images\cju8bw697rwg308177tg8huas.jpg,C:\LeDucLuong\HK VII\LuanCuNhan\DeepLearning\Test_Mau\archive\Kvasir-SEG\Kvasir-SEG\masks\cju8bw697rwg308177tg8huas.jpg,train/images/cju8bw697rwg308177tg8huas.jpg,train/masks_original/cju8bw697rwg308177tg8huas.jpg,train/masks_binary/cju8bw697rwg308177tg8huas.png,5b549c8d555bea65bc312b4334ca10e20b805adf9828efb55006e70cc9d726fa,6617d2b9013159f0c7524d0d894a8653d21962d1c44141cebeb309a3640f3871
train,cju8bysfgrzkl081786jwac09,C:\LeDucLuong\HK VII\LuanCuNhan\DeepLearning\Test_Mau\archive\Kvasir-SEG\Kvasir-SEG\images\cju8bysfgrzkl081786jwac09.jpg,C:\LeDucLuong\HK VII\LuanCuNhan\DeepLearning\Test_Mau\archive\Kvasir-SEG\Kvasir-SEG\masks\cju8bysfgrzkl081786jwac09.jpg,train/images/cju8bysfgrzkl081786jwac09.jpg,train/masks_original/cju8bysfgrzkl081786jwac09.jpg,train/masks_binary/cju8bysfgrzkl081786jwac09.png,6eb1579968e5d9b79b2e7daa0705eb310e7a532fabfd657cf660abf3c91d5072,c4c07fbd4aa1ecca3654340d781503659581575c772180e744af011ba54c6d03
train,cju8bzzy2s66m08016z6mouqt,C:\LeDucLuong\HK VII\LuanCuNhan\DeepLearning\Test_Mau\archive\Kvasir-SEG\Kvasir-SEG\images\cju8bzzy2s66m08016z6mouqt.jpg,C:\LeDucLuong\HK VII\LuanCuNhan\DeepLearning\Test_Mau\archive\Kvasir-SEG\Kvasir-SEG\masks\cju8bzzy2s66m08016z6mouqt.jpg,train/images/cju8bzzy2s66m08016z6mouqt.jpg,train/masks_original/cju8bzzy2s66m08016z6mouqt.jpg,train/masks_binary/cju8bzzy2s66m08016z6mouqt.png,75329a89cae872e2f52b06cb69ae9076603792a83d4b41d344e677d200bf4087,eace9fc9fe0637ebcd5e9754dd9f1188abb4b0847ece263de696d9c799069e2a
train,cju8c1a0ws7o208181c6lbsom,C:\LeDucLuong\HK VII\LuanCuNhan\DeepLearning\Test_Mau\archive\Kvasir-SEG\Kvasir-SEG\images\cju8c1a0ws7o208181c6lbsom.jpg,C:\LeDucLuong\HK VII\LuanCuNhan\DeepLearning\Test_Mau\archive\Kvasir-SEG\Kvasir-SEG\masks\cju8c1a0ws7o208181c6lbsom.jpg,train/images/cju8c1a0ws7o208181c6lbsom.jpg,train/masks_original/cju8c1a0ws7o208181c6lbsom.jpg,train/masks_binary/cju8c1a0ws7o208181c6lbsom.png,29151f12efd565645729366d34ff3903faf639f8dbbbc9f56fbf28e452b030be,718589b435b476b556ff282f39ee1578b86b0d098b46808f923482b2436ad15f
train,cju8c2rqzs5t80850d0zky5dy,C:\LeDucLuong\HK VII\LuanCuNhan\DeepLearning\Test_Mau\archive\Kvasir-SEG\Kvasir-SEG\images\cju8c2rqzs5t80850d0zky5dy.jpg,C:\LeDucLuong\HK VII\LuanCuNhan\DeepLearning\Test_Mau\archive\Kvasir-SEG\Kvasir-SEG\masks\cju8c2rqzs5t80850d0zky5dy.jpg,train/images/cju8c2rqzs5t80850d0zky5dy.jpg,train/masks_original/cju8c2rqzs5t80850d0zky5dy.jpg,train/masks_binary/cju8c2rqzs5t80850d0zky5dy.png,2b1457a63bbfd807decc5d2060e0fe9e992058f3158950cb8b089a44d188139a,ae9e8a7b13c44f46a678b84d55b1e2950950497a32a74637ce054c012529835f
train,cju8c3xs7sauj0801ieyzezr5,C:\LeDucLuong\HK VII\LuanCuNhan\DeepLearning\Test_Mau\archive\Kvasir-SEG\Kvasir-SEG\images\cju8c3xs7sauj0801ieyzezr5.jpg,C:\LeDucLuong\HK VII\LuanCuNhan\DeepLearning\Test_Mau\archive\Kvasir-SEG\Kvasir-SEG\masks\cju8c3xs7sauj0801ieyzezr5.jpg,train/images/cju8c3xs7sauj0801ieyzezr5.jpg,train/masks_original/cju8c3xs7sauj0801ieyzezr5.jpg,train/masks_binary/cju8c3xs7sauj0801ieyzezr5.png,9e38a0b32f299a4fc358a6dca972d7ad39082139698ffea1ee76a440884a4779,6ed0686d3f334cf65e1ff5fe6bc27c5f7276cac18e5780aee343b208c19140d4
train,cju8c5223s8j80850b4kealt4,C:\LeDucLuong\HK VII\LuanCuNhan\DeepLearning\Test_Mau\archive\Kvasir-SEG\Kvasir-SEG\images\cju8c5223s8j80850b4kealt4.jpg,C:\LeDucLuong\HK VII\LuanCuNhan\DeepLearning\Test_Mau\archive\Kvasir-SEG\Kvasir-SEG\masks\cju8c5223s8j80850b4kealt4.jpg,train/images/cju8c5223s8j80850b4kealt4.jpg,train/masks_original/cju8c5223s8j80850b4kealt4.jpg,train/masks_binary/cju8c5223s8j80850b4kealt4.png,d6b11a8613d44f4e20372e52c82beca627fae981d767d8e330b43e2e532d949a,62ff981f72ab3227eee1feb0784b6018f72b64fda639f44d1dc79f42e0f38978
train,cju8c5mxls96t0850wvkvsity,C:\LeDucLuong\HK VII\LuanCuNhan\DeepLearning\Test_Mau\archive\Kvasir-SEG\Kvasir-SEG\images\cju8c5mxls96t0850wvkvsity.jpg,C:\LeDucLuong\HK VII\LuanCuNhan\DeepLearning\Test_Mau\archive\Kvasir-SEG\Kvasir-SEG\masks\cju8c5mxls96t0850wvkvsity.jpg,train/images/cju8c5mxls96t0850wvkvsity.jpg,train/masks_original/cju8c5mxls96t0850wvkvsity.jpg,train/masks_binary/cju8c5mxls96t0850wvkvsity.png,cdc56d10ca3df032423623aa4097d0fca94a028fe778fe7fd49de4eea423ca4a,431a27e3771a1bebec8f63f3c33e2dd48a7412c790976e4b480d8de82bb52d1f
train,cju8c5zcbsdfz0801o5t6jag1,C:\LeDucLuong\HK VII\LuanCuNhan\DeepLearning\Test_Mau\archive\Kvasir-SEG\Kvasir-SEG\images\cju8c5zcbsdfz0801o5t6jag1.jpg,C:\LeDucLuong\HK VII\LuanCuNhan\DeepLearning\Test_Mau\archive\Kvasir-SEG\Kvasir-SEG\masks\cju8c5zcbsdfz0801o5t6jag1.jpg,train/images/cju8c5zcbsdfz0801o5t6jag1.jpg,train/masks_original/cju8c5zcbsdfz0801o5t6jag1.jpg,train/masks_binary/cju8c5zcbsdfz0801o5t6jag1.png,b51604ef05041052a1b851b39ac1678a4f9aba814268892ca48cbf581d6fef2a,8010e124c1e8b1f610032cc0a2bceff6f9a25da1123fbbc6164e1399e18d1be9
train,cju8c6hnxsdvr0801wn0vrsa6,C:\LeDucLuong\HK VII\LuanCuNhan\DeepLearning\Test_Mau\archive\Kvasir-SEG\Kvasir-SEG\images\cju8c6hnxsdvr0801wn0vrsa6.jpg,C:\LeDucLuong\HK VII\LuanCuNhan\DeepLearning\Test_Mau\archive\Kvasir-SEG\Kvasir-SEG\masks\cju8c6hnxsdvr0801wn0vrsa6.jpg,train/images/cju8c6hnxsdvr0801wn0vrsa6.jpg,train/masks_original/cju8c6hnxsdvr0801wn0vrsa6.jpg,train/masks_binary/cju8c6hnxsdvr0801wn0vrsa6.png,91c795afe2bc89c0f370755762ea2d6de3edcdaaff84a46a3145286d6ebe2680,9edae5672bf55878e50bf4895e2e1cd10599cba6a798d0579c13bb82115684f5
train,cju8c82iosagu0817l74s4m5g,C:\LeDucLuong\HK VII\LuanCuNhan\DeepLearning\Test_Mau\archive\Kvasir-SEG\Kvasir-SEG\images\cju8c82iosagu0817l74s4m5g.jpg,C:\LeDucLuong\HK VII\LuanCuNhan\DeepLearning\Test_Mau\archive\Kvasir-SEG\Kvasir-SEG\masks\cju8c82iosagu0817l74s4m5g.jpg,train/images/cju8c82iosagu0817l74s4m5g.jpg,train/masks_original/cju8c82iosagu0817l74s4m5g.jpg,train/masks_binary/cju8c82iosagu0817l74s4m5g.png,a8e2be9998ec32669d99e2894f12243de3db404ffe09b6541a6ce9f3ce1661e5,b6e63d5dc1e91fe57ceb43f9f497503a511ad1cb7c889c2c7e46033bb03b95cd
train,cju8c9akjsdjj0850s67uzlxq,C:\LeDucLuong\HK VII\LuanCuNhan\DeepLearning\Test_Mau\archive\Kvasir-SEG\Kvasir-SEG\images\cju8c9akjsdjj0850s67uzlxq.jpg,C:\LeDucLuong\HK VII\LuanCuNhan\DeepLearning\Test_Mau\archive\Kvasir-SEG\Kvasir-SEG\masks\cju8c9akjsdjj0850s67uzlxq.jpg,train/images/cju8c9akjsdjj0850s67uzlxq.jpg,train/masks_original/cju8c9akjsdjj0850s67uzlxq.jpg,train/masks_binary/cju8c9akjsdjj0850s67uzlxq.png,2ced15535448266ed7550edeedfabe9701a1a71958cb9458061ae5bca1a09ead,cf55c1240620d1471d012c4e027a4243ebac2ca7fbb0a73104cd416b1f346594
train,cju8ca4geseia0850i2ru11hw,C:\LeDucLuong\HK VII\LuanCuNhan\DeepLearning\Test_Mau\archive\Kvasir-SEG\Kvasir-SEG\images\cju8ca4geseia0850i2ru11hw.jpg,C:\LeDucLuong\HK VII\LuanCuNhan\DeepLearning\Test_Mau\archive\Kvasir-SEG\Kvasir-SEG\masks\cju8ca4geseia0850i2ru11hw.jpg,train/images/cju8ca4geseia0850i2ru11hw.jpg,train/masks_original/cju8ca4geseia0850i2ru11hw.jpg,train/masks_binary/cju8ca4geseia0850i2ru11hw.png,3122d72e2397f340bbea7c40c8a3188c3727eb58c9b3739806550addd6b1afb8,3e65376b46243ac98e299d47e251f2520ae978edff9e18acdc7c7479bfcf611c
train,cju8cattbsivm0818p446wgel,C:\LeDucLuong\HK VII\LuanCuNhan\DeepLearning\Test_Mau\archive\Kvasir-SEG\Kvasir-SEG\images\cju8cattbsivm0818p446wgel.jpg,C:\LeDucLuong\HK VII\LuanCuNhan\DeepLearning\Test_Mau\archive\Kvasir-SEG\Kvasir-SEG\masks\cju8cattbsivm0818p446wgel.jpg,train/images/cju8cattbsivm0818p446wgel.jpg,train/masks_original/cju8cattbsivm0818p446wgel.jpg,train/masks_binary/cju8cattbsivm0818p446wgel.png,9ff08d4b9f202933823c7cb2f66e35e440a2749fd5e83c03ca2e85491db5f4df,227111f764168a63bc1a9511b8533b697a30290f08d924bbc46066c7b2553b11
train,cju8cbsyssiqj0871gr4jedjp,C:\LeDucLuong\HK VII\LuanCuNhan\DeepLearning\Test_Mau\archive\Kvasir-SEG\Kvasir-SEG\images\cju8cbsyssiqj0871gr4jedjp.jpg,C:\LeDucLuong\HK VII\LuanCuNhan\DeepLearning\Test_Mau\archive\Kvasir-SEG\Kvasir-SEG\masks\cju8cbsyssiqj0871gr4jedjp.jpg,train/images/cju8cbsyssiqj0871gr4jedjp.jpg,train/masks_original/cju8cbsyssiqj0871gr4jedjp.jpg,train/masks_binary/cju8cbsyssiqj0871gr4jedjp.png,d2a36b55ed2b5dc2c79a73752cfd8826f716c73939b9791ed3cb5565abd4bbed,8f048d4fa47da27644a28898053ba4fe6929187699fa3f81dcb7684233b30d4f
train,cju8cdeazsm8h0801jxifmzur,C:\LeDucLuong\HK VII\LuanCuNhan\DeepLearning\Test_Mau\archive\Kvasir-SEG\Kvasir-SEG\images\cju8cdeazsm8h0801jxifmzur.jpg,C:\LeDucLuong\HK VII\LuanCuNhan\DeepLearning\Test_Mau\archive\Kvasir-SEG\Kvasir-SEG\masks\cju8cdeazsm8h0801jxifmzur.jpg,train/images/cju8cdeazsm8h0801jxifmzur.jpg,train/masks_original/cju8cdeazsm8h0801jxifmzur.jpg,train/masks_binary/cju8cdeazsm8h0801jxifmzur.png,d28b4dfd60aa8a54b1ea3ecc4a5c93005a0c8015d88a3a9e5728de8ccd4fc254,e90a6eccb575c93884eddb0268c90d671a0cbb55801d731fe29db14f0bb1a321
train,cju7efffp2ivf0817etg3jehl,C:\LeDucLuong\HK VII\LuanCuNhan\DeepLearning\Test_Mau\archive\Kvasir-SEG\Kvasir-SEG\images\cju7efffp2ivf0817etg3jehl.jpg,C:\LeDucLuong\HK VII\LuanCuNhan\DeepLearning\Test_Mau\archive\Kvasir-SEG\Kvasir-SEG\masks\cju7efffp2ivf0817etg3jehl.jpg,train/images/cju7efffp2ivf0817etg3jehl.jpg,train/masks_original/cju7efffp2ivf0817etg3jehl.jpg,train/masks_binary/cju7efffp2ivf0817etg3jehl.png,5175f4698465a0124238b82ff54f5b5d2fbf1b00f3f1404ba36fd001c2a16b9d,2fbf923c903c6a1a0be27eef85a263f7f5193c5af819715d3c8f4a2eccfd4d83
val,cju0s690hkp960855tjuaqvv0,C:\LeDucLuong\HK VII\LuanCuNhan\DeepLearning\Test_Mau\archive\Kvasir-SEG\Kvasir-SEG\images\cju0s690hkp960855tjuaqvv0.jpg,C:\LeDucLuong\HK VII\LuanCuNhan\DeepLearning\Test_Mau\archive\Kvasir-SEG\Kvasir-SEG\masks\cju0s690hkp960855tjuaqvv0.jpg,val/images/cju0s690hkp960855tjuaqvv0.jpg,val/masks_original/cju0s690hkp960855tjuaqvv0.jpg,val/masks_binary/cju0s690hkp960855tjuaqvv0.png,96696f7cbcdff52a62d26d51c2c4154ed7f6eebee43fe5ad4cf6c5fa55825476,659a2c9a473d03dc87252eba7208014a733b34b33964c3b96ffc6e10a875554d
val,cju0sr5ghl0nd08789uzf1raf,C:\LeDucLuong\HK VII\LuanCuNhan\DeepLearning\Test_Mau\archive\Kvasir-SEG\Kvasir-SEG\images\cju0sr5ghl0nd08789uzf1raf.jpg,C:\LeDucLuong\HK VII\LuanCuNhan\DeepLearning\Test_Mau\archive\Kvasir-SEG\Kvasir-SEG\masks\cju0sr5ghl0nd08789uzf1raf.jpg,val/images/cju0sr5ghl0nd08789uzf1raf.jpg,val/masks_original/cju0sr5ghl0nd08789uzf1raf.jpg,val/masks_binary/cju0sr5ghl0nd08789uzf1raf.png,d2c38f0e93dd9e618e1e81b66cdc75b86720a437fc02efb46c28c3b944d83038,c1c9e0e8568d4e2afa6b2b1093c33b35519d29d0d2d97a5c9c6540be8a0c7006
val,cju0sxqiclckk08551ycbwhno,C:\LeDucLuong\HK VII\LuanCuNhan\DeepLearning\Test_Mau\archive\Kvasir-SEG\Kvasir-SEG\images\cju0sxqiclckk08551ycbwhno.jpg,C:\LeDucLuong\HK VII\LuanCuNhan\DeepLearning\Test_Mau\archive\Kvasir-SEG\Kvasir-SEG\masks\cju0sxqiclckk08551ycbwhno.jpg,val/images/cju0sxqiclckk08551ycbwhno.jpg,val/masks_original/cju0sxqiclckk08551ycbwhno.jpg,val/masks_binary/cju0sxqiclckk08551ycbwhno.png,1ad00a52c1e6d700bb8c38107caa152b50edba55515bbba5ae66fcf594db68a4,52e398c6f69dd7e1f08bf0336a9e309345e501cd15577ced6cb9f429999ba72a
val,cju0t4oil7vzk099370nun5h9,C:\LeDucLuong\HK VII\LuanCuNhan\DeepLearning\Test_Mau\archive\Kvasir-SEG\Kvasir-SEG\images\cju0t4oil7vzk099370nun5h9.jpg,C:\LeDucLuong\HK VII\LuanCuNhan\DeepLearning\Test_Mau\archive\Kvasir-SEG\Kvasir-SEG\masks\cju0t4oil7vzk099370nun5h9.jpg,val/images/cju0t4oil7vzk099370nun5h9.jpg,val/masks_original/cju0t4oil7vzk099370nun5h9.jpg,val/masks_binary/cju0t4oil7vzk099370nun5h9.png,3e602f1232d712958f87b2b4bc89f9af48f3ed811e92358f9e3d9da9bfcfaba3,fa2cadad98554b3b8978d067cc7e48a9bf210608d28d2aae3f96296b58d9c46a
val,cju0tl3uz8blh0993wxvn7ly3,C:\LeDucLuong\HK VII\LuanCuNhan\DeepLearning\Test_Mau\archive\Kvasir-SEG\Kvasir-SEG\images\cju0tl3uz8blh0993wxvn7ly3.jpg,C:\LeDucLuong\HK VII\LuanCuNhan\DeepLearning\Test_Mau\archive\Kvasir-SEG\Kvasir-SEG\masks\cju0tl3uz8blh0993wxvn7ly3.jpg,val/images/cju0tl3uz8blh0993wxvn7ly3.jpg,val/masks_original/cju0tl3uz8blh0993wxvn7ly3.jpg,val/masks_binary/cju0tl3uz8blh0993wxvn7ly3.png,f1918d7b5478ff6b755a4bad637c87d28179ae2b44227075f85d6d93bb0a46e6,2eee14d6998f157b34e5eb4d020d9d7357cfcbc869dbc2716350b957ea6e0ccd
val,cju0u2g7pmnux0801vkk47ivj,C:\LeDucLuong\HK VII\LuanCuNhan\DeepLearning\Test_Mau\archive\Kvasir-SEG\Kvasir-SEG\images\cju0u2g7pmnux0801vkk47ivj.jpg,C:\LeDucLuong\HK VII\LuanCuNhan\DeepLearning\Test_Mau\archive\Kvasir-SEG\Kvasir-SEG\masks\cju0u2g7pmnux0801vkk47ivj.jpg,val/images/cju0u2g7pmnux0801vkk47ivj.jpg,val/masks_original/cju0u2g7pmnux0801vkk47ivj.jpg,val/masks_binary/cju0u2g7pmnux0801vkk47ivj.png,c880e6aa09b169c19bbe6acace56b8b7e5efcb86ce29f64175d2073ffe59b86e,2487b08812b20c0ecc581e3664156c44ae608c68aaa29304ad734f1535e03ed7
val,cju0u82z3cuma0835wlxrnrjv,C:\LeDucLuong\HK VII\LuanCuNhan\DeepLearning\Test_Mau\archive\Kvasir-SEG\Kvasir-SEG\images\cju0u82z3cuma0835wlxrnrjv.jpg,C:\LeDucLuong\HK VII\LuanCuNhan\DeepLearning\Test_Mau\archive\Kvasir-SEG\Kvasir-SEG\masks\cju0u82z3cuma0835wlxrnrjv.jpg,val/images/cju0u82z3cuma0835wlxrnrjv.jpg,val/masks_original/cju0u82z3cuma0835wlxrnrjv.jpg,val/masks_binary/cju0u82z3cuma0835wlxrnrjv.png,0f49a7445435432711115772a72a4edb04f4878324d17dcc52e7441d2d03db27,6b851baa7b9a7c13728d1e8b9ff01db436c456e7391a1edd094bbc481d916e45
val,cju0ue769mxii08019zqgdbxn,C:\LeDucLuong\HK VII\LuanCuNhan\DeepLearning\Test_Mau\archive\Kvasir-SEG\Kvasir-SEG\images\cju0ue769mxii08019zqgdbxn.jpg,C:\LeDucLuong\HK VII\LuanCuNhan\DeepLearning\Test_Mau\archive\Kvasir-SEG\Kvasir-SEG\masks\cju0ue769mxii08019zqgdbxn.jpg,val/images/cju0ue769mxii08019zqgdbxn.jpg,val/masks_original/cju0ue769mxii08019zqgdbxn.jpg,val/masks_binary/cju0ue769mxii08019zqgdbxn.png,0c14886480421dd23529805d630fda599aeb062b35b98f66c342787a73c8cb42,24dc30d86c84015aa976961e5297b7533d1f9e4e65227318a17870f14b7a60d0
val,cju0vtox5ain6099360pu62rp,C:\LeDucLuong\HK VII\LuanCuNhan\DeepLearning\Test_Mau\archive\Kvasir-SEG\Kvasir-SEG\images\cju0vtox5ain6099360pu62rp.jpg,C:\LeDucLuong\HK VII\LuanCuNhan\DeepLearning\Test_Mau\archive\Kvasir-SEG\Kvasir-SEG\masks\cju0vtox5ain6099360pu62rp.jpg,val/images/cju0vtox5ain6099360pu62rp.jpg,val/masks_original/cju0vtox5ain6099360pu62rp.jpg,val/masks_binary/cju0vtox5ain6099360pu62rp.png,2eb5b5f315b0898870277031d1ae8087440b8cc70d8dd3dc6740561b5e90f117,622be258e5aacea7718b49322e128c6c6212cad5f56128278b6c67976178e93c
val,cju13cgqmnhwn0988yrainhcp,C:\LeDucLuong\HK VII\LuanCuNhan\DeepLearning\Test_Mau\archive\Kvasir-SEG\Kvasir-SEG\images\cju13cgqmnhwn0988yrainhcp.jpg,C:\LeDucLuong\HK VII\LuanCuNhan\DeepLearning\Test_Mau\archive\Kvasir-SEG\Kvasir-SEG\masks\cju13cgqmnhwn0988yrainhcp.jpg,val/images/cju13cgqmnhwn0988yrainhcp.jpg,val/masks_original/cju13cgqmnhwn0988yrainhcp.jpg,val/masks_binary/cju13cgqmnhwn0988yrainhcp.png,fdc33b5e589f8cf6e0623cee526d7a36bff4f91ae713f0c4fc99f3436a71af58,e366ef54958649c5bccafa65aafe546bf3813e899a2bf232d0a2efac347c7731
val,cju13fwthn9mq0835gacxgy01,C:\LeDucLuong\HK VII\LuanCuNhan\DeepLearning\Test_Mau\archive\Kvasir-SEG\Kvasir-SEG\images\cju13fwthn9mq0835gacxgy01.jpg,C:\LeDucLuong\HK VII\LuanCuNhan\DeepLearning\Test_Mau\archive\Kvasir-SEG\Kvasir-SEG\masks\cju13fwthn9mq0835gacxgy01.jpg,val/images/cju13fwthn9mq0835gacxgy01.jpg,val/masks_original/cju13fwthn9mq0835gacxgy01.jpg,val/masks_binary/cju13fwthn9mq0835gacxgy01.png,984e555a175cd7d53eb4ec5d4e83a84316678d64b0e3f89426e05ec2b0e61f6c,ab97cf3d791d26fd5daccee46af3aff6629f4a5f9f0aa771d5e8f1106f57a5cb
val,cju13hp5rnbjx0835bf0jowgx,C:\LeDucLuong\HK VII\LuanCuNhan\DeepLearning\Test_Mau\archive\Kvasir-SEG\Kvasir-SEG\images\cju13hp5rnbjx0835bf0jowgx.jpg,C:\LeDucLuong\HK VII\LuanCuNhan\DeepLearning\Test_Mau\archive\Kvasir-SEG\Kvasir-SEG\masks\cju13hp5rnbjx0835bf0jowgx.jpg,val/images/cju13hp5rnbjx0835bf0jowgx.jpg,val/masks_original/cju13hp5rnbjx0835bf0jowgx.jpg,val/masks_binary/cju13hp5rnbjx0835bf0jowgx.png,031ae235ea4860989ffcf58669caac75c5495d955718fe44e01cb154a9dfc4f0,aa9e6a9fec2a810f4b612116726cf728558d14554924acbe972611509f1503af
val,cju14g8o4xui30878gkgbrvqj,C:\LeDucLuong\HK VII\LuanCuNhan\DeepLearning\Test_Mau\archive\Kvasir-SEG\Kvasir-SEG\images\cju14g8o4xui30878gkgbrvqj.jpg,C:\LeDucLuong\HK VII\LuanCuNhan\DeepLearning\Test_Mau\archive\Kvasir-SEG\Kvasir-SEG\masks\cju14g8o4xui30878gkgbrvqj.jpg,val/images/cju14g8o4xui30878gkgbrvqj.jpg,val/masks_original/cju14g8o4xui30878gkgbrvqj.jpg,val/masks_binary/cju14g8o4xui30878gkgbrvqj.png,0ac7840313085ce6ae41e4050b2673fb071540d875afa32ac7733df6e36d4353,3b2a9378bd47685bfbd30f6712da57d1999b1f691c8ea1cfa851fae76c6f9f9f
val,cju14hjh2ob2o0835ouz3r5aa,C:\LeDucLuong\HK VII\LuanCuNhan\DeepLearning\Test_Mau\archive\Kvasir-SEG\Kvasir-SEG\images\cju14hjh2ob2o0835ouz3r5aa.jpg,C:\LeDucLuong\HK VII\LuanCuNhan\DeepLearning\Test_Mau\archive\Kvasir-SEG\Kvasir-SEG\masks\cju14hjh2ob2o0835ouz3r5aa.jpg,val/images/cju14hjh2ob2o0835ouz3r5aa.jpg,val/masks_original/cju14hjh2ob2o0835ouz3r5aa.jpg,val/masks_binary/cju14hjh2ob2o0835ouz3r5aa.png,c5a9dfb939473c901c144d49988a2fb1a72965da95f5376fd7aa5d1ebf8bd0a5,ae098de0812b8f483dec93ad680a94f266e0e0a751f272daef0164ca0adc3e4a
val,cju14pxbaoksp0835qzorx6g6,C:\LeDucLuong\HK VII\LuanCuNhan\DeepLearning\Test_Mau\archive\Kvasir-SEG\Kvasir-SEG\images\cju14pxbaoksp0835qzorx6g6.jpg,C:\LeDucLuong\HK VII\LuanCuNhan\DeepLearning\Test_Mau\archive\Kvasir-SEG\Kvasir-SEG\masks\cju14pxbaoksp0835qzorx6g6.jpg,val/images/cju14pxbaoksp0835qzorx6g6.jpg,val/masks_original/cju14pxbaoksp0835qzorx6g6.jpg,val/masks_binary/cju14pxbaoksp0835qzorx6g6.png,6afea50b10785ede96ff6b4d01e0913d4ad8776ee87d8ddb82881a0a9d8144b2,113c5bb57850b7bdc51267ab149e2ab60e30e1c43a4ef52048b9635a31cd9616
val,cju15czxqp3lv0835jvhgzurz,C:\LeDucLuong\HK VII\LuanCuNhan\DeepLearning\Test_Mau\archive\Kvasir-SEG\Kvasir-SEG\images\cju15czxqp3lv0835jvhgzurz.jpg,C:\LeDucLuong\HK VII\LuanCuNhan\DeepLearning\Test_Mau\archive\Kvasir-SEG\Kvasir-SEG\masks\cju15czxqp3lv0835jvhgzurz.jpg,val/images/cju15czxqp3lv0835jvhgzurz.jpg,val/masks_original/cju15czxqp3lv0835jvhgzurz.jpg,val/masks_binary/cju15czxqp3lv0835jvhgzurz.png,695d90f48311160b6dcf2a73f4bb67dc304d5ccde3f6c2dfe0843c5108d24e06,6a8d4969edf1eff3d268183b6457681dc8e26059bbc2fc78604effa9981ec25c
val,cju15jr8jz8sb0855ukmkswkz,C:\LeDucLuong\HK VII\LuanCuNhan\DeepLearning\Test_Mau\archive\Kvasir-SEG\Kvasir-SEG\images\cju15jr8jz8sb0855ukmkswkz.jpg,C:\LeDucLuong\HK VII\LuanCuNhan\DeepLearning\Test_Mau\archive\Kvasir-SEG\Kvasir-SEG\masks\cju15jr8jz8sb0855ukmkswkz.jpg,val/images/cju15jr8jz8sb0855ukmkswkz.jpg,val/masks_original/cju15jr8jz8sb0855ukmkswkz.jpg,val/masks_binary/cju15jr8jz8sb0855ukmkswkz.png,02768e72c39e18e87187cf305466bb1a086b235b8c974aa88bbbd552d07072a2,73d23b03f86d5b80bd8f4c4901cbe455e7e49d1992215e2f26ec8c01b074a2ac
val,cju15l5ubz9yh0855b3ivdpse,C:\LeDucLuong\HK VII\LuanCuNhan\DeepLearning\Test_Mau\archive\Kvasir-SEG\Kvasir-SEG\images\cju15l5ubz9yh0855b3ivdpse.jpg,C:\LeDucLuong\HK VII\LuanCuNhan\DeepLearning\Test_Mau\archive\Kvasir-SEG\Kvasir-SEG\masks\cju15l5ubz9yh0855b3ivdpse.jpg,val/images/cju15l5ubz9yh0855b3ivdpse.jpg,val/masks_original/cju15l5ubz9yh0855b3ivdpse.jpg,val/masks_binary/cju15l5ubz9yh0855b3ivdpse.png,2f693806e6b0851c0ced09d26e17ee8e39e78a9139d4e3a1a8f049cc63bf5816,657692af7fb7be85e26a71255c6025dda90ce0d3f80246c5ddb7922e328b0cd0
val,cju15mhjczc8z0801kit5c6di,C:\LeDucLuong\HK VII\LuanCuNhan\DeepLearning\Test_Mau\archive\Kvasir-SEG\Kvasir-SEG\images\cju15mhjczc8z0801kit5c6di.jpg,C:\LeDucLuong\HK VII\LuanCuNhan\DeepLearning\Test_Mau\archive\Kvasir-SEG\Kvasir-SEG\masks\cju15mhjczc8z0801kit5c6di.jpg,val/images/cju15mhjczc8z0801kit5c6di.jpg,val/masks_original/cju15mhjczc8z0801kit5c6di.jpg,val/masks_binary/cju15mhjczc8z0801kit5c6di.png,1ccae0e276defcd61ea4e7ef0e03c3bed609627ba403ba6b428271c99ccb321b,5c6cf2fd267b0af47ce5618cbae0a341d21b5276539f9700023a2a65a024e58d
val,cju15ptjtppz40988odsm9azx,C:\LeDucLuong\HK VII\LuanCuNhan\DeepLearning\Test_Mau\archive\Kvasir-SEG\Kvasir-SEG\images\cju15ptjtppz40988odsm9azx.jpg,C:\LeDucLuong\HK VII\LuanCuNhan\DeepLearning\Test_Mau\archive\Kvasir-SEG\Kvasir-SEG\masks\cju15ptjtppz40988odsm9azx.jpg,val/images/cju15ptjtppz40988odsm9azx.jpg,val/masks_original/cju15ptjtppz40988odsm9azx.jpg,val/masks_binary/cju15ptjtppz40988odsm9azx.png,22171872044d1a520388be2fd1c8100c77e3692fc316ededcbe452e4954d0afb,5e1437897c96da5cce241e060ae4965abef2cc3244444af136dc72a7ca788c98
val,cju15wdt3zla10801odjiw7sy,C:\LeDucLuong\HK VII\LuanCuNhan\DeepLearning\Test_Mau\archive\Kvasir-SEG\Kvasir-SEG\images\cju15wdt3zla10801odjiw7sy.jpg,C:\LeDucLuong\HK VII\LuanCuNhan\DeepLearning\Test_Mau\archive\Kvasir-SEG\Kvasir-SEG\masks\cju15wdt3zla10801odjiw7sy.jpg,val/images/cju15wdt3zla10801odjiw7sy.jpg,val/masks_original/cju15wdt3zla10801odjiw7sy.jpg,val/masks_binary/cju15wdt3zla10801odjiw7sy.png,5217064fff9e6cdf7034d6b167ad87ea3c8ada4423135bb905777fa2f9903dd5,6de0c4c240f5fd2a03bbb224c4aa792cbb85e33747b76c76a921d71706aee99d
val,cju160wshltz10993i1gmqxbe,C:\LeDucLuong\HK VII\LuanCuNhan\DeepLearning\Test_Mau\archive\Kvasir-SEG\Kvasir-SEG\images\cju160wshltz10993i1gmqxbe.jpg,C:\LeDucLuong\HK VII\LuanCuNhan\DeepLearning\Test_Mau\archive\Kvasir-SEG\Kvasir-SEG\masks\cju160wshltz10993i1gmqxbe.jpg,val/images/cju160wshltz10993i1gmqxbe.jpg,val/masks_original/cju160wshltz10993i1gmqxbe.jpg,val/masks_binary/cju160wshltz10993i1gmqxbe.png,f466929ecf712e1dceed4dc5870372783cab31474f58e8415d52d8ea61486a5a,391776394ba5d7937b90b115b1b1e5bd0910693db25060f8c18b5c11e5123eb1
val,cju16ach3m1da0993r1dq3sn2,C:\LeDucLuong\HK VII\LuanCuNhan\DeepLearning\Test_Mau\archive\Kvasir-SEG\Kvasir-SEG\images\cju16ach3m1da0993r1dq3sn2.jpg,C:\LeDucLuong\HK VII\LuanCuNhan\DeepLearning\Test_Mau\archive\Kvasir-SEG\Kvasir-SEG\masks\cju16ach3m1da0993r1dq3sn2.jpg,val/images/cju16ach3m1da0993r1dq3sn2.jpg,val/masks_original/cju16ach3m1da0993r1dq3sn2.jpg,val/masks_binary/cju16ach3m1da0993r1dq3sn2.png,1b329262320a05e591332f10c6d97fdfd116d67ec5089c8f7a8564d00be26df2,0538c6f5e0463335305a3bcccb2f8ade284d3ededb3dace8cd533815164ebfa8
val,cju16b6ynq8e40988m8vx0xnj,C:\LeDucLuong\HK VII\LuanCuNhan\DeepLearning\Test_Mau\archive\Kvasir-SEG\Kvasir-SEG\images\cju16b6ynq8e40988m8vx0xnj.jpg,C:\LeDucLuong\HK VII\LuanCuNhan\DeepLearning\Test_Mau\archive\Kvasir-SEG\Kvasir-SEG\masks\cju16b6ynq8e40988m8vx0xnj.jpg,val/images/cju16b6ynq8e40988m8vx0xnj.jpg,val/masks_original/cju16b6ynq8e40988m8vx0xnj.jpg,val/masks_binary/cju16b6ynq8e40988m8vx0xnj.png,c5366c5b2c6298b48e893f5b5f46a989315de94f68f001a0efef550bd84aec1b,47ee2c8b44503d2bc009a68a01a33bcfe7e77c4d5c74e4a09dccd3c618e00f1f
val,cju16d65tzw9d0799ouslsw25,C:\LeDucLuong\HK VII\LuanCuNhan\DeepLearning\Test_Mau\archive\Kvasir-SEG\Kvasir-SEG\images\cju16d65tzw9d0799ouslsw25.jpg,C:\LeDucLuong\HK VII\LuanCuNhan\DeepLearning\Test_Mau\archive\Kvasir-SEG\Kvasir-SEG\masks\cju16d65tzw9d0799ouslsw25.jpg,val/images/cju16d65tzw9d0799ouslsw25.jpg,val/masks_original/cju16d65tzw9d0799ouslsw25.jpg,val/masks_binary/cju16d65tzw9d0799ouslsw25.png,91360bfbd3ca8ca5ae45583e280b5b8c8b4bbce5e6fad55e9ba4d0cf5330093e,145a669f56989564875a99f87bc5d474e30664119ede29da6bacb825bfe39278
val,cju16fpvhzypl0799p9phnlx6,C:\LeDucLuong\HK VII\LuanCuNhan\DeepLearning\Test_Mau\archive\Kvasir-SEG\Kvasir-SEG\images\cju16fpvhzypl0799p9phnlx6.jpg,C:\LeDucLuong\HK VII\LuanCuNhan\DeepLearning\Test_Mau\archive\Kvasir-SEG\Kvasir-SEG\masks\cju16fpvhzypl0799p9phnlx6.jpg,val/images/cju16fpvhzypl0799p9phnlx6.jpg,val/masks_original/cju16fpvhzypl0799p9phnlx6.jpg,val/masks_binary/cju16fpvhzypl0799p9phnlx6.png,bde2c2bb9dfb86ae2b78a9e0f704520fd8f65713433492b10635d1434ff02b13,8f0371c61715d73ac876a6a04c5f84dce762207a4782afdaac8f30d0af2b4d40
val,cju16jgnyzp970878melv7r25,C:\LeDucLuong\HK VII\LuanCuNhan\DeepLearning\Test_Mau\archive\Kvasir-SEG\Kvasir-SEG\images\cju16jgnyzp970878melv7r25.jpg,C:\LeDucLuong\HK VII\LuanCuNhan\DeepLearning\Test_Mau\archive\Kvasir-SEG\Kvasir-SEG\masks\cju16jgnyzp970878melv7r25.jpg,val/images/cju16jgnyzp970878melv7r25.jpg,val/masks_original/cju16jgnyzp970878melv7r25.jpg,val/masks_binary/cju16jgnyzp970878melv7r25.png,e43c23a0acd412701c5a3e043e78d70f1e67c87713c8834d81bcb3cd8d5244d8,b4deb1a37932e57b2ebc663534023726c114387a6bfb3855546bf9bc35fa5eac
val,cju16whaj0e7n0855q7b6cjkm,C:\LeDucLuong\HK VII\LuanCuNhan\DeepLearning\Test_Mau\archive\Kvasir-SEG\Kvasir-SEG\images\cju16whaj0e7n0855q7b6cjkm.jpg,C:\LeDucLuong\HK VII\LuanCuNhan\DeepLearning\Test_Mau\archive\Kvasir-SEG\Kvasir-SEG\masks\cju16whaj0e7n0855q7b6cjkm.jpg,val/images/cju16whaj0e7n0855q7b6cjkm.jpg,val/masks_original/cju16whaj0e7n0855q7b6cjkm.jpg,val/masks_binary/cju16whaj0e7n0855q7b6cjkm.png,250fe19227385d4c9dca11fd1b14bd6e8d2df29bd5da70b869a1c540b88017d1,e276e877a5ba6b51276a3d723b86ad59aee3b19064c568ad7e930ae627180302
val,cju32qr9tbvsj08013pkpjenq,C:\LeDucLuong\HK VII\LuanCuNhan\DeepLearning\Test_Mau\archive\Kvasir-SEG\Kvasir-SEG\images\cju32qr9tbvsj08013pkpjenq.jpg,C:\LeDucLuong\HK VII\LuanCuNhan\DeepLearning\Test_Mau\archive\Kvasir-SEG\Kvasir-SEG\masks\cju32qr9tbvsj08013pkpjenq.jpg,val/images/cju32qr9tbvsj08013pkpjenq.jpg,val/masks_original/cju32qr9tbvsj08013pkpjenq.jpg,val/masks_binary/cju32qr9tbvsj08013pkpjenq.png,8d7cd472d9bd6df635f8056d52b5dd46f5064598590d8c0495438ea43783108d,50e18b1ac2ac9e270b806e7408cfc672e045d96d1dd3f8a48f203f229a41959c
val,cju32srle1xfq083575i3fl75,C:\LeDucLuong\HK VII\LuanCuNhan\DeepLearning\Test_Mau\archive\Kvasir-SEG\Kvasir-SEG\images\cju32srle1xfq083575i3fl75.jpg,C:\LeDucLuong\HK VII\LuanCuNhan\DeepLearning\Test_Mau\archive\Kvasir-SEG\Kvasir-SEG\masks\cju32srle1xfq083575i3fl75.jpg,val/images/cju32srle1xfq083575i3fl75.jpg,val/masks_original/cju32srle1xfq083575i3fl75.jpg,val/masks_binary/cju32srle1xfq083575i3fl75.png,5174e1e3d37d4a03eefd14a362c670f28d9666ef324857dd42ab1df9bd27308a,81abd5e46d2c8928e2bcfff51ab9287049cad448aadf483472ca65a1d2b1088b
val,cju32upim1z7u0988l883nqp6,C:\LeDucLuong\HK VII\LuanCuNhan\DeepLearning\Test_Mau\archive\Kvasir-SEG\Kvasir-SEG\images\cju32upim1z7u0988l883nqp6.jpg,C:\LeDucLuong\HK VII\LuanCuNhan\DeepLearning\Test_Mau\archive\Kvasir-SEG\Kvasir-SEG\masks\cju32upim1z7u0988l883nqp6.jpg,val/images/cju32upim1z7u0988l883nqp6.jpg,val/masks_original/cju32upim1z7u0988l883nqp6.jpg,val/masks_binary/cju32upim1z7u0988l883nqp6.png,164f65c822f50151632fde15fb0602c4c34e9949834485aad6350731bdd40961,4f74c2e22c0bbedb32bb297db1b5799fb1bc3b9001988db6a18f87ed4399e08d
val,cju32zhbnc1oy0801iyv1ix6p,C:\LeDucLuong\HK VII\LuanCuNhan\DeepLearning\Test_Mau\archive\Kvasir-SEG\Kvasir-SEG\images\cju32zhbnc1oy0801iyv1ix6p.jpg,C:\LeDucLuong\HK VII\LuanCuNhan\DeepLearning\Test_Mau\archive\Kvasir-SEG\Kvasir-SEG\masks\cju32zhbnc1oy0801iyv1ix6p.jpg,val/images/cju32zhbnc1oy0801iyv1ix6p.jpg,val/masks_original/cju32zhbnc1oy0801iyv1ix6p.jpg,val/masks_binary/cju32zhbnc1oy0801iyv1ix6p.png,c1d6ede868a0a7bbd7e6cff82a6c534e29b028f8546c0eacbc15dc7598119ddb,26c35ee7140c4b506b9449752ccd93045bc7cf27921e03aeaf57583a42ef673c
val,cju330ofbc2l30801th5g3hw6,C:\LeDucLuong\HK VII\LuanCuNhan\DeepLearning\Test_Mau\archive\Kvasir-SEG\Kvasir-SEG\images\cju330ofbc2l30801th5g3hw6.jpg,C:\LeDucLuong\HK VII\LuanCuNhan\DeepLearning\Test_Mau\archive\Kvasir-SEG\Kvasir-SEG\masks\cju330ofbc2l30801th5g3hw6.jpg,val/images/cju330ofbc2l30801th5g3hw6.jpg,val/masks_original/cju330ofbc2l30801th5g3hw6.jpg,val/masks_binary/cju330ofbc2l30801th5g3hw6.png,87ef618cf6ddb9135ecfece222ea70383d7abdc2579c84f659a3a4b6d25e25dc,990b1a84b85a2f4881b60c607d048848773d396c0ba3c95c5ac8b7e56fb80ab9
val,cju33231uy4gi0993qc7b1jch,C:\LeDucLuong\HK VII\LuanCuNhan\DeepLearning\Test_Mau\archive\Kvasir-SEG\Kvasir-SEG\images\cju33231uy4gi0993qc7b1jch.jpg,C:\LeDucLuong\HK VII\LuanCuNhan\DeepLearning\Test_Mau\archive\Kvasir-SEG\Kvasir-SEG\masks\cju33231uy4gi0993qc7b1jch.jpg,val/images/cju33231uy4gi0993qc7b1jch.jpg,val/masks_original/cju33231uy4gi0993qc7b1jch.jpg,val/masks_binary/cju33231uy4gi0993qc7b1jch.png,ab8de2279eb02772b9241ce422f08325bf60be2d655cf59c877f63d625fc9999,fab6c624a6be667f605afa779c6d2cc077d4853a57a385f013bb72894a8d0475
val,cju334jzo261t0835yqudnfs1,C:\LeDucLuong\HK VII\LuanCuNhan\DeepLearning\Test_Mau\archive\Kvasir-SEG\Kvasir-SEG\images\cju334jzo261t0835yqudnfs1.jpg,C:\LeDucLuong\HK VII\LuanCuNhan\DeepLearning\Test_Mau\archive\Kvasir-SEG\Kvasir-SEG\masks\cju334jzo261t0835yqudnfs1.jpg,val/images/cju334jzo261t0835yqudnfs1.jpg,val/masks_original/cju334jzo261t0835yqudnfs1.jpg,val/masks_binary/cju334jzo261t0835yqudnfs1.png,487ce8a83ab419f7b2e9d094e59dc04e6f34db1cf3756e12a6963468b190a661,6995dfec6c6a726d280c4d5507e958240f6961222d4e4ce7fb6297f49f4ace8b
val,cju336l68y7if0993wf092166,C:\LeDucLuong\HK VII\LuanCuNhan\DeepLearning\Test_Mau\archive\Kvasir-SEG\Kvasir-SEG\images\cju336l68y7if0993wf092166.jpg,C:\LeDucLuong\HK VII\LuanCuNhan\DeepLearning\Test_Mau\archive\Kvasir-SEG\Kvasir-SEG\masks\cju336l68y7if0993wf092166.jpg,val/images/cju336l68y7if0993wf092166.jpg,val/masks_original/cju336l68y7if0993wf092166.jpg,val/masks_binary/cju336l68y7if0993wf092166.png,670ccae94646c9f1599338caaed8927f6a959ac192ba85c07eb5f80aa0f6e8b2,53f6781e6de4aa8f1f243a6d5483d7e4c23d07b19137577ac6cb4438d82a8036
val,cju3381d8bz3h07991xtl7ra0,C:\LeDucLuong\HK VII\LuanCuNhan\DeepLearning\Test_Mau\archive\Kvasir-SEG\Kvasir-SEG\images\cju3381d8bz3h07991xtl7ra0.jpg,C:\LeDucLuong\HK VII\LuanCuNhan\DeepLearning\Test_Mau\archive\Kvasir-SEG\Kvasir-SEG\masks\cju3381d8bz3h07991xtl7ra0.jpg,val/images/cju3381d8bz3h07991xtl7ra0.jpg,val/masks_original/cju3381d8bz3h07991xtl7ra0.jpg,val/masks_binary/cju3381d8bz3h07991xtl7ra0.png,14fa3db0c868e612bebbd3c8d66db6c534f967d4b41567772e3fd6605f502187,5a042f5a7561ca2e6dac3f3cb44fadf79060b898cd773e2d541df5559bb22a9f
val,cju33belnbyhm0878yxl42233,C:\LeDucLuong\HK VII\LuanCuNhan\DeepLearning\Test_Mau\archive\Kvasir-SEG\Kvasir-SEG\images\cju33belnbyhm0878yxl42233.jpg,C:\LeDucLuong\HK VII\LuanCuNhan\DeepLearning\Test_Mau\archive\Kvasir-SEG\Kvasir-SEG\masks\cju33belnbyhm0878yxl42233.jpg,val/images/cju33belnbyhm0878yxl42233.jpg,val/masks_original/cju33belnbyhm0878yxl42233.jpg,val/masks_binary/cju33belnbyhm0878yxl42233.png,0470117affd10b1eb909ae5ff7111b6db69aebd68afaa397d321a7c2736380ff,38171517b0e9e15732b72c3cedb4b2d29571d27d1d9fbcea2c61a7eb0fdd70d1
val,cju33eqwbcch208012jikwdky,C:\LeDucLuong\HK VII\LuanCuNhan\DeepLearning\Test_Mau\archive\Kvasir-SEG\Kvasir-SEG\images\cju33eqwbcch208012jikwdky.jpg,C:\LeDucLuong\HK VII\LuanCuNhan\DeepLearning\Test_Mau\archive\Kvasir-SEG\Kvasir-SEG\masks\cju33eqwbcch208012jikwdky.jpg,val/images/cju33eqwbcch208012jikwdky.jpg,val/masks_original/cju33eqwbcch208012jikwdky.jpg,val/masks_binary/cju33eqwbcch208012jikwdky.png,454473dc194f2316df80c0f304163cc0c88f962b0642c2504ef73612e53b258d,c65e49481d213e3e3ce451d6824f4c8e9d8dfce136ad4194a5cba892472de8ea
val,cju33jon3ygbj0993pu22a4k6,C:\LeDucLuong\HK VII\LuanCuNhan\DeepLearning\Test_Mau\archive\Kvasir-SEG\Kvasir-SEG\images\cju33jon3ygbj0993pu22a4k6.jpg,C:\LeDucLuong\HK VII\LuanCuNhan\DeepLearning\Test_Mau\archive\Kvasir-SEG\Kvasir-SEG\masks\cju33jon3ygbj0993pu22a4k6.jpg,val/images/cju33jon3ygbj0993pu22a4k6.jpg,val/masks_original/cju33jon3ygbj0993pu22a4k6.jpg,val/masks_binary/cju33jon3ygbj0993pu22a4k6.png,dbb236961874c6c90465407eededbed66538761db7fa75bb5c65f4224c659050,89ed8465f72c277dedb2fece196e62e6a89cd9a88e142d8c8b695fbb0d676ded
val,cju33mirdc8mj0799k33wzoes,C:\LeDucLuong\HK VII\LuanCuNhan\DeepLearning\Test_Mau\archive\Kvasir-SEG\Kvasir-SEG\images\cju33mirdc8mj0799k33wzoes.jpg,C:\LeDucLuong\HK VII\LuanCuNhan\DeepLearning\Test_Mau\archive\Kvasir-SEG\Kvasir-SEG\masks\cju33mirdc8mj0799k33wzoes.jpg,val/images/cju33mirdc8mj0799k33wzoes.jpg,val/masks_original/cju33mirdc8mj0799k33wzoes.jpg,val/masks_binary/cju33mirdc8mj0799k33wzoes.png,189bc379c54bfa7edbe31d7835e9fbf255d1e7c5b04e7fca487350582af908d4,8d267caaf2120d79a829dd5779bb6fe66e7113c5197ec8f2b7e19bd4ef16d999
val,cju33o12x2jm50988944mxq0v,C:\LeDucLuong\HK VII\LuanCuNhan\DeepLearning\Test_Mau\archive\Kvasir-SEG\Kvasir-SEG\images\cju33o12x2jm50988944mxq0v.jpg,C:\LeDucLuong\HK VII\LuanCuNhan\DeepLearning\Test_Mau\archive\Kvasir-SEG\Kvasir-SEG\masks\cju33o12x2jm50988944mxq0v.jpg,val/images/cju33o12x2jm50988944mxq0v.jpg,val/masks_original/cju33o12x2jm50988944mxq0v.jpg,val/masks_binary/cju33o12x2jm50988944mxq0v.png,5502e13bef6c9c67b03fca0e3d8bc2b4dfe71487a3040889c65243c2638292fc,1f225103b7bc2e51b066f89d111876c5d9d04439488f7a94be51b745203ebd71
val,cju33qpdvc9g0087825jhf3s9,C:\LeDucLuong\HK VII\LuanCuNhan\DeepLearning\Test_Mau\archive\Kvasir-SEG\Kvasir-SEG\images\cju33qpdvc9g0087825jhf3s9.jpg,C:\LeDucLuong\HK VII\LuanCuNhan\DeepLearning\Test_Mau\archive\Kvasir-SEG\Kvasir-SEG\masks\cju33qpdvc9g0087825jhf3s9.jpg,val/images/cju33qpdvc9g0087825jhf3s9.jpg,val/masks_original/cju33qpdvc9g0087825jhf3s9.jpg,val/masks_binary/cju33qpdvc9g0087825jhf3s9.png,fe23a3682d163a6815e89a1794c5554849f2f954349437342a0d83481bf9b24a,1a8907cebef0ad6e4fc81ed31ad98694933605db275c0c3645f8f58868e2f74f
val,cju33w4sdcivk0855x879zht7,C:\LeDucLuong\HK VII\LuanCuNhan\DeepLearning\Test_Mau\archive\Kvasir-SEG\Kvasir-SEG\images\cju33w4sdcivk0855x879zht7.jpg,C:\LeDucLuong\HK VII\LuanCuNhan\DeepLearning\Test_Mau\archive\Kvasir-SEG\Kvasir-SEG\masks\cju33w4sdcivk0855x879zht7.jpg,val/images/cju33w4sdcivk0855x879zht7.jpg,val/masks_original/cju33w4sdcivk0855x879zht7.jpg,val/masks_binary/cju33w4sdcivk0855x879zht7.png,53e3ff64e6a68e330612c52b5fec7c688d7548f5085dfbe2dc5be6bed34b05ee,4ab0b8ce1482f25a2579ce5446f751c7607fb694578e4f6d5a6f582aaf204921
val,cju33x0f22peh0988g0ln7w5v,C:\LeDucLuong\HK VII\LuanCuNhan\DeepLearning\Test_Mau\archive\Kvasir-SEG\Kvasir-SEG\images\cju33x0f22peh0988g0ln7w5v.jpg,C:\LeDucLuong\HK VII\LuanCuNhan\DeepLearning\Test_Mau\archive\Kvasir-SEG\Kvasir-SEG\masks\cju33x0f22peh0988g0ln7w5v.jpg,val/images/cju33x0f22peh0988g0ln7w5v.jpg,val/masks_original/cju33x0f22peh0988g0ln7w5v.jpg,val/masks_binary/cju33x0f22peh0988g0ln7w5v.png,cb7bbb63723d23a23854fd53c27fd5cf1de57b5627da6fbfc1381d9ebc9700be,2b6bc2e53ba0c5bdebd8970cc3b515b0ac405ec18cd9c4e592ac680d3d3e2b14
val,cju8ceacrsqkr0755hdz145es,C:\LeDucLuong\HK VII\LuanCuNhan\DeepLearning\Test_Mau\archive\Kvasir-SEG\Kvasir-SEG\images\cju8ceacrsqkr0755hdz145es.jpg,C:\LeDucLuong\HK VII\LuanCuNhan\DeepLearning\Test_Mau\archive\Kvasir-SEG\Kvasir-SEG\masks\cju8ceacrsqkr0755hdz145es.jpg,val/images/cju8ceacrsqkr0755hdz145es.jpg,val/masks_original/cju8ceacrsqkr0755hdz145es.jpg,val/masks_binary/cju8ceacrsqkr0755hdz145es.png,e44850425eb3645f6b4b432d5f6bafd38a2456ce324710fad9808e378e263620,9ff68c6d27d817017491d44495121f0b8bfc87e3ce5ee89c16ce2a1cd8d9ef92
val,cju8cgi2kspp308011nxdtjp6,C:\LeDucLuong\HK VII\LuanCuNhan\DeepLearning\Test_Mau\archive\Kvasir-SEG\Kvasir-SEG\images\cju8cgi2kspp308011nxdtjp6.jpg,C:\LeDucLuong\HK VII\LuanCuNhan\DeepLearning\Test_Mau\archive\Kvasir-SEG\Kvasir-SEG\masks\cju8cgi2kspp308011nxdtjp6.jpg,val/images/cju8cgi2kspp308011nxdtjp6.jpg,val/masks_original/cju8cgi2kspp308011nxdtjp6.jpg,val/masks_binary/cju8cgi2kspp308011nxdtjp6.png,31ba73df1f29bb9af059df58324ce00f96f95ab7f7bae8a1c6c79d591dfe60e3,d354998e5561bef5a111000501f11e2142de0110f70a900a8538bb201a7d41b2
val,cju8chdlqsu620755azjty1tj,C:\LeDucLuong\HK VII\LuanCuNhan\DeepLearning\Test_Mau\archive\Kvasir-SEG\Kvasir-SEG\images\cju8chdlqsu620755azjty1tj.jpg,C:\LeDucLuong\HK VII\LuanCuNhan\DeepLearning\Test_Mau\archive\Kvasir-SEG\Kvasir-SEG\masks\cju8chdlqsu620755azjty1tj.jpg,val/images/cju8chdlqsu620755azjty1tj.jpg,val/masks_original/cju8chdlqsu620755azjty1tj.jpg,val/masks_binary/cju8chdlqsu620755azjty1tj.png,01cb9c718e8408ee3346915339e95a49353db1995f9a716d5b4b6a5993442496,e4047be226f9708d4e3349c0fe929aaf3a4532789827f252ebcbd251193c40fb
val,cju8chxndsre008015uisl4si,C:\LeDucLuong\HK VII\LuanCuNhan\DeepLearning\Test_Mau\archive\Kvasir-SEG\Kvasir-SEG\images\cju8chxndsre008015uisl4si.jpg,C:\LeDucLuong\HK VII\LuanCuNhan\DeepLearning\Test_Mau\archive\Kvasir-SEG\Kvasir-SEG\masks\cju8chxndsre008015uisl4si.jpg,val/images/cju8chxndsre008015uisl4si.jpg,val/masks_original/cju8chxndsre008015uisl4si.jpg,val/masks_binary/cju8chxndsre008015uisl4si.png,d4e6072d5e6a6592bbe9dfcc728d6651133cb01c22a84bd9baab5d54fa21f1a1,9901ed700e85ed866b761983b9d56d342c1c708a92ef8f0aac85190151d9a865
val,cju8cj10qsrau0871o2dr6ai1,C:\LeDucLuong\HK VII\LuanCuNhan\DeepLearning\Test_Mau\archive\Kvasir-SEG\Kvasir-SEG\images\cju8cj10qsrau0871o2dr6ai1.jpg,C:\LeDucLuong\HK VII\LuanCuNhan\DeepLearning\Test_Mau\archive\Kvasir-SEG\Kvasir-SEG\masks\cju8cj10qsrau0871o2dr6ai1.jpg,val/images/cju8cj10qsrau0871o2dr6ai1.jpg,val/masks_original/cju8cj10qsrau0871o2dr6ai1.jpg,val/masks_binary/cju8cj10qsrau0871o2dr6ai1.png,adfaf37d2dcfede2822e9745bd7bdd047273d9ddae86cdff8b1edcbec0d70b5e,06d90c6fbb62b8075af72e18870ab43eee918c78a53001141d1c3d056f30c835
val,cju8clorgsuwn08714toqb7v6,C:\LeDucLuong\HK VII\LuanCuNhan\DeepLearning\Test_Mau\archive\Kvasir-SEG\Kvasir-SEG\images\cju8clorgsuwn08714toqb7v6.jpg,C:\LeDucLuong\HK VII\LuanCuNhan\DeepLearning\Test_Mau\archive\Kvasir-SEG\Kvasir-SEG\masks\cju8clorgsuwn08714toqb7v6.jpg,val/images/cju8clorgsuwn08714toqb7v6.jpg,val/masks_original/cju8clorgsuwn08714toqb7v6.jpg,val/masks_binary/cju8clorgsuwn08714toqb7v6.png,efc2b9dd8678587b4669d9abd673cac1784cfc920c8dbdde7b23bf4779a41d5c,567c763cbaace01ec1ef8f4699625b430b064a62938213e8b1e15e3137f12b44
val,cju8cwy02t9eq08185qn12c02,C:\LeDucLuong\HK VII\LuanCuNhan\DeepLearning\Test_Mau\archive\Kvasir-SEG\Kvasir-SEG\images\cju8cwy02t9eq08185qn12c02.jpg,C:\LeDucLuong\HK VII\LuanCuNhan\DeepLearning\Test_Mau\archive\Kvasir-SEG\Kvasir-SEG\masks\cju8cwy02t9eq08185qn12c02.jpg,val/images/cju8cwy02t9eq08185qn12c02.jpg,val/masks_original/cju8cwy02t9eq08185qn12c02.jpg,val/masks_binary/cju8cwy02t9eq08185qn12c02.png,be116ee983295351fcf3545dba6926aa98cfb42f9d7e3c70f27351f35c1d0692,8dc1b15d462157fc33bded01b8186549adf087761b1db4333d9378a8f28ff378
val,cju8czvnztbf40871b4m7t78w,C:\LeDucLuong\HK VII\LuanCuNhan\DeepLearning\Test_Mau\archive\Kvasir-SEG\Kvasir-SEG\images\cju8czvnztbf40871b4m7t78w.jpg,C:\LeDucLuong\HK VII\LuanCuNhan\DeepLearning\Test_Mau\archive\Kvasir-SEG\Kvasir-SEG\masks\cju8czvnztbf40871b4m7t78w.jpg,val/images/cju8czvnztbf40871b4m7t78w.jpg,val/masks_original/cju8czvnztbf40871b4m7t78w.jpg,val/masks_binary/cju8czvnztbf40871b4m7t78w.png,20f38111cd2a426885283540c6e40d497f39a03b25e5e9e82d607f9a582cc17b,a61188d333e1ca8411615b9809abfb13b582daa1587dfd34a251ab69e910629c
val,cju8d2q30tfhs0801n7lx77xl,C:\LeDucLuong\HK VII\LuanCuNhan\DeepLearning\Test_Mau\archive\Kvasir-SEG\Kvasir-SEG\images\cju8d2q30tfhs0801n7lx77xl.jpg,C:\LeDucLuong\HK VII\LuanCuNhan\DeepLearning\Test_Mau\archive\Kvasir-SEG\Kvasir-SEG\masks\cju8d2q30tfhs0801n7lx77xl.jpg,val/images/cju8d2q30tfhs0801n7lx77xl.jpg,val/masks_original/cju8d2q30tfhs0801n7lx77xl.jpg,val/masks_binary/cju8d2q30tfhs0801n7lx77xl.png,f76a06753b50e7249e3a949de088e320dd52ed627e14f5fcb33554bf65ecd116,35d314620e48934805ed7e54cbbacf5d482b4cea00f0b3094d398d40bc447ef4
val,cju8d4jgatgpj0871q2ophhkm,C:\LeDucLuong\HK VII\LuanCuNhan\DeepLearning\Test_Mau\archive\Kvasir-SEG\Kvasir-SEG\images\cju8d4jgatgpj0871q2ophhkm.jpg,C:\LeDucLuong\HK VII\LuanCuNhan\DeepLearning\Test_Mau\archive\Kvasir-SEG\Kvasir-SEG\masks\cju8d4jgatgpj0871q2ophhkm.jpg,val/images/cju8d4jgatgpj0871q2ophhkm.jpg,val/masks_original/cju8d4jgatgpj0871q2ophhkm.jpg,val/masks_binary/cju8d4jgatgpj0871q2ophhkm.png,0b159ea83d14a1c9993bacac8d9021f0375281276f9cf1a11d4155a4208f52db,ee1925f5d39e9756d422e2bc66907147c2548506a611cb9c9b509c9b41f07eb8
val,cju8dic9mtppa0987swn23wbc,C:\LeDucLuong\HK VII\LuanCuNhan\DeepLearning\Test_Mau\archive\Kvasir-SEG\Kvasir-SEG\images\cju8dic9mtppa0987swn23wbc.jpg,C:\LeDucLuong\HK VII\LuanCuNhan\DeepLearning\Test_Mau\archive\Kvasir-SEG\Kvasir-SEG\masks\cju8dic9mtppa0987swn23wbc.jpg,val/images/cju8dic9mtppa0987swn23wbc.jpg,val/masks_original/cju8dic9mtppa0987swn23wbc.jpg,val/masks_binary/cju8dic9mtppa0987swn23wbc.png,81219d28015167211812a5de39ba698bacd7125d93825d5de69a857c8a0c7064,5667c0646570ba9b675e641904e145c7b2eafca55529a5fc80771f0bd563e60a
val,cju8djdqztu6408506pzhlo18,C:\LeDucLuong\HK VII\LuanCuNhan\DeepLearning\Test_Mau\archive\Kvasir-SEG\Kvasir-SEG\images\cju8djdqztu6408506pzhlo18.jpg,C:\LeDucLuong\HK VII\LuanCuNhan\DeepLearning\Test_Mau\archive\Kvasir-SEG\Kvasir-SEG\masks\cju8djdqztu6408506pzhlo18.jpg,val/images/cju8djdqztu6408506pzhlo18.jpg,val/masks_original/cju8djdqztu6408506pzhlo18.jpg,val/masks_binary/cju8djdqztu6408506pzhlo18.png,ce7117f76a1c6e75a043d198d8b6dd04ca16a9d92995f1962702579e3a1e2373,7dbde7ebd96a714491054ff646436fb1bfcecfdc4d9f3228ecd21934dd3fcec0
val,cju8dk7eztzup08182yxko5zh,C:\LeDucLuong\HK VII\LuanCuNhan\DeepLearning\Test_Mau\archive\Kvasir-SEG\Kvasir-SEG\images\cju8dk7eztzup08182yxko5zh.jpg,C:\LeDucLuong\HK VII\LuanCuNhan\DeepLearning\Test_Mau\archive\Kvasir-SEG\Kvasir-SEG\masks\cju8dk7eztzup08182yxko5zh.jpg,val/images/cju8dk7eztzup08182yxko5zh.jpg,val/masks_original/cju8dk7eztzup08182yxko5zh.jpg,val/masks_binary/cju8dk7eztzup08182yxko5zh.png,460a1d375464d1c005dac64e229fe4c1b3a8bd2eaca005d021e1daeb5ecf8761,81ecbc94d4c2def33d2f3169b1b2a915a6dc5ccb3399770e86a86e598ecf94b5
val,cju8dm2cau2km0818jsv9eeq2,C:\LeDucLuong\HK VII\LuanCuNhan\DeepLearning\Test_Mau\archive\Kvasir-SEG\Kvasir-SEG\images\cju8dm2cau2km0818jsv9eeq2.jpg,C:\LeDucLuong\HK VII\LuanCuNhan\DeepLearning\Test_Mau\archive\Kvasir-SEG\Kvasir-SEG\masks\cju8dm2cau2km0818jsv9eeq2.jpg,val/images/cju8dm2cau2km0818jsv9eeq2.jpg,val/masks_original/cju8dm2cau2km0818jsv9eeq2.jpg,val/masks_binary/cju8dm2cau2km0818jsv9eeq2.png,70a7f1ae60762e202c34f7f7405de11aef670c7ff4a10b9d81d4c41581698bd8,57f394552fb59ce6d1e7d2b33bd7902a7d294f57cda6fe74acfb5fd0390fd78a
val,cju8dn0c3u2v50801k8rvq02f,C:\LeDucLuong\HK VII\LuanCuNhan\DeepLearning\Test_Mau\archive\Kvasir-SEG\Kvasir-SEG\images\cju8dn0c3u2v50801k8rvq02f.jpg,C:\LeDucLuong\HK VII\LuanCuNhan\DeepLearning\Test_Mau\archive\Kvasir-SEG\Kvasir-SEG\masks\cju8dn0c3u2v50801k8rvq02f.jpg,val/images/cju8dn0c3u2v50801k8rvq02f.jpg,val/masks_original/cju8dn0c3u2v50801k8rvq02f.jpg,val/masks_binary/cju8dn0c3u2v50801k8rvq02f.png,a9048ac39fea6ad18ec14e4a1a176e3f18ac7e9afea8603c0005d72a734aea4a,aeedc1c84fd8d353b752c081ea7b9394f43600e1f1e49c4c11d6bdc6114b5407
val,cju8doa16u5gh0818w1ywda3q,C:\LeDucLuong\HK VII\LuanCuNhan\DeepLearning\Test_Mau\archive\Kvasir-SEG\Kvasir-SEG\images\cju8doa16u5gh0818w1ywda3q.jpg,C:\LeDucLuong\HK VII\LuanCuNhan\DeepLearning\Test_Mau\archive\Kvasir-SEG\Kvasir-SEG\masks\cju8doa16u5gh0818w1ywda3q.jpg,val/images/cju8doa16u5gh0818w1ywda3q.jpg,val/masks_original/cju8doa16u5gh0818w1ywda3q.jpg,val/masks_binary/cju8doa16u5gh0818w1ywda3q.png,904508be403f00881f157d022f27524e5a1364f35c3d6ae7d92b984a7f4c7173,4d1e5bd43441f572ecb5ad2767c7fc6367b175eb92348529e17d1338b82e1828
val,cju8dpa89u6l80818dj6lldh9,C:\LeDucLuong\HK VII\LuanCuNhan\DeepLearning\Test_Mau\archive\Kvasir-SEG\Kvasir-SEG\images\cju8dpa89u6l80818dj6lldh9.jpg,C:\LeDucLuong\HK VII\LuanCuNhan\DeepLearning\Test_Mau\archive\Kvasir-SEG\Kvasir-SEG\masks\cju8dpa89u6l80818dj6lldh9.jpg,val/images/cju8dpa89u6l80818dj6lldh9.jpg,val/masks_original/cju8dpa89u6l80818dj6lldh9.jpg,val/masks_binary/cju8dpa89u6l80818dj6lldh9.png,42f7590535888026a3e069b10038e4054df8ac9d5a664dc3a6ce489644ce3b03,521dfd96c69fe7cf7b3d1e851fdb8104ce90cf9d6cc9d3d22fd818a180ccc85d
val,cju8dqkrqu83i0818ev74qpxq,C:\LeDucLuong\HK VII\LuanCuNhan\DeepLearning\Test_Mau\archive\Kvasir-SEG\Kvasir-SEG\images\cju8dqkrqu83i0818ev74qpxq.jpg,C:\LeDucLuong\HK VII\LuanCuNhan\DeepLearning\Test_Mau\archive\Kvasir-SEG\Kvasir-SEG\masks\cju8dqkrqu83i0818ev74qpxq.jpg,val/images/cju8dqkrqu83i0818ev74qpxq.jpg,val/masks_original/cju8dqkrqu83i0818ev74qpxq.jpg,val/masks_binary/cju8dqkrqu83i0818ev74qpxq.png,bfa1ef7d321f86dd4bde1cce66c49245791001b73997b16a8f69679e095cd54c,747ee88b3b045d79be20652b6c72e2854bbb10127dbe66de5b3ad310a067019f
val,cjyzjzssvd8pq0838f4nolj5l,C:\LeDucLuong\HK VII\LuanCuNhan\DeepLearning\Test_Mau\archive\Kvasir-SEG\Kvasir-SEG\images\cjyzjzssvd8pq0838f4nolj5l.jpg,C:\LeDucLuong\HK VII\LuanCuNhan\DeepLearning\Test_Mau\archive\Kvasir-SEG\Kvasir-SEG\masks\cjyzjzssvd8pq0838f4nolj5l.jpg,val/images/cjyzjzssvd8pq0838f4nolj5l.jpg,val/masks_original/cjyzjzssvd8pq0838f4nolj5l.jpg,val/masks_binary/cjyzjzssvd8pq0838f4nolj5l.png,900a502d2cdf7b71b0dfdc8493aaa0bceb4de133c2832edf81052a12a35e7bde,1b6e23cd5240845cb4a78b52f4a2c6feaa32bbfcd4320baaa3fec36a198f76db
val,cjyzk8qieoboa0848ogj51wwm,C:\LeDucLuong\HK VII\LuanCuNhan\DeepLearning\Test_Mau\archive\Kvasir-SEG\Kvasir-SEG\images\cjyzk8qieoboa0848ogj51wwm.jpg,C:\LeDucLuong\HK VII\LuanCuNhan\DeepLearning\Test_Mau\archive\Kvasir-SEG\Kvasir-SEG\masks\cjyzk8qieoboa0848ogj51wwm.jpg,val/images/cjyzk8qieoboa0848ogj51wwm.jpg,val/masks_original/cjyzk8qieoboa0848ogj51wwm.jpg,val/masks_binary/cjyzk8qieoboa0848ogj51wwm.png,f0934ee02439d0b57f26a0a8512f8b1647f51a5bd939fe4b06d0f2e1c4e79a15,96a2d962b579f4a089fce08eab57cab427f5d16661fd2c14486711d4b512e441
val,cjyzkmjy8evns070165gf9dmq,C:\LeDucLuong\HK VII\LuanCuNhan\DeepLearning\Test_Mau\archive\Kvasir-SEG\Kvasir-SEG\images\cjyzkmjy8evns070165gf9dmq.jpg,C:\LeDucLuong\HK VII\LuanCuNhan\DeepLearning\Test_Mau\archive\Kvasir-SEG\Kvasir-SEG\masks\cjyzkmjy8evns070165gf9dmq.jpg,val/images/cjyzkmjy8evns070165gf9dmq.jpg,val/masks_original/cjyzkmjy8evns070165gf9dmq.jpg,val/masks_binary/cjyzkmjy8evns070165gf9dmq.png,040d8b21e9401d235670e946272d1f2662cf8615c5d80a0b20b1e9906959bc48,ae6fb87bdbd5944041083746c4f33601d0fe915ae882899099fe3687a9d43242
val,cjyzkpsbjdsjq07211dfi4sru,C:\LeDucLuong\HK VII\LuanCuNhan\DeepLearning\Test_Mau\archive\Kvasir-SEG\Kvasir-SEG\images\cjyzkpsbjdsjq07211dfi4sru.jpg,C:\LeDucLuong\HK VII\LuanCuNhan\DeepLearning\Test_Mau\archive\Kvasir-SEG\Kvasir-SEG\masks\cjyzkpsbjdsjq07211dfi4sru.jpg,val/images/cjyzkpsbjdsjq07211dfi4sru.jpg,val/masks_original/cjyzkpsbjdsjq07211dfi4sru.jpg,val/masks_binary/cjyzkpsbjdsjq07211dfi4sru.png,1cad798b7a69e8ac0d44b4f59a9784e3648d6f142f4fb932c7ea6a98e8ef655a,48662da263d990e9109532cd02eb69696ffc02befcb83d9ce7a4f5cf579708c2
val,cjyzl833ndne80838pzuq6ila,C:\LeDucLuong\HK VII\LuanCuNhan\DeepLearning\Test_Mau\archive\Kvasir-SEG\Kvasir-SEG\images\cjyzl833ndne80838pzuq6ila.jpg,C:\LeDucLuong\HK VII\LuanCuNhan\DeepLearning\Test_Mau\archive\Kvasir-SEG\Kvasir-SEG\masks\cjyzl833ndne80838pzuq6ila.jpg,val/images/cjyzl833ndne80838pzuq6ila.jpg,val/masks_original/cjyzl833ndne80838pzuq6ila.jpg,val/masks_binary/cjyzl833ndne80838pzuq6ila.png,5f81877d231b13759c266c9382e1e97d7443fcab198871aeff602d32d7be3379,cb35cb5ec9e65acb73e455c9ef6b8e3b9c0e6aebd267a7ebdd917db8187ccf7c
val,cjyzlw7f9faqr070129au64sq,C:\LeDucLuong\HK VII\LuanCuNhan\DeepLearning\Test_Mau\archive\Kvasir-SEG\Kvasir-SEG\images\cjyzlw7f9faqr070129au64sq.jpg,C:\LeDucLuong\HK VII\LuanCuNhan\DeepLearning\Test_Mau\archive\Kvasir-SEG\Kvasir-SEG\masks\cjyzlw7f9faqr070129au64sq.jpg,val/images/cjyzlw7f9faqr070129au64sq.jpg,val/masks_original/cjyzlw7f9faqr070129au64sq.jpg,val/masks_binary/cjyzlw7f9faqr070129au64sq.png,f70eedf6f40509e66220c84a1da5131d3db50b88ad06835b0d40a8dd315edf71,fee025e58114a0b15332e223d3598a6dc7ece2ec5902607bdfe54bfd82270109
val,cjyztzaqtrv430848l8xgcerw,C:\LeDucLuong\HK VII\LuanCuNhan\DeepLearning\Test_Mau\archive\Kvasir-SEG\Kvasir-SEG\images\cjyztzaqtrv430848l8xgcerw.jpg,C:\LeDucLuong\HK VII\LuanCuNhan\DeepLearning\Test_Mau\archive\Kvasir-SEG\Kvasir-SEG\masks\cjyztzaqtrv430848l8xgcerw.jpg,val/images/cjyztzaqtrv430848l8xgcerw.jpg,val/masks_original/cjyztzaqtrv430848l8xgcerw.jpg,val/masks_binary/cjyztzaqtrv430848l8xgcerw.png,e6893859252483a5d61e891c994bd302f7fbcbd08a7053a891e88da1e256c807,4fe6159de608724a324c8b252567f1fd23a2c7ea1d8a8ca1d05211da82bcd7be
val,cjyzu3reghjya0794w7pwoi50,C:\LeDucLuong\HK VII\LuanCuNhan\DeepLearning\Test_Mau\archive\Kvasir-SEG\Kvasir-SEG\images\cjyzu3reghjya0794w7pwoi50.jpg,C:\LeDucLuong\HK VII\LuanCuNhan\DeepLearning\Test_Mau\archive\Kvasir-SEG\Kvasir-SEG\masks\cjyzu3reghjya0794w7pwoi50.jpg,val/images/cjyzu3reghjya0794w7pwoi50.jpg,val/masks_original/cjyzu3reghjya0794w7pwoi50.jpg,val/masks_binary/cjyzu3reghjya0794w7pwoi50.png,549839e1018a1248d9af20bf9efb0d1e765936d13a412a9a36fc90dcdd015a8e,9ae8f6201f5504db62a0eaff18864d700a4b76a9fdc93d2a1a989bc3b2f8e238
val,cjyzu9th0qt4r0a46pyl4zik0,C:\LeDucLuong\HK VII\LuanCuNhan\DeepLearning\Test_Mau\archive\Kvasir-SEG\Kvasir-SEG\images\cjyzu9th0qt4r0a46pyl4zik0.jpg,C:\LeDucLuong\HK VII\LuanCuNhan\DeepLearning\Test_Mau\archive\Kvasir-SEG\Kvasir-SEG\masks\cjyzu9th0qt4r0a46pyl4zik0.jpg,val/images/cjyzu9th0qt4r0a46pyl4zik0.jpg,val/masks_original/cjyzu9th0qt4r0a46pyl4zik0.jpg,val/masks_binary/cjyzu9th0qt4r0a46pyl4zik0.png,3bd43eaf4f3df8d4fd032d9fb62424999b1bae3072a3644ff1b61e8f8449b44a,8c1f625af4d539dbac3fb6ea21ad0076df324aa4b0403211ced65c4e4bef6738
val,cjyzufihqquiw0a46jatrbwln,C:\LeDucLuong\HK VII\LuanCuNhan\DeepLearning\Test_Mau\archive\Kvasir-SEG\Kvasir-SEG\images\cjyzufihqquiw0a46jatrbwln.jpg,C:\LeDucLuong\HK VII\LuanCuNhan\DeepLearning\Test_Mau\archive\Kvasir-SEG\Kvasir-SEG\masks\cjyzufihqquiw0a46jatrbwln.jpg,val/images/cjyzufihqquiw0a46jatrbwln.jpg,val/masks_original/cjyzufihqquiw0a46jatrbwln.jpg,val/masks_binary/cjyzufihqquiw0a46jatrbwln.png,1b9155e874de1900aa3e3b05324b443cfd85d40b7308056bd4ffbe6ab7e4097e,36d5c89507e5889dea33ca814bc4023a67ed0714dfa18e4805f1acabf08c6e99
val,cjyzuio1qgh040763k56deohv,C:\LeDucLuong\HK VII\LuanCuNhan\DeepLearning\Test_Mau\archive\Kvasir-SEG\Kvasir-SEG\images\cjyzuio1qgh040763k56deohv.jpg,C:\LeDucLuong\HK VII\LuanCuNhan\DeepLearning\Test_Mau\archive\Kvasir-SEG\Kvasir-SEG\masks\cjyzuio1qgh040763k56deohv.jpg,val/images/cjyzuio1qgh040763k56deohv.jpg,val/masks_original/cjyzuio1qgh040763k56deohv.jpg,val/masks_binary/cjyzuio1qgh040763k56deohv.png,2a16a9d5b6f269e0a22495862a78174fa562c8526f4b5194e7339b265ed54a03,247a360bc36e516ed7fb7c9cb375d600477da73cbe97b78c6f36b5bbe9a5f7e4
val,cjyzul1qggwwj07216mhiv5sy,C:\LeDucLuong\HK VII\LuanCuNhan\DeepLearning\Test_Mau\archive\Kvasir-SEG\Kvasir-SEG\images\cjyzul1qggwwj07216mhiv5sy.jpg,C:\LeDucLuong\HK VII\LuanCuNhan\DeepLearning\Test_Mau\archive\Kvasir-SEG\Kvasir-SEG\masks\cjyzul1qggwwj07216mhiv5sy.jpg,val/images/cjyzul1qggwwj07216mhiv5sy.jpg,val/masks_original/cjyzul1qggwwj07216mhiv5sy.jpg,val/masks_binary/cjyzul1qggwwj07216mhiv5sy.png,44af3f7f28535796555528f21fc9804f04afb2d46478ca820285f5d271f586d8,254f51255c91e0a44da150ad5ca7b0860e03398e5c47fe076e3604783ef03839
val,cjyzurzvohqnr0794es1itzek,C:\LeDucLuong\HK VII\LuanCuNhan\DeepLearning\Test_Mau\archive\Kvasir-SEG\Kvasir-SEG\images\cjyzurzvohqnr0794es1itzek.jpg,C:\LeDucLuong\HK VII\LuanCuNhan\DeepLearning\Test_Mau\archive\Kvasir-SEG\Kvasir-SEG\masks\cjyzurzvohqnr0794es1itzek.jpg,val/images/cjyzurzvohqnr0794es1itzek.jpg,val/masks_original/cjyzurzvohqnr0794es1itzek.jpg,val/masks_binary/cjyzurzvohqnr0794es1itzek.png,d6fbb2e15ae41b8b31a0a69d293413c31f414fd8ef3b9795ff3375df24dc27fb,0675d0a5d0aeda0c2663380210e2bb3cb9fd6b306889e1af165b2dc1cb35638b
val,cjz14qsk2wci60794un9ozwmw,C:\LeDucLuong\HK VII\LuanCuNhan\DeepLearning\Test_Mau\archive\Kvasir-SEG\Kvasir-SEG\images\cjz14qsk2wci60794un9ozwmw.jpg,C:\LeDucLuong\HK VII\LuanCuNhan\DeepLearning\Test_Mau\archive\Kvasir-SEG\Kvasir-SEG\masks\cjz14qsk2wci60794un9ozwmw.jpg,val/images/cjz14qsk2wci60794un9ozwmw.jpg,val/masks_original/cjz14qsk2wci60794un9ozwmw.jpg,val/masks_binary/cjz14qsk2wci60794un9ozwmw.png,c68e7b4ff2107777dd5197e96b481522fb7511f0f21a9b51f80b2ef0f964f855,e944f55ab53ef8924f805d636e4aed90c48c0e2267270e11a90f3c3417d4715b
val,ck2395w2mb4vu07480otsu6tw,C:\LeDucLuong\HK VII\LuanCuNhan\DeepLearning\Test_Mau\archive\Kvasir-SEG\Kvasir-SEG\images\ck2395w2mb4vu07480otsu6tw.jpg,C:\LeDucLuong\HK VII\LuanCuNhan\DeepLearning\Test_Mau\archive\Kvasir-SEG\Kvasir-SEG\masks\ck2395w2mb4vu07480otsu6tw.jpg,val/images/ck2395w2mb4vu07480otsu6tw.jpg,val/masks_original/ck2395w2mb4vu07480otsu6tw.jpg,val/masks_binary/ck2395w2mb4vu07480otsu6tw.png,4f977b958360fff168214d351fbf7253aee5bf57504a845245d71d39038925e2,a3e717a1eb96e284840795d67cb58c0bb1ac388a6270b2de6d9db58582b82148
val,ck2bxiswtxuw80838qkisqjwz,C:\LeDucLuong\HK VII\LuanCuNhan\DeepLearning\Test_Mau\archive\Kvasir-SEG\Kvasir-SEG\images\ck2bxiswtxuw80838qkisqjwz.jpg,C:\LeDucLuong\HK VII\LuanCuNhan\DeepLearning\Test_Mau\archive\Kvasir-SEG\Kvasir-SEG\masks\ck2bxiswtxuw80838qkisqjwz.jpg,val/images/ck2bxiswtxuw80838qkisqjwz.jpg,val/masks_original/ck2bxiswtxuw80838qkisqjwz.jpg,val/masks_binary/ck2bxiswtxuw80838qkisqjwz.png,4d155a591d15ec29ec4757bfd7b3f1a21dc8bc70735eeacaa271590088d23609,47138f1576de72885913fd9516597fe5f3c138348bc7cb5eacb7c8d1c5aa0765
val,ck2bxknhjvs1x0794iogrq49k,C:\LeDucLuong\HK VII\LuanCuNhan\DeepLearning\Test_Mau\archive\Kvasir-SEG\Kvasir-SEG\images\ck2bxknhjvs1x0794iogrq49k.jpg,C:\LeDucLuong\HK VII\LuanCuNhan\DeepLearning\Test_Mau\archive\Kvasir-SEG\Kvasir-SEG\masks\ck2bxknhjvs1x0794iogrq49k.jpg,val/images/ck2bxknhjvs1x0794iogrq49k.jpg,val/masks_original/ck2bxknhjvs1x0794iogrq49k.jpg,val/masks_binary/ck2bxknhjvs1x0794iogrq49k.png,165545b1ffd71e1ae55ba3e70ac9324b5d94cfa682589d0e39f81ef98869e8b1,c2f7930765ba2dc4cdce0489b34e71b9f002fa4d08373fab3ed612af1ccda53e
val,ck2bxlujamu330725szlc2jdu,C:\LeDucLuong\HK VII\LuanCuNhan\DeepLearning\Test_Mau\archive\Kvasir-SEG\Kvasir-SEG\images\ck2bxlujamu330725szlc2jdu.jpg,C:\LeDucLuong\HK VII\LuanCuNhan\DeepLearning\Test_Mau\archive\Kvasir-SEG\Kvasir-SEG\masks\ck2bxlujamu330725szlc2jdu.jpg,val/images/ck2bxlujamu330725szlc2jdu.jpg,val/masks_original/ck2bxlujamu330725szlc2jdu.jpg,val/masks_binary/ck2bxlujamu330725szlc2jdu.png,f0ac382bf33238d3d2bc423137a51358d6bfcfc4e8ca60dd52d1008fff571579,3cd99b719f17cf9ef63852966eb0f899d584fab5cc0295a623d9de378dbb935b
val,ck2bxpfgxu2mk0748gsh7xelu,C:\LeDucLuong\HK VII\LuanCuNhan\DeepLearning\Test_Mau\archive\Kvasir-SEG\Kvasir-SEG\images\ck2bxpfgxu2mk0748gsh7xelu.jpg,C:\LeDucLuong\HK VII\LuanCuNhan\DeepLearning\Test_Mau\archive\Kvasir-SEG\Kvasir-SEG\masks\ck2bxpfgxu2mk0748gsh7xelu.jpg,val/images/ck2bxpfgxu2mk0748gsh7xelu.jpg,val/masks_original/ck2bxpfgxu2mk0748gsh7xelu.jpg,val/masks_binary/ck2bxpfgxu2mk0748gsh7xelu.png,7111928ef6d87019e65275eb6296b0ee4c4c266475ac48b7e9bc095896e13402,d0f92934521190deb83162efe4d222a4a15b4bb2b034a7be115e4fe483bd3443
val,ck2bxqz3evvg20794iiyv5v2m,C:\LeDucLuong\HK VII\LuanCuNhan\DeepLearning\Test_Mau\archive\Kvasir-SEG\Kvasir-SEG\images\ck2bxqz3evvg20794iiyv5v2m.jpg,C:\LeDucLuong\HK VII\LuanCuNhan\DeepLearning\Test_Mau\archive\Kvasir-SEG\Kvasir-SEG\masks\ck2bxqz3evvg20794iiyv5v2m.jpg,val/images/ck2bxqz3evvg20794iiyv5v2m.jpg,val/masks_original/ck2bxqz3evvg20794iiyv5v2m.jpg,val/masks_binary/ck2bxqz3evvg20794iiyv5v2m.png,1ac6508a32903978750cdd4e2b47dc340842deac1bb55f3ea40fbb7fec8c392a,a5a3191b360e8490aa4e90092fe48cd2a055cceffbc3984423cc972b0e0e804d
val,ck2bxskgxxzfv08386xkqtqdy,C:\LeDucLuong\HK VII\LuanCuNhan\DeepLearning\Test_Mau\archive\Kvasir-SEG\Kvasir-SEG\images\ck2bxskgxxzfv08386xkqtqdy.jpg,C:\LeDucLuong\HK VII\LuanCuNhan\DeepLearning\Test_Mau\archive\Kvasir-SEG\Kvasir-SEG\masks\ck2bxskgxxzfv08386xkqtqdy.jpg,val/images/ck2bxskgxxzfv08386xkqtqdy.jpg,val/masks_original/ck2bxskgxxzfv08386xkqtqdy.jpg,val/masks_binary/ck2bxskgxxzfv08386xkqtqdy.png,6b24ce62d958ee008e2a95f70228ab6bc6dc688275b61d8d7330c2d7f1c05795,48e71eaaf2bb3c70d0af6b6785eee2b64b18200858951b20d89eb336a9b0f792
val,ck2bxw18mmz1k0725litqq2mc,C:\LeDucLuong\HK VII\LuanCuNhan\DeepLearning\Test_Mau\archive\Kvasir-SEG\Kvasir-SEG\images\ck2bxw18mmz1k0725litqq2mc.jpg,C:\LeDucLuong\HK VII\LuanCuNhan\DeepLearning\Test_Mau\archive\Kvasir-SEG\Kvasir-SEG\masks\ck2bxw18mmz1k0725litqq2mc.jpg,val/images/ck2bxw18mmz1k0725litqq2mc.jpg,val/masks_original/ck2bxw18mmz1k0725litqq2mc.jpg,val/masks_binary/ck2bxw18mmz1k0725litqq2mc.png,17e173dc9c1e64389ef89908fdd9f1f29532148bf128bb255210825a48844fa1,d061019045065fc300ecf5c5c03e49cc1a6bef04a6ee633d7f2328837a459327
val,ck2da7fwcjfis07218r1rvm95,C:\LeDucLuong\HK VII\LuanCuNhan\DeepLearning\Test_Mau\archive\Kvasir-SEG\Kvasir-SEG\images\ck2da7fwcjfis07218r1rvm95.jpg,C:\LeDucLuong\HK VII\LuanCuNhan\DeepLearning\Test_Mau\archive\Kvasir-SEG\Kvasir-SEG\masks\ck2da7fwcjfis07218r1rvm95.jpg,val/images/ck2da7fwcjfis07218r1rvm95.jpg,val/masks_original/ck2da7fwcjfis07218r1rvm95.jpg,val/masks_binary/ck2da7fwcjfis07218r1rvm95.png,2a502704e9b82540601938d21cfa3050485dcbba826fb4eb7fd7cdb1afbb378d,c7622af19f2766ec6dee7cc0d3a48d77a2b580ed3f59525932dee6c5687b86c7
val,cju85nr8elly209872w9n5m0s,C:\LeDucLuong\HK VII\LuanCuNhan\DeepLearning\Test_Mau\archive\Kvasir-SEG\Kvasir-SEG\images\cju85nr8elly209872w9n5m0s.jpg,C:\LeDucLuong\HK VII\LuanCuNhan\DeepLearning\Test_Mau\archive\Kvasir-SEG\Kvasir-SEG\masks\cju85nr8elly209872w9n5m0s.jpg,val/images/cju85nr8elly209872w9n5m0s.jpg,val/masks_original/cju85nr8elly209872w9n5m0s.jpg,val/masks_binary/cju85nr8elly209872w9n5m0s.png,e6d2b30c1d3659e2c9314c06734c698ceeb4ded1cf4436d9dbedcd2a67bfe3fc,9459a0a1f79e4456226bd38812a5e450bf526437e3ab4be22d58bf041535a497
val,cju85omszllp30850b6rm9mi3,C:\LeDucLuong\HK VII\LuanCuNhan\DeepLearning\Test_Mau\archive\Kvasir-SEG\Kvasir-SEG\images\cju85omszllp30850b6rm9mi3.jpg,C:\LeDucLuong\HK VII\LuanCuNhan\DeepLearning\Test_Mau\archive\Kvasir-SEG\Kvasir-SEG\masks\cju85omszllp30850b6rm9mi3.jpg,val/images/cju85omszllp30850b6rm9mi3.jpg,val/masks_original/cju85omszllp30850b6rm9mi3.jpg,val/masks_binary/cju85omszllp30850b6rm9mi3.png,fca93a3d985666ca4af709341ae4b830332866a0ff81f7b546a1f015d24cefe3,d55198fc8d58f72ed2323a05e59c6ebb2b414409a95a47c8f5c061eb398966f8
val,cju85plp7lmkw0850rx42jdpf,C:\LeDucLuong\HK VII\LuanCuNhan\DeepLearning\Test_Mau\archive\Kvasir-SEG\Kvasir-SEG\images\cju85plp7lmkw0850rx42jdpf.jpg,C:\LeDucLuong\HK VII\LuanCuNhan\DeepLearning\Test_Mau\archive\Kvasir-SEG\Kvasir-SEG\masks\cju85plp7lmkw0850rx42jdpf.jpg,val/images/cju85plp7lmkw0850rx42jdpf.jpg,val/masks_original/cju85plp7lmkw0850rx42jdpf.jpg,val/masks_binary/cju85plp7lmkw0850rx42jdpf.png,249f3ebd7b39d2b38815254c7fca28315c5570cc1f20c41d247727f7fdfde57d,45b60f94e1f50964a63618e952068ce942c61006744176e728a2cbf1fb2401e9
val,cju85qefyln6v0850szeb9byi,C:\LeDucLuong\HK VII\LuanCuNhan\DeepLearning\Test_Mau\archive\Kvasir-SEG\Kvasir-SEG\images\cju85qefyln6v0850szeb9byi.jpg,C:\LeDucLuong\HK VII\LuanCuNhan\DeepLearning\Test_Mau\archive\Kvasir-SEG\Kvasir-SEG\masks\cju85qefyln6v0850szeb9byi.jpg,val/images/cju85qefyln6v0850szeb9byi.jpg,val/masks_original/cju85qefyln6v0850szeb9byi.jpg,val/masks_binary/cju85qefyln6v0850szeb9byi.png,62c978e04bb9fe0e42b9fea1fb53cecf7fd1d01c27fab08b485b6fec5fe97922,2178b7af402dd1e68695877748d16bd17a3546fd9774d1ad0be621fe306eacad
val,cju85rkbnlo1c08503uxcpax1,C:\LeDucLuong\HK VII\LuanCuNhan\DeepLearning\Test_Mau\archive\Kvasir-SEG\Kvasir-SEG\images\cju85rkbnlo1c08503uxcpax1.jpg,C:\LeDucLuong\HK VII\LuanCuNhan\DeepLearning\Test_Mau\archive\Kvasir-SEG\Kvasir-SEG\masks\cju85rkbnlo1c08503uxcpax1.jpg,val/images/cju85rkbnlo1c08503uxcpax1.jpg,val/masks_original/cju85rkbnlo1c08503uxcpax1.jpg,val/masks_binary/cju85rkbnlo1c08503uxcpax1.png,332f834a2deff5e2322386b2b1c01a2da4e68b6b1375c98f9ea89fbfadb1b85c,1cdcfe6285915e2c90fd374b76edf99c9914aea16eb4cf9cb206fcdc2a5072c0
val,cju87kbcen2av0987usezo8kn,C:\LeDucLuong\HK VII\LuanCuNhan\DeepLearning\Test_Mau\archive\Kvasir-SEG\Kvasir-SEG\images\cju87kbcen2av0987usezo8kn.jpg,C:\LeDucLuong\HK VII\LuanCuNhan\DeepLearning\Test_Mau\archive\Kvasir-SEG\Kvasir-SEG\masks\cju87kbcen2av0987usezo8kn.jpg,val/images/cju87kbcen2av0987usezo8kn.jpg,val/masks_original/cju87kbcen2av0987usezo8kn.jpg,val/masks_binary/cju87kbcen2av0987usezo8kn.png,6fb91de484ba6028e209181c6fd5627a243d940d9fac8e0ff514c1e8077177d0,b31892b8ae4c81526a57ac4738cb0b2642d60189b727a1606a9b1318f4ba8b4a
val,cju87li0zn3yb0817kbwgjiz8,C:\LeDucLuong\HK VII\LuanCuNhan\DeepLearning\Test_Mau\archive\Kvasir-SEG\Kvasir-SEG\images\cju87li0zn3yb0817kbwgjiz8.jpg,C:\LeDucLuong\HK VII\LuanCuNhan\DeepLearning\Test_Mau\archive\Kvasir-SEG\Kvasir-SEG\masks\cju87li0zn3yb0817kbwgjiz8.jpg,val/images/cju87li0zn3yb0817kbwgjiz8.jpg,val/masks_original/cju87li0zn3yb0817kbwgjiz8.jpg,val/masks_binary/cju87li0zn3yb0817kbwgjiz8.png,1eba5b3e5103aafd3470861bd7a69a4dfb032e9037db8c48c344aa5e31cdea1e,c8653237de1fff01bfb6b79f6e1518cb61a6d2038512eaa7df656b78c2652c45
val,cju87mrypnb1e0818scv1mxxg,C:\LeDucLuong\HK VII\LuanCuNhan\DeepLearning\Test_Mau\archive\Kvasir-SEG\Kvasir-SEG\images\cju87mrypnb1e0818scv1mxxg.jpg,C:\LeDucLuong\HK VII\LuanCuNhan\DeepLearning\Test_Mau\archive\Kvasir-SEG\Kvasir-SEG\masks\cju87mrypnb1e0818scv1mxxg.jpg,val/images/cju87mrypnb1e0818scv1mxxg.jpg,val/masks_original/cju87mrypnb1e0818scv1mxxg.jpg,val/masks_binary/cju87mrypnb1e0818scv1mxxg.png,4950262539c375be44a4339c62cf864cd3e54416e08576c4a0ee44ba318eb391,baf5e867428d593aabb9a6db0436499bf83adf69143d97b15d3901dac3541e16
val,cju87nkyrnb970801q84m47yt,C:\LeDucLuong\HK VII\LuanCuNhan\DeepLearning\Test_Mau\archive\Kvasir-SEG\Kvasir-SEG\images\cju87nkyrnb970801q84m47yt.jpg,C:\LeDucLuong\HK VII\LuanCuNhan\DeepLearning\Test_Mau\archive\Kvasir-SEG\Kvasir-SEG\masks\cju87nkyrnb970801q84m47yt.jpg,val/images/cju87nkyrnb970801q84m47yt.jpg,val/masks_original/cju87nkyrnb970801q84m47yt.jpg,val/masks_binary/cju87nkyrnb970801q84m47yt.png,3c50f54ae3be9e55b445ac368d395d54de9e389d9cca253b385ee10bd563ed32,916c8483d4dfb7b3c8ab02a873609e50e849d237f74660382bca91dbfc7735ef
val,cju87ox0kncom0801b98hqnd2,C:\LeDucLuong\HK VII\LuanCuNhan\DeepLearning\Test_Mau\archive\Kvasir-SEG\Kvasir-SEG\images\cju87ox0kncom0801b98hqnd2.jpg,C:\LeDucLuong\HK VII\LuanCuNhan\DeepLearning\Test_Mau\archive\Kvasir-SEG\Kvasir-SEG\masks\cju87ox0kncom0801b98hqnd2.jpg,val/images/cju87ox0kncom0801b98hqnd2.jpg,val/masks_original/cju87ox0kncom0801b98hqnd2.jpg,val/masks_binary/cju87ox0kncom0801b98hqnd2.png,a873f2a6708ca6ec8de85fc7cb7bd6f17b3a5a9048ee5c93d4279993c8262b10,347b930b446c7ffcd359ed95d9b64aeeb53877c0090debd888f7fbb58afdd224
val,cju87q6yoneim0871dl4phvkd,C:\LeDucLuong\HK VII\LuanCuNhan\DeepLearning\Test_Mau\archive\Kvasir-SEG\Kvasir-SEG\images\cju87q6yoneim0871dl4phvkd.jpg,C:\LeDucLuong\HK VII\LuanCuNhan\DeepLearning\Test_Mau\archive\Kvasir-SEG\Kvasir-SEG\masks\cju87q6yoneim0871dl4phvkd.jpg,val/images/cju87q6yoneim0871dl4phvkd.jpg,val/masks_original/cju87q6yoneim0871dl4phvkd.jpg,val/masks_binary/cju87q6yoneim0871dl4phvkd.png,1fa54ae5b6ffb8089374b75890b9783e4621a25ddfc3cfb2e60f68785edebe95,415a79bb61071003a32fd02544e722b94a7fb2c02ec34c9baf640995706b97f1
val,cju87r56lnkyp0755hz30leew,C:\LeDucLuong\HK VII\LuanCuNhan\DeepLearning\Test_Mau\archive\Kvasir-SEG\Kvasir-SEG\images\cju87r56lnkyp0755hz30leew.jpg,C:\LeDucLuong\HK VII\LuanCuNhan\DeepLearning\Test_Mau\archive\Kvasir-SEG\Kvasir-SEG\masks\cju87r56lnkyp0755hz30leew.jpg,val/images/cju87r56lnkyp0755hz30leew.jpg,val/masks_original/cju87r56lnkyp0755hz30leew.jpg,val/masks_binary/cju87r56lnkyp0755hz30leew.png,0c6f4d033be16b015d7cd3a23f410c25471c68a6920b0d077b97800393de79d1,16ffc8e386c531e4b74b4d94c3587da930a22528c53930eef035b4c28cc00c3a
val,cju87tyddnnad0755bj0wxahe,C:\LeDucLuong\HK VII\LuanCuNhan\DeepLearning\Test_Mau\archive\Kvasir-SEG\Kvasir-SEG\images\cju87tyddnnad0755bj0wxahe.jpg,C:\LeDucLuong\HK VII\LuanCuNhan\DeepLearning\Test_Mau\archive\Kvasir-SEG\Kvasir-SEG\masks\cju87tyddnnad0755bj0wxahe.jpg,val/images/cju87tyddnnad0755bj0wxahe.jpg,val/masks_original/cju87tyddnnad0755bj0wxahe.jpg,val/masks_binary/cju87tyddnnad0755bj0wxahe.png,1090d6c02f5bb4973eb855e3f0151ab9323abeb037c53b9f89848faba646aac0,57e95156ea92ed95c179ba07d89858dda7c4c1e8b4f0585d8646eb1fc5b2791d
val,cju87vqa0ndwg0850onjdz7ol,C:\LeDucLuong\HK VII\LuanCuNhan\DeepLearning\Test_Mau\archive\Kvasir-SEG\Kvasir-SEG\images\cju87vqa0ndwg0850onjdz7ol.jpg,C:\LeDucLuong\HK VII\LuanCuNhan\DeepLearning\Test_Mau\archive\Kvasir-SEG\Kvasir-SEG\masks\cju87vqa0ndwg0850onjdz7ol.jpg,val/images/cju87vqa0ndwg0850onjdz7ol.jpg,val/masks_original/cju87vqa0ndwg0850onjdz7ol.jpg,val/masks_binary/cju87vqa0ndwg0850onjdz7ol.png,ac818be3788142eb11d2a5fdfa34d76cf18f7dbc21cfc3cc7176cd30106f713f,0634fe1eac88bc1dec635d019d5aa3c3a22a125fde2be457a00d3c700e2fa156
val,cju87xn2snfmv0987sc3d9xnq,C:\LeDucLuong\HK VII\LuanCuNhan\DeepLearning\Test_Mau\archive\Kvasir-SEG\Kvasir-SEG\images\cju87xn2snfmv0987sc3d9xnq.jpg,C:\LeDucLuong\HK VII\LuanCuNhan\DeepLearning\Test_Mau\archive\Kvasir-SEG\Kvasir-SEG\masks\cju87xn2snfmv0987sc3d9xnq.jpg,val/images/cju87xn2snfmv0987sc3d9xnq.jpg,val/masks_original/cju87xn2snfmv0987sc3d9xnq.jpg,val/masks_binary/cju87xn2snfmv0987sc3d9xnq.png,eff8b20295d23f104f648cca37e14837628788555c79b73e6db4c322762072d9,412d87a6b8feb0526854fe02a1e667bc50ce64c20c386c65fec0827ef1c2401c
val,cju87z6o6nh73085045bzsx6o,C:\LeDucLuong\HK VII\LuanCuNhan\DeepLearning\Test_Mau\archive\Kvasir-SEG\Kvasir-SEG\images\cju87z6o6nh73085045bzsx6o.jpg,C:\LeDucLuong\HK VII\LuanCuNhan\DeepLearning\Test_Mau\archive\Kvasir-SEG\Kvasir-SEG\masks\cju87z6o6nh73085045bzsx6o.jpg,val/images/cju87z6o6nh73085045bzsx6o.jpg,val/masks_original/cju87z6o6nh73085045bzsx6o.jpg,val/masks_binary/cju87z6o6nh73085045bzsx6o.png,e918f656db150508bcefcdd16583bcb87b1ac4bb0e455fe68d187b93c19b9d03,18d0b38b764c4244966b6a8aacf34094f1503f4b35308c0c69df7a0890cc1982
val,cju87zv8lni0o0850hbbecbq6,C:\LeDucLuong\HK VII\LuanCuNhan\DeepLearning\Test_Mau\archive\Kvasir-SEG\Kvasir-SEG\images\cju87zv8lni0o0850hbbecbq6.jpg,C:\LeDucLuong\HK VII\LuanCuNhan\DeepLearning\Test_Mau\archive\Kvasir-SEG\Kvasir-SEG\masks\cju87zv8lni0o0850hbbecbq6.jpg,val/images/cju87zv8lni0o0850hbbecbq6.jpg,val/masks_original/cju87zv8lni0o0850hbbecbq6.jpg,val/masks_binary/cju87zv8lni0o0850hbbecbq6.png,8bb0662b421c0c88e8a4a5bd5a4fccfda9be41c5c2bb9f1588e788accf80f11b,6f44a90fe6ec171c4edcc6a13ab385ea6265c55d3b5403ec0a0a949b9bc6112b
val,cju8828oxnool0801qno9luhr,C:\LeDucLuong\HK VII\LuanCuNhan\DeepLearning\Test_Mau\archive\Kvasir-SEG\Kvasir-SEG\images\cju8828oxnool0801qno9luhr.jpg,C:\LeDucLuong\HK VII\LuanCuNhan\DeepLearning\Test_Mau\archive\Kvasir-SEG\Kvasir-SEG\masks\cju8828oxnool0801qno9luhr.jpg,val/images/cju8828oxnool0801qno9luhr.jpg,val/masks_original/cju8828oxnool0801qno9luhr.jpg,val/masks_binary/cju8828oxnool0801qno9luhr.png,865058c78631d5573b29a2eea722781e3f6d52aa5ca0ce25b247eac73823fe3a,22a6a6fe49840c529670640af126639fab8dafa4605a2f9ddbccefa868c3ddd1
val,cju884985nlmx0817vzpax3y4,C:\LeDucLuong\HK VII\LuanCuNhan\DeepLearning\Test_Mau\archive\Kvasir-SEG\Kvasir-SEG\images\cju884985nlmx0817vzpax3y4.jpg,C:\LeDucLuong\HK VII\LuanCuNhan\DeepLearning\Test_Mau\archive\Kvasir-SEG\Kvasir-SEG\masks\cju884985nlmx0817vzpax3y4.jpg,val/images/cju884985nlmx0817vzpax3y4.jpg,val/masks_original/cju884985nlmx0817vzpax3y4.jpg,val/masks_binary/cju884985nlmx0817vzpax3y4.png,e727b120fcdaa5c82733fa8fb32f0ca67c534556237c0e5ac8cf29f8293ed2ff,2a1a0749e1570f90178f79b9c0692f81308fd8f40412ed00303fed1f3e5f4bcb
val,cju7dp3dw2k4n0755zhe003ad,C:\LeDucLuong\HK VII\LuanCuNhan\DeepLearning\Test_Mau\archive\Kvasir-SEG\Kvasir-SEG\images\cju7dp3dw2k4n0755zhe003ad.jpg,C:\LeDucLuong\HK VII\LuanCuNhan\DeepLearning\Test_Mau\archive\Kvasir-SEG\Kvasir-SEG\masks\cju7dp3dw2k4n0755zhe003ad.jpg,val/images/cju7dp3dw2k4n0755zhe003ad.jpg,val/masks_original/cju7dp3dw2k4n0755zhe003ad.jpg,val/masks_binary/cju7dp3dw2k4n0755zhe003ad.png,594b206cc1d6372e4407722ecf265d8939ae49b2399ec931bdb2141beeb8d3e3,b829241d0778fe58624835e11df1ea41ae68ed694c35a118b549d64a0c03bbcb
val,cju7dqcwi2dz00850gcmr2ert,C:\LeDucLuong\HK VII\LuanCuNhan\DeepLearning\Test_Mau\archive\Kvasir-SEG\Kvasir-SEG\images\cju7dqcwi2dz00850gcmr2ert.jpg,C:\LeDucLuong\HK VII\LuanCuNhan\DeepLearning\Test_Mau\archive\Kvasir-SEG\Kvasir-SEG\masks\cju7dqcwi2dz00850gcmr2ert.jpg,val/images/cju7dqcwi2dz00850gcmr2ert.jpg,val/masks_original/cju7dqcwi2dz00850gcmr2ert.jpg,val/masks_binary/cju7dqcwi2dz00850gcmr2ert.png,ed278dc30c39e079fb1c5cd14154bc660850ba14015c5ae16e33b18243db89f1,bf468f1003f4655417464f91a165bce14f0b79c8181db07835b499cdae08d489
val,cju7druhp2gp308715i6km7be,C:\LeDucLuong\HK VII\LuanCuNhan\DeepLearning\Test_Mau\archive\Kvasir-SEG\Kvasir-SEG\images\cju7druhp2gp308715i6km7be.jpg,C:\LeDucLuong\HK VII\LuanCuNhan\DeepLearning\Test_Mau\archive\Kvasir-SEG\Kvasir-SEG\masks\cju7druhp2gp308715i6km7be.jpg,val/images/cju7druhp2gp308715i6km7be.jpg,val/masks_original/cju7druhp2gp308715i6km7be.jpg,val/masks_binary/cju7druhp2gp308715i6km7be.png,e164102fe7291fc64cd01d08923affe622cbb8b898ba29ca224452ba80de1f52,14ef9431e9f0d70d9b11ad5a064ab064b0e64844c15cb10f43de62f95ec0af67
val,cju7dsrtb2f8i085064kwugfk,C:\LeDucLuong\HK VII\LuanCuNhan\DeepLearning\Test_Mau\archive\Kvasir-SEG\Kvasir-SEG\images\cju7dsrtb2f8i085064kwugfk.jpg,C:\LeDucLuong\HK VII\LuanCuNhan\DeepLearning\Test_Mau\archive\Kvasir-SEG\Kvasir-SEG\masks\cju7dsrtb2f8i085064kwugfk.jpg,val/images/cju7dsrtb2f8i085064kwugfk.jpg,val/masks_original/cju7dsrtb2f8i085064kwugfk.jpg,val/masks_binary/cju7dsrtb2f8i085064kwugfk.png,5f489357c6096e63e446573998e083f64e76db0039df32812f1b7c71b1688e45,0291fafb3138b5625e692c49186575fce291e8929c4836c7360257ea8eda2b3e
val,cju7dtb1e2j0t0818deq51ib3,C:\LeDucLuong\HK VII\LuanCuNhan\DeepLearning\Test_Mau\archive\Kvasir-SEG\Kvasir-SEG\images\cju7dtb1e2j0t0818deq51ib3.jpg,C:\LeDucLuong\HK VII\LuanCuNhan\DeepLearning\Test_Mau\archive\Kvasir-SEG\Kvasir-SEG\masks\cju7dtb1e2j0t0818deq51ib3.jpg,val/images/cju7dtb1e2j0t0818deq51ib3.jpg,val/masks_original/cju7dtb1e2j0t0818deq51ib3.jpg,val/masks_binary/cju7dtb1e2j0t0818deq51ib3.png,e9d451e8871ea926c8fa477b0c583af3c57756b19f913b8ca37f84bfd0d89966,e86ca4d3532045e4b7746754b45504d5a22f06b4dd94cc30518596d185418697
val,cju7dubap2g0w0801fgl42mg9,C:\LeDucLuong\HK VII\LuanCuNhan\DeepLearning\Test_Mau\archive\Kvasir-SEG\Kvasir-SEG\images\cju7dubap2g0w0801fgl42mg9.jpg,C:\LeDucLuong\HK VII\LuanCuNhan\DeepLearning\Test_Mau\archive\Kvasir-SEG\Kvasir-SEG\masks\cju7dubap2g0w0801fgl42mg9.jpg,val/images/cju7dubap2g0w0801fgl42mg9.jpg,val/masks_original/cju7dubap2g0w0801fgl42mg9.jpg,val/masks_binary/cju7dubap2g0w0801fgl42mg9.png,21b078912bf082b6b84f105e0eec038bd667080fdbf1f7460582f5e4dcb07856,2bbe5918498c370a3e6b19c89f0a813045ca734f6e30a24ca230ba3655b46574
val,cju7dvl5m2n4t0755hlnnjjet,C:\LeDucLuong\HK VII\LuanCuNhan\DeepLearning\Test_Mau\archive\Kvasir-SEG\Kvasir-SEG\images\cju7dvl5m2n4t0755hlnnjjet.jpg,C:\LeDucLuong\HK VII\LuanCuNhan\DeepLearning\Test_Mau\archive\Kvasir-SEG\Kvasir-SEG\masks\cju7dvl5m2n4t0755hlnnjjet.jpg,val/images/cju7dvl5m2n4t0755hlnnjjet.jpg,val/masks_original/cju7dvl5m2n4t0755hlnnjjet.jpg,val/masks_binary/cju7dvl5m2n4t0755hlnnjjet.png,7c1be90f2c0e21eaf25764f28764e076d4aed5c4996194ce122eeaa309bd3549,36e44a83e1815f8db2e75f38ae41d232bbe657a37c46f90467aa5a389a45211c
val,cju7dwe282dc309876rco45ts,C:\LeDucLuong\HK VII\LuanCuNhan\DeepLearning\Test_Mau\archive\Kvasir-SEG\Kvasir-SEG\images\cju7dwe282dc309876rco45ts.jpg,C:\LeDucLuong\HK VII\LuanCuNhan\DeepLearning\Test_Mau\archive\Kvasir-SEG\Kvasir-SEG\masks\cju7dwe282dc309876rco45ts.jpg,val/images/cju7dwe282dc309876rco45ts.jpg,val/masks_original/cju7dwe282dc309876rco45ts.jpg,val/masks_binary/cju7dwe282dc309876rco45ts.png,dbe54ca5e89f5c11a2da007f9d0a8ac55aa39c8f2c1746f58ae85b9e6b6a3156,4e477378a6f45164b17b258d6fe2c6e93bd568b735eec6fa13d295bdb3e5e3f8
val,cju7dxffn2eam0817qxosfwch,C:\LeDucLuong\HK VII\LuanCuNhan\DeepLearning\Test_Mau\archive\Kvasir-SEG\Kvasir-SEG\images\cju7dxffn2eam0817qxosfwch.jpg,C:\LeDucLuong\HK VII\LuanCuNhan\DeepLearning\Test_Mau\archive\Kvasir-SEG\Kvasir-SEG\masks\cju7dxffn2eam0817qxosfwch.jpg,val/images/cju7dxffn2eam0817qxosfwch.jpg,val/masks_original/cju7dxffn2eam0817qxosfwch.jpg,val/masks_binary/cju7dxffn2eam0817qxosfwch.png,32d2042f8d5035ca8a47ac01fe5ea331e4b680d52cbe05b327a68550bbb93184,b44bfa6eec202757280ff8008301c2a84dc2fb9b8dfa06ad9736549f5469e0dc
val,cju7dymur2od30755eg8yv2ht,C:\LeDucLuong\HK VII\LuanCuNhan\DeepLearning\Test_Mau\archive\Kvasir-SEG\Kvasir-SEG\images\cju7dymur2od30755eg8yv2ht.jpg,C:\LeDucLuong\HK VII\LuanCuNhan\DeepLearning\Test_Mau\archive\Kvasir-SEG\Kvasir-SEG\masks\cju7dymur2od30755eg8yv2ht.jpg,val/images/cju7dymur2od30755eg8yv2ht.jpg,val/masks_original/cju7dymur2od30755eg8yv2ht.jpg,val/masks_binary/cju7dymur2od30755eg8yv2ht.png,0445a1bb865daf9a166a0fdd20cbabef38c53e3967be708eed9479cda7e23f56,3e85c408250125ae252a22cb91653768970c3da72338da35704f36fac4e8f088
val,cju7dz5yy2i7z0801ausi7rna,C:\LeDucLuong\HK VII\LuanCuNhan\DeepLearning\Test_Mau\archive\Kvasir-SEG\Kvasir-SEG\images\cju7dz5yy2i7z0801ausi7rna.jpg,C:\LeDucLuong\HK VII\LuanCuNhan\DeepLearning\Test_Mau\archive\Kvasir-SEG\Kvasir-SEG\masks\cju7dz5yy2i7z0801ausi7rna.jpg,val/images/cju7dz5yy2i7z0801ausi7rna.jpg,val/masks_original/cju7dz5yy2i7z0801ausi7rna.jpg,val/masks_binary/cju7dz5yy2i7z0801ausi7rna.png,17e70b166419679599feea9698fea010de3cedcb92b6afcd23eae37185ab9869,1fa9a900f89cf8d76053076dc0eeaf1c82532f1e26233330f503bf5f561a4647
val,cju7ea4om2l910801bohqjccy,C:\LeDucLuong\HK VII\LuanCuNhan\DeepLearning\Test_Mau\archive\Kvasir-SEG\Kvasir-SEG\images\cju7ea4om2l910801bohqjccy.jpg,C:\LeDucLuong\HK VII\LuanCuNhan\DeepLearning\Test_Mau\archive\Kvasir-SEG\Kvasir-SEG\masks\cju7ea4om2l910801bohqjccy.jpg,val/images/cju7ea4om2l910801bohqjccy.jpg,val/masks_original/cju7ea4om2l910801bohqjccy.jpg,val/masks_binary/cju7ea4om2l910801bohqjccy.png,cba69b8991f594bde0626b85dcbdfed559fbfa4c0f2f41fdd7929aa0a385218e,3461cb04769fa5827e909e5691427ba65f211c9f5df097c49e7e0ec7d0fc0eb3
val,cju7ebe962hr409872ovibahw,C:\LeDucLuong\HK VII\LuanCuNhan\DeepLearning\Test_Mau\archive\Kvasir-SEG\Kvasir-SEG\images\cju7ebe962hr409872ovibahw.jpg,C:\LeDucLuong\HK VII\LuanCuNhan\DeepLearning\Test_Mau\archive\Kvasir-SEG\Kvasir-SEG\masks\cju7ebe962hr409872ovibahw.jpg,val/images/cju7ebe962hr409872ovibahw.jpg,val/masks_original/cju7ebe962hr409872ovibahw.jpg,val/masks_binary/cju7ebe962hr409872ovibahw.png,3490dbc374d9bd5e0b6d97649f47a86b5d86b2e34a6c2ca21217b1c066afc198,c409fc6a3ecc0a41b5eb172dee21c7d147d417743e16a4e4266853f15c134e9b
val,cju7ecl9i2i060987xawjp4l0,C:\LeDucLuong\HK VII\LuanCuNhan\DeepLearning\Test_Mau\archive\Kvasir-SEG\Kvasir-SEG\images\cju7ecl9i2i060987xawjp4l0.jpg,C:\LeDucLuong\HK VII\LuanCuNhan\DeepLearning\Test_Mau\archive\Kvasir-SEG\Kvasir-SEG\masks\cju7ecl9i2i060987xawjp4l0.jpg,val/images/cju7ecl9i2i060987xawjp4l0.jpg,val/masks_original/cju7ecl9i2i060987xawjp4l0.jpg,val/masks_binary/cju7ecl9i2i060987xawjp4l0.png,40be1a0d7e5774800fa2af5dc1b74b0287edeee8c3dd13bbfb7fc7bc1b3767ee,0d1437f9c1ffedd32d173a7b92bdf83383e6738ad8770243837f9f425fae5173
val,cju7eea9b2m0z0801ynqv1fqu,C:\LeDucLuong\HK VII\LuanCuNhan\DeepLearning\Test_Mau\archive\Kvasir-SEG\Kvasir-SEG\images\cju7eea9b2m0z0801ynqv1fqu.jpg,C:\LeDucLuong\HK VII\LuanCuNhan\DeepLearning\Test_Mau\archive\Kvasir-SEG\Kvasir-SEG\masks\cju7eea9b2m0z0801ynqv1fqu.jpg,val/images/cju7eea9b2m0z0801ynqv1fqu.jpg,val/masks_original/cju7eea9b2m0z0801ynqv1fqu.jpg,val/masks_binary/cju7eea9b2m0z0801ynqv1fqu.png,84c35223c13ccef0d5fb083f683dbb13cdfaaedfb52ae042fefa9ba9831484f0,2847febbd8a9c8731f00dfb0644e24eab83e6c2d90269e30c980c026f42d5a38
